-- Lam Sơn Invest — Metadata
USE construction_re_demo;

-- _meta_tables
INSERT INTO _meta_tables (table_name, table_type, description_vi, description_en, row_count_approx, grain) VALUES
('regions', 'dimension', 'Danh mục khu vực hành chính tỉnh Thái Bình', 'Administrative regions in Thai Binh province', 8, '1 dòng = 1 huyện/thành phố'),
('cost_categories', 'dimension', 'Phân loại 5 hạng mục chi phí trong thi công xây dựng', '5 construction cost categories', 5, '1 dòng = 1 hạng mục chi phí'),
('materials', 'dimension', 'Danh mục nguyên vật liệu xây dựng chính', 'Main construction materials catalog', 8, '1 dòng = 1 loại vật liệu'),
('subcontractors', 'dimension', 'Danh mục nhà thầu phụ hợp tác', 'Subcontractors list', 6, '1 dòng = 1 nhà thầu phụ'),
('counterparties', 'dimension', 'Danh mục đối tác kinh doanh', 'Business partners catalog', 10, '1 dòng = 1 đối tác'),
('re_unit_types', 'dimension', 'Phân loại sản phẩm bất động sản', 'Real estate product types', 5, '1 dòng = 1 loại sản phẩm'),
('projects', 'dimension', 'Danh mục dự án thi công + BĐS', 'All projects (construction + RE)', 10, '1 dòng = 1 dự án'),
('project_milestones', 'fact', 'Mốc tiến độ dự án — so sánh kế hoạch vs thực tế', 'Project milestones planned vs actual', 60, '1 dòng = 1 mốc tiến độ'),
('cost_items', 'fact', 'Chi phí phát sinh theo dự án × hạng mục × tháng', 'Monthly cost items by project and category', 400, '1 dòng = 1 dự án × 1 hạng mục × 1 tháng'),
('material_purchases', 'fact', 'Chi tiết từng lần mua nguyên vật liệu', 'Material purchase orders', 300, '1 dòng = 1 PO line'),
('material_price_index', 'fact', 'Chỉ số giá vật liệu xây dựng theo tháng', 'Monthly material price index', 144, '1 dòng = 1 vật liệu × 1 tháng'),
('project_financials', 'fact', 'P&L theo dự án × tháng', 'Monthly P&L by project', 140, '1 dòng = 1 dự án × 1 tháng'),
('bid_history', 'fact', 'Lịch sử đấu thầu', 'Bidding history', 15, '1 dòng = 1 gói thầu'),
('receivables', 'fact', 'Công nợ phải thu từ chủ đầu tư / khách hàng', 'Accounts receivable', 50, '1 dòng = 1 khoản thu'),
('payables', 'fact', 'Công nợ phải trả — NTP, NCC, lãi vay', 'Accounts payable', 80, '1 dòng = 1 khoản trả'),
('cash_flow_actual', 'fact', 'Dòng tiền thực tế theo tháng — tổng hợp công ty', 'Monthly actual cash flow', 18, '1 dòng = 1 tháng'),
('real_estate_units', 'fact', 'Chi tiết từng sản phẩm BĐS (căn/lô)', 'Individual RE units', 320, '1 dòng = 1 căn/lô'),
('re_sales_monthly', 'fact', 'Thống kê bán hàng BĐS theo dự án × tháng', 'Monthly RE sales aggregation', 60, '1 dòng = 1 dự án × 1 tháng'),
('project_financing', 'fact', 'Khoản vay ngân hàng theo dự án', 'Project loans', 5, '1 dòng = 1 khoản vay');

-- _meta_columns
INSERT INTO _meta_columns (table_name, column_name, data_type, description_vi, unit, is_key, fk_references) VALUES
('projects', 'project_id', 'VARCHAR(10)', 'Mã dự án: TC-xxx (thi công), BDS-xxx (bất động sản)', NULL, 1, NULL),
('projects', 'project_name', 'VARCHAR(200)', 'Tên dự án đầy đủ', NULL, 0, NULL),
('projects', 'project_type', 'ENUM', 'Loại dự án: thi_cong hoặc bat_dong_san', NULL, 0, NULL),
('projects', 'project_subtype', 'VARCHAR(50)', 'Phân loại chi tiết: giao_thong, dan_dung, thuy_loi, ha_tang, khu_do_thi, shophouse, dat_nen, khu_dan_cu, khu_cong_nghiep', NULL, 0, NULL),
('projects', 'region_id', 'INT', 'Khu vực triển khai dự án', NULL, 1, 'regions.region_id'),
('projects', 'client', 'VARCHAR(200)', 'Chủ đầu tư / khách hàng', NULL, 0, NULL),
('projects', 'contract_value', 'BIGINT', 'Giá trị hợp đồng / tổng mức đầu tư', 'triệu VND', 0, NULL),
('projects', 'planned_budget', 'BIGINT', 'Tổng dự toán chi phí', 'triệu VND', 0, NULL),
('projects', 'actual_cost_to_date', 'BIGINT', 'Chi phí thực tế lũy kế', 'triệu VND', 0, NULL),
('projects', 'planned_progress_pct', 'DECIMAL(5,2)', 'Tiến độ kế hoạch hiện tại', '%', 0, NULL),
('projects', 'actual_progress_pct', 'DECIMAL(5,2)', 'Tiến độ thực tế hiện tại', '%', 0, NULL),
('projects', 'status', 'ENUM', 'Trạng thái: chuan_bi, dang_thi_cong, tam_dung, hoan_thanh, bao_hanh', NULL, 0, NULL),
('projects', 'total_units', 'INT', 'Tổng sản phẩm BĐS (NULL nếu thi công)', 'căn/lô', 0, NULL),
('projects', 'sold_units', 'INT', 'Số sản phẩm đã bán (NULL nếu thi công)', 'căn/lô', 0, NULL),
('projects', 'sales_start_date', 'DATE', 'Ngày mở bán BĐS', NULL, 0, NULL),
('cost_items', 'project_id', 'VARCHAR(10)', 'Mã dự án', NULL, 1, 'projects.project_id'),
('cost_items', 'category_id', 'INT', 'Hạng mục chi phí', NULL, 1, 'cost_categories.category_id'),
('cost_items', 'cost_month', 'DATE', 'Tháng phát sinh (ngày đầu tháng)', NULL, 0, NULL),
('cost_items', 'planned_amount', 'BIGINT', 'Chi phí kế hoạch', 'triệu VND', 0, NULL),
('cost_items', 'actual_amount', 'BIGINT', 'Chi phí thực tế', 'triệu VND', 0, NULL),
('material_purchases', 'project_id', 'VARCHAR(10)', 'Mã dự án', NULL, 1, 'projects.project_id'),
('material_purchases', 'material_id', 'INT', 'Loại vật liệu', NULL, 1, 'materials.material_id'),
('material_purchases', 'purchase_date', 'DATE', 'Ngày mua', NULL, 0, NULL),
('material_purchases', 'unit_price', 'BIGINT', 'Đơn giá mua', 'VND/đơn vị', 0, NULL),
('material_purchases', 'quantity', 'DECIMAL(12,2)', 'Số lượng mua', 'theo đơn vị vật liệu', 0, NULL),
('material_purchases', 'total_amount', 'BIGINT', 'Thành tiền', 'triệu VND', 0, NULL),
('material_price_index', 'material_id', 'INT', 'Loại vật liệu', NULL, 1, 'materials.material_id'),
('material_price_index', 'price_month', 'DATE', 'Tháng (ngày đầu tháng)', NULL, 0, NULL),
('material_price_index', 'market_avg_price', 'BIGINT', 'Giá trung bình thị trường', 'VND/đơn vị', 0, NULL),
('material_price_index', 'market_min_price', 'BIGINT', 'Giá thấp nhất thị trường', 'VND/đơn vị', 0, NULL),
('material_price_index', 'market_max_price', 'BIGINT', 'Giá cao nhất thị trường', 'VND/đơn vị', 0, NULL),
('project_financials', 'project_id', 'VARCHAR(10)', 'Mã dự án', NULL, 1, 'projects.project_id'),
('project_financials', 'fin_month', 'DATE', 'Tháng tài chính', NULL, 0, NULL),
('project_financials', 'revenue_recognized', 'BIGINT', 'Doanh thu ghi nhận trong tháng', 'triệu VND', 0, NULL),
('project_financials', 'cogs', 'BIGINT', 'Giá vốn / chi phí trực tiếp', 'triệu VND', 0, NULL),
('project_financials', 'gross_profit', 'BIGINT', 'Lợi nhuận gộp', 'triệu VND', 0, NULL),
('project_financials', 'gross_margin_pct', 'DECIMAL(5,2)', 'Biên lợi nhuận gộp', '%', 0, NULL),
('bid_history', 'project_id', 'VARCHAR(10)', 'Mã dự án (NULL nếu chưa gắn/thất bại)', NULL, 1, 'projects.project_id'),
('bid_history', 'tender_name', 'VARCHAR(300)', 'Tên gói thầu', NULL, 0, NULL),
('bid_history', 'estimated_value', 'BIGINT', 'Giá gói thầu (dự toán)', 'triệu VND', 0, NULL),
('bid_history', 'bid_price', 'BIGINT', 'Giá dự thầu của Lam Sơn', 'triệu VND', 0, NULL),
('bid_history', 'bid_ratio', 'DECIMAL(5,4)', 'Tỷ lệ giá thầu = bid_price / estimated_value', NULL, 0, NULL),
('bid_history', 'competitors_count', 'INT', 'Số nhà thầu cạnh tranh', NULL, 0, NULL),
('bid_history', 'result', 'ENUM', 'Kết quả: trung_thau hoặc that_bai', NULL, 0, NULL),
('receivables', 'project_id', 'VARCHAR(10)', 'Mã dự án', NULL, 1, 'projects.project_id'),
('receivables', 'amount', 'BIGINT', 'Số tiền phải thu', 'triệu VND', 0, NULL),
('receivables', 'due_date', 'DATE', 'Ngày đáo hạn', NULL, 0, NULL),
('receivables', 'expected_collection_date', 'DATE', 'Ngày dự kiến thu (NULL nếu không chắc)', NULL, 0, NULL),
('receivables', 'status', 'ENUM', 'Trạng thái: chua_thanh_toan, da_thanh_toan, qua_han, du_kien', NULL, 0, NULL),
('payables', 'project_id', 'VARCHAR(10)', 'Mã dự án', NULL, 1, 'projects.project_id'),
('payables', 'category', 'ENUM', 'Loại: nha_thau_phu, vat_lieu, nhan_cong, thue, lai_vay, khac', NULL, 0, NULL),
('payables', 'amount', 'BIGINT', 'Số tiền phải trả', 'triệu VND', 0, NULL),
('payables', 'due_date', 'DATE', 'Ngày đáo hạn', NULL, 0, NULL),
('payables', 'status', 'ENUM', 'Trạng thái: chua_thanh_toan, da_thanh_toan, qua_han', NULL, 0, NULL),
('cash_flow_actual', 'flow_month', 'DATE', 'Tháng (ngày đầu tháng)', NULL, 0, NULL),
('cash_flow_actual', 'opening_balance', 'BIGINT', 'Số dư đầu kỳ', 'triệu VND', 0, NULL),
('cash_flow_actual', 'total_inflow', 'BIGINT', 'Tổng dòng tiền vào', 'triệu VND', 0, NULL),
('cash_flow_actual', 'total_outflow', 'BIGINT', 'Tổng dòng tiền ra', 'triệu VND', 0, NULL),
('cash_flow_actual', 'net_cash_flow', 'BIGINT', 'Dòng tiền thuần', 'triệu VND', 0, NULL),
('cash_flow_actual', 'closing_balance', 'BIGINT', 'Số dư cuối kỳ', 'triệu VND', 0, NULL),
('real_estate_units', 'project_id', 'VARCHAR(10)', 'Mã dự án BĐS', NULL, 1, 'projects.project_id'),
('real_estate_units', 'unit_type_id', 'INT', 'Loại sản phẩm', NULL, 1, 're_unit_types.unit_type_id'),
('real_estate_units', 'unit_code', 'VARCHAR(30)', 'Mã căn/lô', NULL, 0, NULL),
('real_estate_units', 'area_m2', 'DECIMAL(10,2)', 'Diện tích', 'm²', 0, NULL),
('real_estate_units', 'listed_price', 'BIGINT', 'Giá niêm yết', 'triệu VND', 0, NULL),
('real_estate_units', 'actual_price', 'BIGINT', 'Giá bán thực tế (NULL nếu chưa bán)', 'triệu VND', 0, NULL),
('real_estate_units', 'status', 'ENUM', 'Trạng thái: chua_ban, dat_coc, da_ban, da_ban_giao', NULL, 0, NULL),
('real_estate_units', 'listing_date', 'DATE', 'Ngày đưa vào bán', NULL, 0, NULL),
('real_estate_units', 'sale_date', 'DATE', 'Ngày ký HĐMB', NULL, 0, NULL),
('real_estate_units', 'buyer_type', 'ENUM', 'Loại khách: ca_nhan, dau_tu, doanh_nghiep', NULL, 0, NULL),
('re_sales_monthly', 'project_id', 'VARCHAR(10)', 'Mã dự án BĐS', NULL, 1, 'projects.project_id'),
('re_sales_monthly', 'sales_month', 'DATE', 'Tháng', NULL, 0, NULL),
('re_sales_monthly', 'units_sold', 'INT', 'Số sản phẩm bán trong tháng', 'căn/lô', 0, NULL),
('re_sales_monthly', 'revenue', 'BIGINT', 'Doanh thu bán hàng', 'triệu VND', 0, NULL),
('re_sales_monthly', 'units_available', 'INT', 'Số sản phẩm còn lại', 'căn/lô', 0, NULL),
('project_financing', 'project_id', 'VARCHAR(10)', 'Mã dự án', NULL, 1, 'projects.project_id'),
('project_financing', 'loan_amount', 'BIGINT', 'Hạn mức vay', 'triệu VND', 0, NULL),
('project_financing', 'interest_rate', 'DECIMAL(5,2)', 'Lãi suất năm', '%', 0, NULL),
('project_financing', 'monthly_interest', 'BIGINT', 'Lãi vay hàng tháng ước tính', 'triệu VND', 0, NULL);

-- _meta_kpi
INSERT INTO _meta_kpi (kpi_name, kpi_name_vi, formula_sql, description_vi, related_tables, related_questions) VALUES
('gross_margin_pct', 'Biên lợi nhuận gộp', '(revenue_recognized - cogs) / revenue_recognized * 100', 'Biên lợi nhuận gộp (%) — tỷ lệ lợi nhuận gộp trên doanh thu. Theo dõi theo dự án, theo mảng (thi công/BĐS), theo loại công trình.', 'project_financials, projects', 'Q3'),
('cost_variance', 'Chênh lệch chi phí', 'actual_cost_to_date - planned_budget', 'Chênh lệch chi phí so dự toán (triệu VND). Dương = vượt chi phí. Phân tích theo hạng mục qua bảng cost_items.', 'projects, cost_items', 'Q2'),
('cost_variance_pct', 'Tỷ lệ vượt chi phí', '(actual_cost_to_date - planned_budget) / planned_budget * 100', 'Tỷ lệ vượt chi phí so dự toán (%). Ngưỡng cảnh báo: > 10%.', 'projects', 'Q2'),
('schedule_variance_days', 'Chênh lệch tiến độ', 'actual_progress_pct - planned_progress_pct', 'Chênh lệch tiến độ (% điểm). Âm = chậm tiến độ. Kết hợp planned_end - actual_end cho từng milestone.', 'projects, project_milestones', 'Q1'),
('absorption_rate', 'Tỷ lệ hấp thụ BĐS', 'sold_units / total_units * 100', 'Tỷ lệ sản phẩm BĐS đã bán so tổng sản phẩm (%). Đánh giá hiệu quả bán hàng dự án.', 'projects, real_estate_units', 'Q5'),
('sell_through_rate', 'Tốc độ bán BĐS', 'units_sold / units_available', 'Số sản phẩm bán được trong tháng / tổng sản phẩm còn lại. Đánh giá tốc độ hấp thụ.', 're_sales_monthly', 'Q5'),
('inventory_holding_cost', 'Chi phí vốn tồn kho BĐS', 'unsold_value * interest_rate / 100 * holding_months / 12', 'Chi phí lãi vay phát sinh do tồn kho BĐS chưa bán (triệu VND). Tính theo giá trị tồn × lãi suất × thời gian.', 'real_estate_units, project_financing', 'Q5'),
('net_cash_flow', 'Dòng tiền thuần', 'total_inflow - total_outflow', 'Dòng tiền thuần hàng tháng (triệu VND). Âm = thiếu hụt. Cần theo dõi liên tục.', 'cash_flow_actual', 'Q4'),
('revenue_by_segment', 'Doanh thu theo mảng', 'SUM(revenue_recognized) GROUP BY project_type', 'Tổng doanh thu phân theo mảng thi công và BĐS. So sánh đóng góp.', 'project_financials, projects', 'Q1,Q3'),
('bid_ratio', 'Tỷ lệ giá thầu', 'bid_price / estimated_value', 'Tỷ lệ giá dự thầu so giá gói thầu. < 0.90 = rất cạnh tranh, rủi ro margin thấp.', 'bid_history', 'Q3'),
('bid_win_rate', 'Tỷ lệ trúng thầu', 'COUNT(result=trung_thau) / COUNT(*) * 100', 'Tỷ lệ trúng thầu (%). Theo dõi theo loại công trình.', 'bid_history', 'Q3'),
('receivable_aging', 'Tuổi nợ phải thu', 'DATEDIFF(CURRENT_DATE, due_date)', 'Số ngày quá hạn thanh toán. > 30 ngày cần theo dõi sát.', 'receivables', 'Q4'),
('project_rag_status', 'Trạng thái RAG dự án', 'CASE WHEN progress_gap < -15 OR cost_variance_pct > 10 THEN ''RED'' WHEN progress_gap < -5 OR cost_variance_pct > 5 THEN ''YELLOW'' ELSE ''GREEN'' END', 'Đánh giá tổng quan dự án: RED (có vấn đề nghiêm trọng), YELLOW (cần theo dõi), GREEN (bình thường).', 'projects', 'Q1'),
('avg_inventory_months', 'Thời gian tồn kho trung bình', 'AVG(DATEDIFF(CURRENT_DATE, listing_date) / 30) WHERE status=''chua_ban''', 'Thời gian tồn kho trung bình của sản phẩm BĐS chưa bán (tháng). > 12 tháng cần ưu tiên giải phóng.', 'real_estate_units', 'Q5');

-- _meta_glossary
INSERT INTO _meta_glossary (term_vi, term_en, definition_vi, domain) VALUES
('Chủ đầu tư', 'Project Owner / Client', 'Tổ chức, cá nhân sở hữu vốn đầu tư, thuê nhà thầu thi công', 'xay_dung'),
('Nhà thầu chính', 'Main Contractor', 'Đơn vị ký hợp đồng trực tiếp với chủ đầu tư để thi công toàn bộ/phần lớn công trình', 'xay_dung'),
('Nhà thầu phụ (NTP)', 'Subcontractor', 'Đơn vị được nhà thầu chính thuê thi công một phần công việc chuyên môn', 'xay_dung'),
('Dự toán', 'Cost Estimate', 'Tổng chi phí dự kiến cho dự án, được lập trước khi thi công', 'xay_dung'),
('Nghiệm thu', 'Acceptance / Inspection', 'Kiểm tra và xác nhận khối lượng, chất lượng công việc hoàn thành', 'xay_dung'),
('Giải ngân', 'Disbursement', 'Việc chuyển tiền từ nguồn vốn (ngân sách/vay) cho dự án theo tiến độ', 'xay_dung'),
('Đấu thầu', 'Bidding / Tendering', 'Quy trình cạnh tranh để chọn nhà thầu thi công dựa trên hồ sơ dự thầu', 'xay_dung'),
('Gói thầu', 'Bid Package', 'Phần công việc được tách ra để đấu thầu, có giá dự toán riêng', 'xay_dung'),
('Giá trúng thầu', 'Winning Bid Price', 'Giá mà nhà thầu đề xuất và được chấp thuận', 'xay_dung'),
('Bid ratio', 'Bid Ratio', 'Tỷ lệ giá dự thầu / giá gói thầu. Thấp hơn = cạnh tranh hơn nhưng rủi ro margin', 'xay_dung'),
('BOT', 'Build-Operate-Transfer', 'Hình thức đầu tư: xây dựng, vận hành thu phí, sau đó chuyển giao cho nhà nước', 'xay_dung'),
('BVTC', 'Bản vẽ thi công', 'Bản vẽ chi tiết kỹ thuật dùng để thi công tại công trường', 'xay_dung'),
('M&E', 'Mechanical & Electrical', 'Hệ thống cơ điện trong công trình: điện, nước, HVAC, PCCC', 'xay_dung'),
('Đất yếu', 'Soft Ground', 'Nền đất có sức chịu tải kém, cần gia cố (cọc, vải địa kỹ thuật) trước khi xây', 'xay_dung'),
('Rọ đá', 'Gabion', 'Lưới thép chứa đá, dùng trong kè chống sạt lở bờ sông', 'xay_dung'),
('Kè', 'Revetment / Embankment', 'Công trình bảo vệ bờ sông, bờ biển khỏi xói lở', 'xay_dung'),
('Shophouse', 'Shophouse', 'Nhà phố thương mại, tầng trệt kinh doanh, tầng trên để ở', 'bat_dong_san'),
('Nhà liền kề', 'Townhouse', 'Nhà thiết kế đồng bộ trong khu đô thị, chung tường với nhà bên cạnh', 'bat_dong_san'),
('Đất nền', 'Land Plot', 'Lô đất đã có hạ tầng (đường, điện, nước), khách tự xây', 'bat_dong_san'),
('Khu đô thị (KĐT)', 'Urban Area', 'Khu vực quy hoạch đồng bộ: nhà ở, đường, công viên, trường học', 'bat_dong_san'),
('KDC', 'Khu dân cư', 'Khu dân cư — vùng quy hoạch cho mục đích ở, thường quy mô nhỏ hơn KĐT', 'bat_dong_san'),
('KCN', 'Khu công nghiệp', 'Khu vực chuyên dụng cho sản xuất công nghiệp, có hạ tầng riêng', 'bat_dong_san'),
('Tỷ lệ hấp thụ', 'Absorption Rate', 'Tỷ lệ sản phẩm BĐS đã bán trên tổng sản phẩm mở bán (%)', 'bat_dong_san'),
('Tốc độ bán', 'Sell-through Rate', 'Số sản phẩm bán được mỗi tháng — đo thanh khoản dự án', 'bat_dong_san'),
('Tồn kho BĐS', 'RE Inventory', 'Sản phẩm BĐS chưa bán được — gánh chi phí vốn (lãi vay)', 'bat_dong_san'),
('Mở bán', 'Sales Launch', 'Thời điểm chính thức giới thiệu và bán sản phẩm BĐS ra thị trường', 'bat_dong_san'),
('Đặt cọc', 'Deposit / Reservation', 'Khách đặt tiền giữ chỗ trước khi ký hợp đồng mua bán chính thức', 'bat_dong_san'),
('Bàn giao', 'Handover', 'Chuyển giao sản phẩm BĐS hoàn thiện cho khách mua', 'bat_dong_san'),
('Lô góc', 'Corner Lot', 'Lô đất ở vị trí góc — thường có diện tích lớn hơn và giá cao hơn', 'bat_dong_san'),
('Biên lợi nhuận gộp', 'Gross Margin', 'Tỷ lệ (Doanh thu - Giá vốn) / Doanh thu × 100. Đo hiệu quả quản lý chi phí trực tiếp.', 'tai_chinh'),
('Dòng tiền thuần', 'Net Cash Flow', 'Chênh lệch giữa tổng dòng tiền vào và dòng tiền ra trong kỳ', 'tai_chinh'),
('Công nợ phải thu', 'Accounts Receivable', 'Số tiền khách hàng/chủ đầu tư nợ công ty, chưa thanh toán', 'tai_chinh'),
('Công nợ phải trả', 'Accounts Payable', 'Số tiền công ty nợ NTP, NCC, ngân hàng, chưa thanh toán', 'tai_chinh'),
('Chi phí vốn', 'Cost of Capital', 'Chi phí phát sinh khi sử dụng vốn (lãi vay) để đầu tư dự án', 'tai_chinh'),
('Giải ngân ĐTC', 'Public Investment Disbursement', 'Giải ngân vốn đầu tư công — thường cao điểm cuối năm (Q4)', 'tai_chinh'),
('RAG Status', 'Red-Amber-Green Status', 'Hệ thống đánh giá trạng thái: Đỏ (có vấn đề), Vàng (cần theo dõi), Xanh (bình thường)', 'chung'),
('Variance', 'Variance / Chênh lệch', 'Chênh lệch giữa giá trị thực tế và giá trị kế hoạch — dùng cho chi phí, tiến độ', 'chung'),
('YoY', 'Year-over-Year', 'So sánh cùng kỳ năm trước — đánh giá xu hướng tăng trưởng', 'chung'),
('MoM', 'Month-over-Month', 'So sánh tháng liền trước — đánh giá biến động ngắn hạn', 'chung'),
('Triệu VND', 'Million VND', 'Đơn vị tiền tệ trong database. 1 tỷ = 1.000 triệu VND.', 'chung');