-- Lam Sơn Invest — Transaction Data
USE construction_re_demo;

-- project_milestones
INSERT INTO project_milestones (project_id, milestone_name, milestone_order, planned_start, planned_end, actual_start, actual_end, weight_pct, status, notes) VALUES
('TC-001', 'Giải phóng mặt bằng', 1, '2024-01-20', '2024-03-31', '2024-01-25', '2024-03-29', 10, 'hoan_thanh', NULL),
('TC-001', 'Thi công nền đường', 2, '2024-03-31', '2024-09-24', '2024-03-31', '2024-09-25', 25, 'hoan_thanh', NULL),
('TC-001', 'Thi công mặt đường', 3, '2024-09-24', '2025-04-25', '2024-10-04', NULL, 30, 'dang_thuc_hien', NULL),
('TC-001', 'Hệ thống thoát nước', 4, '2025-04-25', '2025-08-09', NULL, NULL, 15, 'chua_bat_dau', NULL),
('TC-001', 'Hoàn thiện, biển báo, vạch kẻ', 5, '2025-08-09', '2025-10-19', NULL, NULL, 10, 'chua_bat_dau', NULL),
('TC-001', 'Nghiệm thu & bàn giao', 6, '2025-10-19', '2025-12-29', NULL, NULL, 10, 'chua_bat_dau', NULL),
('TC-002', 'Khảo sát, thiết kế BVTC', 1, '2024-03-10', '2024-04-07', '2024-03-14', '2024-04-09', 5, 'hoan_thanh', NULL),
('TC-002', 'Móng & kết cấu tầng 1', 2, '2024-04-07', '2024-08-27', '2024-04-04', '2024-08-26', 25, 'hoan_thanh', NULL),
('TC-002', 'Kết cấu tầng 2-3', 3, '2024-08-27', '2025-01-16', '2024-08-28', '2025-01-14', 25, 'hoan_thanh', NULL),
('TC-002', 'Xây tường, hoàn thiện thô', 4, '2025-01-16', '2025-05-09', '2025-01-15', NULL, 20, 'dang_thuc_hien', NULL),
('TC-002', 'M&E, hoàn thiện nội thất', 5, '2025-05-09', '2025-08-02', NULL, NULL, 15, 'chua_bat_dau', NULL),
('TC-002', 'Nghiệm thu & bàn giao', 6, '2025-08-02', '2025-09-27', NULL, NULL, 10, 'chua_bat_dau', NULL),
('TC-003', 'Giải phóng mặt bằng', 1, '2023-06-15', '2023-08-28', '2023-06-17', '2023-09-17', 10, 'hoan_thanh', NULL),
('TC-003', 'Thi công nền đường', 2, '2023-08-28', '2024-03-01', '2023-08-28', '2024-04-25', 25, 'hoan_thanh', NULL),
('TC-003', 'Thi công mặt đường', 3, '2024-03-01', '2024-10-10', '2024-03-10', NULL, 30, 'cham_tien_do', NULL),
('TC-003', 'Hệ thống thoát nước', 4, '2024-10-10', '2025-01-29', NULL, NULL, 15, 'chua_bat_dau', NULL),
('TC-003', 'Hoàn thiện, biển báo, vạch kẻ', 5, '2025-01-29', '2025-04-13', NULL, NULL, 10, 'chua_bat_dau', NULL),
('TC-003', 'Nghiệm thu & bàn giao', 6, '2025-04-13', '2025-06-26', NULL, NULL, 10, 'chua_bat_dau', NULL),
('TC-004', 'Chuẩn bị mặt bằng', 1, '2023-09-10', '2023-11-05', '2023-09-13', '2023-11-04', 10, 'hoan_thanh', NULL),
('TC-004', 'Thi công kè đoạn 1 (Km0-Km1.4)', 2, '2023-11-05', '2024-04-23', '2023-11-06', '2024-04-23', 30, 'hoan_thanh', NULL),
('TC-004', 'Thi công kè đoạn 2 (Km1.4-Km2.8)', 3, '2024-04-23', '2024-10-10', '2024-04-23', '2024-10-14', 30, 'hoan_thanh', NULL),
('TC-004', 'Hệ thống mái taluy, rọ đá', 4, '2024-10-10', '2025-01-03', '2024-10-15', '2025-01-06', 15, 'hoan_thanh', NULL),
('TC-004', 'Hoàn thiện & nghiệm thu', 5, '2025-01-03', '2025-03-29', '2025-01-06', NULL, 15, 'dang_thuc_hien', NULL),
('TC-005', 'San nền, đường nội bộ', 1, '2024-04-15', '2024-09-03', '2024-04-14', '2024-09-02', 25, 'hoan_thanh', NULL),
('TC-005', 'Hệ thống cấp thoát nước', 2, '2024-09-03', '2024-12-24', '2024-09-08', '2024-12-27', 20, 'hoan_thanh', NULL),
('TC-005', 'Hệ thống điện, chiếu sáng', 3, '2024-12-24', '2025-04-15', '2024-12-21', NULL, 20, 'dang_thuc_hien', NULL),
('TC-005', 'Cây xanh, vỉa hè', 4, '2025-04-15', '2025-07-08', NULL, NULL, 15, 'chua_bat_dau', NULL),
('TC-005', 'Trạm xử lý nước thải', 5, '2025-07-08', '2025-09-02', NULL, NULL, 10, 'chua_bat_dau', NULL),
('TC-005', 'Nghiệm thu tổng thể', 6, '2025-09-02', '2025-10-28', NULL, NULL, 10, 'chua_bat_dau', NULL),
('BDS-001', 'Giải phóng mặt bằng', 1, '2023-04-15', '2023-06-21', '2023-04-14', '2023-06-29', 5, 'hoan_thanh', NULL),
('BDS-001', 'San nền, hạ tầng kỹ thuật', 2, '2023-06-21', '2024-03-18', '2023-06-22', '2024-03-15', 20, 'hoan_thanh', NULL),
('BDS-001', 'Thi công nhà liền kề đợt 1 (60 căn)', 3, '2024-03-18', '2025-04-28', '2024-03-21', NULL, 30, 'dang_thuc_hien', NULL),
('BDS-001', 'Thi công nhà liền kề đợt 2 (60 căn)', 4, '2025-04-28', '2026-04-02', NULL, NULL, 25, 'chua_bat_dau', NULL),
('BDS-001', 'Hoàn thiện hạ tầng, cây xanh', 5, '2026-04-02', '2026-08-15', NULL, NULL, 10, 'chua_bat_dau', NULL),
('BDS-001', 'Nghiệm thu & bàn giao', 6, '2026-08-15', '2026-12-28', NULL, NULL, 10, 'chua_bat_dau', NULL),
('BDS-002', 'Giải phóng mặt bằng', 1, '2022-03-15', '2022-04-25', '2022-03-19', '2022-04-30', 5, 'hoan_thanh', NULL),
('BDS-002', 'Thi công hạ tầng', 2, '2022-04-25', '2022-08-28', '2022-04-23', '2022-08-31', 15, 'hoan_thanh', NULL),
('BDS-002', 'Xây dựng shophouse (35 căn)', 3, '2022-08-28', '2023-09-09', '2022-09-02', '2023-09-19', 45, 'hoan_thanh', NULL),
('BDS-002', 'Hoàn thiện nội ngoại thất', 4, '2023-09-09', '2024-04-05', '2023-09-10', '2024-04-11', 25, 'hoan_thanh', NULL),
('BDS-002', 'Nghiệm thu & bàn giao', 5, '2024-04-05', '2024-06-27', '2024-04-09', '2024-07-05', 10, 'hoan_thanh', NULL),
('BDS-003', 'Giải phóng mặt bằng', 1, '2024-02-01', '2024-03-06', '2024-02-01', '2024-03-13', 5, 'hoan_thanh', NULL),
('BDS-003', 'San nền, phân lô', 2, '2024-03-06', '2024-08-27', '2024-03-05', '2024-08-31', 25, 'hoan_thanh', NULL),
('BDS-003', 'Hạ tầng đường, thoát nước', 3, '2024-08-27', '2025-03-24', '2024-08-28', NULL, 30, 'dang_thuc_hien', NULL),
('BDS-003', 'Hệ thống điện, cây xanh', 4, '2025-03-24', '2025-08-10', NULL, NULL, 20, 'chua_bat_dau', NULL),
('BDS-003', 'Nghiệm thu & mở bán', 5, '2025-08-10', '2025-12-27', NULL, NULL, 20, 'chua_bat_dau', NULL),
('BDS-004', 'Giải phóng mặt bằng', 1, '2023-10-15', '2023-11-19', '2023-10-14', '2023-11-16', 5, 'hoan_thanh', NULL),
('BDS-004', 'San nền, phân lô', 2, '2023-11-19', '2024-05-16', '2023-11-21', '2024-05-15', 25, 'hoan_thanh', NULL),
('BDS-004', 'Đường nội bộ, thoát nước', 3, '2024-05-16', '2024-12-16', '2024-05-20', '2024-12-15', 30, 'hoan_thanh', NULL),
('BDS-004', 'Điện, cây xanh, hàng rào', 4, '2024-12-16', '2025-05-08', '2024-12-20', NULL, 20, 'dang_thuc_hien', NULL),
('BDS-004', 'Nghiệm thu & bàn giao', 5, '2025-05-08', '2025-09-28', NULL, NULL, 20, 'chua_bat_dau', NULL),
('BDS-005', 'Giải phóng mặt bằng, san lấp', 1, '2023-07-20', '2023-10-17', '2023-07-23', '2023-10-23', 10, 'hoan_thanh', NULL),
('BDS-005', 'Đường giao thông nội bộ', 2, '2023-10-17', '2024-05-27', '2023-10-16', '2024-05-24', 25, 'hoan_thanh', NULL),
('BDS-005', 'Hệ thống cấp thoát nước', 3, '2024-05-27', '2024-11-22', '2024-05-25', '2024-11-26', 20, 'hoan_thanh', NULL),
('BDS-005', 'Hệ thống điện, PCCC', 4, '2024-11-22', '2025-05-20', '2024-11-27', NULL, 20, 'dang_thuc_hien', NULL),
('BDS-005', 'Trạm xử lý nước thải', 5, '2025-05-20', '2025-10-01', NULL, NULL, 15, 'chua_bat_dau', NULL),
('BDS-005', 'Nghiệm thu tổng thể', 6, '2025-10-01', '2025-12-29', NULL, NULL, 10, 'chua_bat_dau', NULL);

-- cost_items
INSERT INTO cost_items (project_id, category_id, cost_month, planned_amount, actual_amount, item_description) VALUES
('TC-001', 1, '2024-01-01', 1062, 1041, NULL),
('TC-001', 2, '2024-01-01', 467, 479, NULL),
('TC-001', 3, '2024-01-01', 361, 361, NULL),
('TC-001', 4, '2024-01-01', 148, 144, NULL),
('TC-001', 5, '2024-01-01', 85, 83, NULL),
('TC-001', 1, '2024-02-01', 920, 939, NULL),
('TC-001', 2, '2024-02-01', 405, 403, NULL),
('TC-001', 3, '2024-02-01', 313, 318, NULL),
('TC-001', 4, '2024-02-01', 128, 129, NULL),
('TC-001', 5, '2024-02-01', 73, 75, NULL),
('TC-001', 1, '2024-03-01', 1487, 1495, NULL),
('TC-001', 2, '2024-03-01', 654, 671, NULL),
('TC-001', 3, '2024-03-01', 505, 516, NULL),
('TC-001', 4, '2024-03-01', 208, 209, NULL),
('TC-001', 5, '2024-03-01', 119, 120, NULL),
('TC-001', 1, '2024-04-01', 1558, 1558, NULL),
('TC-001', 2, '2024-04-01', 685, 698, NULL),
('TC-001', 3, '2024-04-01', 529, 530, NULL),
('TC-001', 4, '2024-04-01', 218, 223, NULL),
('TC-001', 5, '2024-04-01', 124, 125, NULL),
('TC-001', 1, '2024-05-01', 1487, 1484, NULL),
('TC-001', 2, '2024-05-01', 654, 644, NULL),
('TC-001', 3, '2024-05-01', 505, 497, NULL),
('TC-001', 4, '2024-05-01', 208, 209, NULL),
('TC-001', 5, '2024-05-01', 119, 120, NULL),
('TC-001', 1, '2024-06-01', 1275, 1276, NULL),
('TC-001', 2, '2024-06-01', 561, 565, NULL),
('TC-001', 3, '2024-06-01', 433, 427, NULL),
('TC-001', 4, '2024-06-01', 178, 173, NULL),
('TC-001', 5, '2024-06-01', 102, 100, NULL),
('TC-001', 1, '2024-07-01', 1204, 1187, NULL),
('TC-001', 2, '2024-07-01', 529, 523, NULL),
('TC-001', 3, '2024-07-01', 409, 409, NULL),
('TC-001', 4, '2024-07-01', 168, 164, NULL),
('TC-001', 5, '2024-07-01', 96, 94, NULL),
('TC-001', 1, '2024-08-01', 1204, 1218, NULL),
('TC-001', 2, '2024-08-01', 529, 535, NULL),
('TC-001', 3, '2024-08-01', 409, 398, NULL),
('TC-001', 4, '2024-08-01', 168, 167, NULL),
('TC-001', 5, '2024-08-01', 96, 96, NULL),
('TC-001', 1, '2024-09-01', 1345, 1338, NULL),
('TC-001', 2, '2024-09-01', 592, 581, NULL),
('TC-001', 3, '2024-09-01', 457, 454, NULL),
('TC-001', 4, '2024-09-01', 188, 192, NULL),
('TC-001', 5, '2024-09-01', 107, 107, NULL),
('TC-001', 1, '2024-10-01', 1629, 1648, NULL),
('TC-001', 2, '2024-10-01', 716, 731, NULL),
('TC-001', 3, '2024-10-01', 553, 561, NULL),
('TC-001', 4, '2024-10-01', 228, 226, NULL),
('TC-001', 5, '2024-10-01', 130, 126, NULL),
('TC-001', 1, '2024-11-01', 1770, 1754, NULL),
('TC-001', 2, '2024-11-01', 779, 790, NULL),
('TC-001', 3, '2024-11-01', 602, 614, NULL),
('TC-001', 4, '2024-11-01', 247, 253, NULL),
('TC-001', 5, '2024-11-01', 141, 140, NULL),
('TC-001', 1, '2024-12-01', 1841, 1868, NULL),
('TC-001', 2, '2024-12-01', 810, 812, NULL),
('TC-001', 3, '2024-12-01', 626, 629, NULL),
('TC-001', 4, '2024-12-01', 257, 252, NULL),
('TC-001', 5, '2024-12-01', 147, 144, NULL),
('TC-001', 1, '2025-01-01', 1062, 1057, NULL),
('TC-001', 2, '2025-01-01', 467, 453, NULL),
('TC-001', 3, '2025-01-01', 361, 357, NULL),
('TC-001', 4, '2025-01-01', 148, 149, NULL),
('TC-001', 5, '2025-01-01', 85, 84, NULL),
('TC-001', 1, '2025-02-01', 920, 901, NULL),
('TC-001', 2, '2025-02-01', 405, 404, NULL),
('TC-001', 3, '2025-02-01', 313, 306, NULL),
('TC-001', 4, '2025-02-01', 128, 128, NULL),
('TC-001', 5, '2025-02-01', 73, 70, NULL),
('TC-001', 1, '2025-03-01', 1487, 1477, NULL),
('TC-001', 2, '2025-03-01', 654, 656, NULL),
('TC-001', 3, '2025-03-01', 505, 490, NULL),
('TC-001', 4, '2025-03-01', 208, 209, NULL),
('TC-001', 5, '2025-03-01', 119, 116, NULL),
('TC-002', 1, '2024-03-01', 1058, 1055, NULL),
('TC-002', 2, '2024-03-01', 465, 452, NULL),
('TC-002', 3, '2024-03-01', 359, 356, NULL),
('TC-002', 4, '2024-03-01', 148, 145, NULL),
('TC-002', 5, '2024-03-01', 84, 83, NULL),
('TC-002', 1, '2024-04-01', 1108, 1125, NULL),
('TC-002', 2, '2024-04-01', 487, 483, NULL),
('TC-002', 3, '2024-04-01', 376, 381, NULL),
('TC-002', 4, '2024-04-01', 155, 158, NULL),
('TC-002', 5, '2024-04-01', 88, 86, NULL),
('TC-002', 1, '2024-05-01', 1058, 1031, NULL),
('TC-002', 2, '2024-05-01', 465, 451, NULL),
('TC-002', 3, '2024-05-01', 359, 359, NULL),
('TC-002', 4, '2024-05-01', 148, 152, NULL),
('TC-002', 5, '2024-05-01', 84, 83, NULL),
('TC-002', 1, '2024-06-01', 906, 914, NULL),
('TC-002', 2, '2024-06-01', 399, 405, NULL),
('TC-002', 3, '2024-06-01', 308, 310, NULL),
('TC-002', 4, '2024-06-01', 126, 127, NULL),
('TC-002', 5, '2024-06-01', 72, 73, NULL),
('TC-002', 1, '2024-07-01', 856, 840, NULL),
('TC-002', 2, '2024-07-01', 376, 365, NULL),
('TC-002', 3, '2024-07-01', 291, 284, NULL),
('TC-002', 4, '2024-07-01', 119, 116, NULL),
('TC-002', 5, '2024-07-01', 68, 68, NULL),
('TC-002', 1, '2024-08-01', 856, 859, NULL),
('TC-002', 2, '2024-08-01', 376, 369, NULL),
('TC-002', 3, '2024-08-01', 291, 294, NULL),
('TC-002', 4, '2024-08-01', 119, 120, NULL),
('TC-002', 5, '2024-08-01', 68, 66, NULL),
('TC-002', 1, '2024-09-01', 957, 963, NULL),
('TC-002', 2, '2024-09-01', 421, 427, NULL),
('TC-002', 3, '2024-09-01', 325, 317, NULL),
('TC-002', 4, '2024-09-01', 134, 136, NULL),
('TC-002', 5, '2024-09-01', 76, 78, NULL),
('TC-002', 1, '2024-10-01', 1158, 1130, NULL),
('TC-002', 2, '2024-10-01', 509, 494, NULL),
('TC-002', 3, '2024-10-01', 394, 389, NULL),
('TC-002', 4, '2024-10-01', 162, 163, NULL),
('TC-002', 5, '2024-10-01', 92, 94, NULL),
('TC-002', 1, '2024-11-01', 1259, 1251, NULL),
('TC-002', 2, '2024-11-01', 554, 561, NULL),
('TC-002', 3, '2024-11-01', 428, 417, NULL),
('TC-002', 4, '2024-11-01', 176, 178, NULL),
('TC-002', 5, '2024-11-01', 100, 100, NULL),
('TC-002', 1, '2024-12-01', 1310, 1278, NULL),
('TC-002', 2, '2024-12-01', 576, 585, NULL),
('TC-002', 3, '2024-12-01', 445, 454, NULL),
('TC-002', 4, '2024-12-01', 183, 184, NULL),
('TC-002', 5, '2024-12-01', 104, 101, NULL),
('TC-002', 1, '2025-01-01', 755, 776, NULL),
('TC-002', 2, '2025-01-01', 332, 337, NULL),
('TC-002', 3, '2025-01-01', 256, 253, NULL),
('TC-002', 4, '2025-01-01', 105, 104, NULL),
('TC-002', 5, '2025-01-01', 60, 59, NULL),
('TC-002', 1, '2025-02-01', 655, 655, NULL),
('TC-002', 2, '2025-02-01', 288, 285, NULL),
('TC-002', 3, '2025-02-01', 222, 226, NULL),
('TC-002', 4, '2025-02-01', 91, 92, NULL),
('TC-002', 5, '2025-02-01', 52, 50, NULL),
('TC-002', 1, '2025-03-01', 1058, 1087, NULL),
('TC-002', 2, '2025-03-01', 465, 468, NULL),
('TC-002', 3, '2025-03-01', 359, 366, NULL),
('TC-002', 4, '2025-03-01', 148, 149, NULL),
('TC-002', 5, '2025-03-01', 84, 83, NULL),
('TC-003', 1, '2023-10-01', 2028, 2692, NULL),
('TC-003', 2, '2023-10-01', 892, 926, NULL),
('TC-003', 3, '2023-10-01', 689, 791, NULL),
('TC-003', 4, '2023-10-01', 283, 284, NULL),
('TC-003', 5, '2023-10-01', 162, 170, NULL),
('TC-003', 1, '2023-11-01', 2204, 2727, NULL),
('TC-003', 2, '2023-11-01', 970, 974, NULL),
('TC-003', 3, '2023-11-01', 749, 868, NULL),
('TC-003', 4, '2023-11-01', 308, 296, NULL),
('TC-003', 5, '2023-11-01', 176, 177, NULL),
('TC-003', 1, '2023-12-01', 2293, 3004, NULL),
('TC-003', 2, '2023-12-01', 1008, 1051, NULL),
('TC-003', 3, '2023-12-01', 779, 879, NULL),
('TC-003', 4, '2023-12-01', 321, 326, NULL),
('TC-003', 5, '2023-12-01', 183, 190, NULL),
('TC-003', 1, '2024-01-01', 1322, 1727, NULL),
('TC-003', 2, '2024-01-01', 582, 598, NULL),
('TC-003', 3, '2024-01-01', 449, 528, NULL),
('TC-003', 4, '2024-01-01', 185, 180, NULL),
('TC-003', 5, '2024-01-01', 105, 106, NULL),
('TC-003', 1, '2024-02-01', 1146, 1463, NULL),
('TC-003', 2, '2024-02-01', 504, 511, NULL),
('TC-003', 3, '2024-02-01', 389, 441, NULL),
('TC-003', 4, '2024-02-01', 160, 156, NULL),
('TC-003', 5, '2024-02-01', 91, 91, NULL),
('TC-003', 1, '2024-03-01', 1852, 2298, NULL),
('TC-003', 2, '2024-03-01', 814, 843, NULL),
('TC-003', 3, '2024-03-01', 629, 706, NULL),
('TC-003', 4, '2024-03-01', 259, 259, NULL),
('TC-003', 5, '2024-03-01', 148, 152, NULL),
('TC-003', 1, '2024-04-01', 1940, 2403, NULL),
('TC-003', 2, '2024-04-01', 853, 855, NULL),
('TC-003', 3, '2024-04-01', 659, 728, NULL),
('TC-003', 4, '2024-04-01', 271, 264, NULL),
('TC-003', 5, '2024-04-01', 155, 160, NULL),
('TC-003', 1, '2024-05-01', 1852, 2299, NULL),
('TC-003', 2, '2024-05-01', 814, 829, NULL),
('TC-003', 3, '2024-05-01', 629, 727, NULL),
('TC-003', 4, '2024-05-01', 259, 255, NULL),
('TC-003', 5, '2024-05-01', 148, 148, NULL),
('TC-003', 1, '2024-06-01', 1587, 2027, NULL),
('TC-003', 2, '2024-06-01', 698, 707, NULL),
('TC-003', 3, '2024-06-01', 539, 626, NULL),
('TC-003', 4, '2024-06-01', 222, 215, NULL),
('TC-003', 5, '2024-06-01', 127, 129, NULL),
('TC-003', 1, '2024-07-01', 1499, 1860, NULL),
('TC-003', 2, '2024-07-01', 659, 676, NULL),
('TC-003', 3, '2024-07-01', 509, 572, NULL),
('TC-003', 4, '2024-07-01', 209, 206, NULL),
('TC-003', 5, '2024-07-01', 119, 125, NULL),
('TC-003', 1, '2024-08-01', 1499, 1888, NULL),
('TC-003', 2, '2024-08-01', 659, 676, NULL),
('TC-003', 3, '2024-08-01', 509, 606, NULL),
('TC-003', 4, '2024-08-01', 209, 203, NULL),
('TC-003', 5, '2024-08-01', 119, 120, NULL),
('TC-003', 1, '2024-09-01', 1675, 2071, NULL),
('TC-003', 2, '2024-09-01', 737, 749, NULL),
('TC-003', 3, '2024-09-01', 569, 643, NULL),
('TC-003', 4, '2024-09-01', 234, 234, NULL),
('TC-003', 5, '2024-09-01', 134, 137, NULL),
('TC-003', 1, '2024-10-01', 2028, 2683, NULL),
('TC-003', 2, '2024-10-01', 892, 916, NULL),
('TC-003', 3, '2024-10-01', 689, 819, NULL),
('TC-003', 4, '2024-10-01', 283, 280, NULL),
('TC-003', 5, '2024-10-01', 162, 170, NULL),
('TC-003', 1, '2024-11-01', 2204, 2724, NULL),
('TC-003', 2, '2024-11-01', 970, 977, NULL),
('TC-003', 3, '2024-11-01', 749, 866, NULL),
('TC-003', 4, '2024-11-01', 308, 298, NULL),
('TC-003', 5, '2024-11-01', 176, 183, NULL),
('TC-003', 1, '2024-12-01', 2293, 2935, NULL),
('TC-003', 2, '2024-12-01', 1008, 1002, NULL),
('TC-003', 3, '2024-12-01', 779, 890, NULL),
('TC-003', 4, '2024-12-01', 321, 313, NULL),
('TC-003', 5, '2024-12-01', 183, 193, NULL),
('TC-003', 1, '2025-01-01', 1322, 1702, NULL),
('TC-003', 2, '2025-01-01', 582, 611, NULL),
('TC-003', 3, '2025-01-01', 449, 506, NULL),
('TC-003', 4, '2025-01-01', 185, 185, NULL),
('TC-003', 5, '2025-01-01', 105, 109, NULL),
('TC-003', 1, '2025-02-01', 1146, 1429, NULL),
('TC-003', 2, '2025-02-01', 504, 518, NULL),
('TC-003', 3, '2025-02-01', 389, 432, NULL),
('TC-003', 4, '2025-02-01', 160, 156, NULL),
('TC-003', 5, '2025-02-01', 91, 95, NULL),
('TC-003', 1, '2025-03-01', 1852, 2407, NULL),
('TC-003', 2, '2025-03-01', 814, 852, NULL),
('TC-003', 3, '2025-03-01', 629, 726, NULL),
('TC-003', 4, '2025-03-01', 259, 253, NULL),
('TC-003', 5, '2025-03-01', 148, 156, NULL),
('TC-004', 1, '2023-10-01', 1054, 1047, NULL),
('TC-004', 2, '2023-10-01', 463, 463, NULL),
('TC-004', 3, '2023-10-01', 358, 368, NULL),
('TC-004', 4, '2023-10-01', 147, 148, NULL),
('TC-004', 5, '2023-10-01', 84, 84, NULL),
('TC-004', 1, '2023-11-01', 1145, 1139, NULL),
('TC-004', 2, '2023-11-01', 504, 494, NULL),
('TC-004', 3, '2023-11-01', 389, 385, NULL),
('TC-004', 4, '2023-11-01', 160, 162, NULL),
('TC-004', 5, '2023-11-01', 91, 91, NULL),
('TC-004', 1, '2023-12-01', 1191, 1209, NULL),
('TC-004', 2, '2023-12-01', 524, 514, NULL),
('TC-004', 3, '2023-12-01', 405, 406, NULL),
('TC-004', 4, '2023-12-01', 166, 170, NULL),
('TC-004', 5, '2023-12-01', 95, 94, NULL),
('TC-004', 1, '2024-01-01', 687, 695, NULL),
('TC-004', 2, '2024-01-01', 302, 295, NULL),
('TC-004', 3, '2024-01-01', 233, 239, NULL),
('TC-004', 4, '2024-01-01', 96, 96, NULL),
('TC-004', 5, '2024-01-01', 55, 54, NULL),
('TC-004', 1, '2024-02-01', 595, 582, NULL),
('TC-004', 2, '2024-02-01', 262, 262, NULL),
('TC-004', 3, '2024-02-01', 202, 202, NULL),
('TC-004', 4, '2024-02-01', 83, 80, NULL),
('TC-004', 5, '2024-02-01', 47, 48, NULL),
('TC-004', 1, '2024-03-01', 962, 985, NULL),
('TC-004', 2, '2024-03-01', 423, 422, NULL),
('TC-004', 3, '2024-03-01', 327, 319, NULL),
('TC-004', 4, '2024-03-01', 134, 136, NULL),
('TC-004', 5, '2024-03-01', 77, 76, NULL),
('TC-004', 1, '2024-04-01', 1008, 1021, NULL),
('TC-004', 2, '2024-04-01', 443, 443, NULL),
('TC-004', 3, '2024-04-01', 342, 337, NULL),
('TC-004', 4, '2024-04-01', 141, 143, NULL),
('TC-004', 5, '2024-04-01', 80, 82, NULL),
('TC-004', 1, '2024-05-01', 962, 947, NULL),
('TC-004', 2, '2024-05-01', 423, 424, NULL),
('TC-004', 3, '2024-05-01', 327, 324, NULL),
('TC-004', 4, '2024-05-01', 134, 137, NULL),
('TC-004', 5, '2024-05-01', 77, 77, NULL),
('TC-004', 1, '2024-06-01', 825, 843, NULL),
('TC-004', 2, '2024-06-01', 363, 370, NULL),
('TC-004', 3, '2024-06-01', 280, 276, NULL),
('TC-004', 4, '2024-06-01', 115, 117, NULL),
('TC-004', 5, '2024-06-01', 66, 65, NULL),
('TC-004', 1, '2024-07-01', 779, 799, NULL),
('TC-004', 2, '2024-07-01', 342, 342, NULL),
('TC-004', 3, '2024-07-01', 264, 269, NULL),
('TC-004', 4, '2024-07-01', 109, 107, NULL),
('TC-004', 5, '2024-07-01', 62, 61, NULL),
('TC-004', 1, '2024-08-01', 779, 783, NULL),
('TC-004', 2, '2024-08-01', 342, 352, NULL),
('TC-004', 3, '2024-08-01', 264, 263, NULL),
('TC-004', 4, '2024-08-01', 109, 106, NULL),
('TC-004', 5, '2024-08-01', 62, 62, NULL),
('TC-004', 1, '2024-09-01', 870, 861, NULL),
('TC-004', 2, '2024-09-01', 383, 384, NULL),
('TC-004', 3, '2024-09-01', 296, 296, NULL),
('TC-004', 4, '2024-09-01', 121, 120, NULL),
('TC-004', 5, '2024-09-01', 69, 68, NULL),
('TC-004', 1, '2024-10-01', 1054, 1034, NULL),
('TC-004', 2, '2024-10-01', 463, 468, NULL),
('TC-004', 3, '2024-10-01', 358, 359, NULL),
('TC-004', 4, '2024-10-01', 147, 144, NULL),
('TC-004', 5, '2024-10-01', 84, 85, NULL),
('TC-004', 1, '2024-11-01', 1145, 1113, NULL),
('TC-004', 2, '2024-11-01', 504, 511, NULL),
('TC-004', 3, '2024-11-01', 389, 393, NULL),
('TC-004', 4, '2024-11-01', 160, 162, NULL),
('TC-004', 5, '2024-11-01', 91, 90, NULL),
('TC-004', 1, '2024-12-01', 1191, 1202, NULL),
('TC-004', 2, '2024-12-01', 524, 534, NULL),
('TC-004', 3, '2024-12-01', 405, 416, NULL),
('TC-004', 4, '2024-12-01', 166, 165, NULL),
('TC-004', 5, '2024-12-01', 95, 92, NULL),
('TC-004', 1, '2025-01-01', 687, 687, NULL),
('TC-004', 2, '2025-01-01', 302, 303, NULL),
('TC-004', 3, '2025-01-01', 233, 238, NULL),
('TC-004', 4, '2025-01-01', 96, 98, NULL),
('TC-004', 5, '2025-01-01', 55, 54, NULL),
('TC-004', 1, '2025-02-01', 595, 595, NULL),
('TC-004', 2, '2025-02-01', 262, 261, NULL),
('TC-004', 3, '2025-02-01', 202, 204, NULL),
('TC-004', 4, '2025-02-01', 83, 82, NULL),
('TC-004', 5, '2025-02-01', 47, 47, NULL),
('TC-004', 1, '2025-03-01', 962, 942, NULL),
('TC-004', 2, '2025-03-01', 423, 422, NULL),
('TC-004', 3, '2025-03-01', 327, 336, NULL),
('TC-004', 4, '2025-03-01', 134, 132, NULL),
('TC-004', 5, '2025-03-01', 77, 77, NULL),
('TC-005', 1, '2024-04-01', 2236, 2256, NULL),
('TC-005', 2, '2024-04-01', 984, 1004, NULL),
('TC-005', 3, '2024-04-01', 760, 776, NULL),
('TC-005', 4, '2024-04-01', 313, 319, NULL),
('TC-005', 5, '2024-04-01', 178, 176, NULL),
('TC-005', 1, '2024-05-01', 2135, 2111, NULL),
('TC-005', 2, '2024-05-01', 939, 951, NULL),
('TC-005', 3, '2024-05-01', 725, 736, NULL),
('TC-005', 4, '2024-05-01', 298, 304, NULL),
('TC-005', 5, '2024-05-01', 170, 165, NULL),
('TC-005', 1, '2024-06-01', 1830, 1782, NULL),
('TC-005', 2, '2024-06-01', 805, 811, NULL),
('TC-005', 3, '2024-06-01', 622, 637, NULL),
('TC-005', 4, '2024-06-01', 256, 263, NULL),
('TC-005', 5, '2024-06-01', 146, 148, NULL),
('TC-005', 1, '2024-07-01', 1728, 1721, NULL),
('TC-005', 2, '2024-07-01', 760, 741, NULL),
('TC-005', 3, '2024-07-01', 587, 591, NULL),
('TC-005', 4, '2024-07-01', 241, 246, NULL),
('TC-005', 5, '2024-07-01', 138, 137, NULL),
('TC-005', 1, '2024-08-01', 1728, 1748, NULL),
('TC-005', 2, '2024-08-01', 760, 778, NULL),
('TC-005', 3, '2024-08-01', 587, 571, NULL),
('TC-005', 4, '2024-08-01', 241, 245, NULL),
('TC-005', 5, '2024-08-01', 138, 136, NULL),
('TC-005', 1, '2024-09-01', 1931, 1916, NULL),
('TC-005', 2, '2024-09-01', 849, 830, NULL),
('TC-005', 3, '2024-09-01', 656, 657, NULL),
('TC-005', 4, '2024-09-01', 270, 271, NULL),
('TC-005', 5, '2024-09-01', 154, 156, NULL),
('TC-005', 1, '2024-10-01', 2338, 2291, NULL),
('TC-005', 2, '2024-10-01', 1028, 1002, NULL),
('TC-005', 3, '2024-10-01', 795, 812, NULL),
('TC-005', 4, '2024-10-01', 327, 329, NULL),
('TC-005', 5, '2024-10-01', 187, 184, NULL),
('TC-005', 1, '2024-11-01', 2541, 2603, NULL),
('TC-005', 2, '2024-11-01', 1118, 1094, NULL),
('TC-005', 3, '2024-11-01', 864, 861, NULL),
('TC-005', 4, '2024-11-01', 355, 349, NULL),
('TC-005', 5, '2024-11-01', 203, 200, NULL),
('TC-005', 1, '2024-12-01', 2643, 2565, NULL),
('TC-005', 2, '2024-12-01', 1163, 1184, NULL),
('TC-005', 3, '2024-12-01', 898, 919, NULL),
('TC-005', 4, '2024-12-01', 370, 373, NULL),
('TC-005', 5, '2024-12-01', 211, 206, NULL),
('TC-005', 1, '2025-01-01', 1525, 1519, NULL),
('TC-005', 2, '2025-01-01', 671, 664, NULL),
('TC-005', 3, '2025-01-01', 518, 520, NULL),
('TC-005', 4, '2025-01-01', 213, 214, NULL),
('TC-005', 5, '2025-01-01', 122, 121, NULL),
('TC-005', 1, '2025-02-01', 1321, 1301, NULL),
('TC-005', 2, '2025-02-01', 581, 593, NULL),
('TC-005', 3, '2025-02-01', 449, 440, NULL),
('TC-005', 4, '2025-02-01', 185, 183, NULL),
('TC-005', 5, '2025-02-01', 105, 104, NULL),
('TC-005', 1, '2025-03-01', 2135, 2101, NULL),
('TC-005', 2, '2025-03-01', 939, 943, NULL),
('TC-005', 3, '2025-03-01', 725, 728, NULL),
('TC-005', 4, '2025-03-01', 298, 306, NULL),
('TC-005', 5, '2025-03-01', 170, 167, NULL),
('TC-003', 3, '2024-09-01', 0, 420, 'Phát sinh: gia cố nền đất yếu đoạn Km2+300 - Km3+100');

-- material_price_index
INSERT INTO material_price_index (material_id, price_month, market_avg_price, market_min_price, market_max_price) VALUES
(1, '2023-10-01', 14661, 13213, 15676),
(1, '2023-11-01', 14844, 13906, 16289),
(1, '2023-12-01', 16063, 14526, 17340),
(1, '2024-01-01', 14945, 13613, 16220),
(1, '2024-02-01', 14609, 13293, 16004),
(1, '2024-03-01', 18044, 16438, 19690),
(1, '2024-04-01', 15916, 14329, 17609),
(1, '2024-05-01', 18809, 17248, 19954),
(1, '2024-06-01', 14723, 13498, 15554),
(1, '2024-07-01', 13386, 12614, 14621),
(1, '2024-08-01', 14578, 13652, 15854),
(1, '2024-09-01', 15344, 14100, 16704),
(1, '2024-10-01', 16072, 14961, 17845),
(1, '2024-11-01', 16488, 15420, 17365),
(1, '2024-12-01', 16438, 15032, 17351),
(1, '2025-01-01', 16389, 14832, 17527),
(1, '2025-02-01', 16545, 15192, 17800),
(1, '2025-03-01', 17029, 15553, 18996),
(2, '2023-10-01', 16998, 15815, 18051),
(2, '2023-11-01', 17910, 16265, 19281),
(2, '2023-12-01', 18752, 17476, 20420),
(2, '2024-01-01', 18258, 17201, 20162),
(2, '2024-02-01', 17211, 15517, 18451),
(2, '2024-03-01', 18400, 16754, 20534),
(2, '2024-04-01', 18538, 16975, 20315),
(2, '2024-05-01', 17088, 16160, 18491),
(2, '2024-06-01', 16147, 14731, 17588),
(2, '2024-07-01', 15722, 14609, 17496),
(2, '2024-08-01', 16353, 14897, 18312),
(2, '2024-09-01', 17143, 15506, 18056),
(2, '2024-10-01', 17577, 16370, 19430),
(2, '2024-11-01', 18868, 17041, 20315),
(2, '2024-12-01', 20242, 18753, 22630),
(2, '2025-01-01', 19964, 17979, 21969),
(2, '2025-02-01', 19239, 17831, 20560),
(2, '2025-03-01', 20428, 18499, 22071),
(3, '2023-10-01', 1645418, 1559347, 1828568),
(3, '2023-11-01', 1633352, 1510898, 1735445),
(3, '2023-12-01', 1704940, 1608655, 1825805),
(3, '2024-01-01', 1684552, 1567388, 1786802),
(3, '2024-02-01', 1703921, 1579481, 1881987),
(3, '2024-03-01', 1687442, 1518746, 1810103),
(3, '2024-04-01', 1642488, 1554540, 1825642),
(3, '2024-05-01', 1731917, 1585354, 1825535),
(3, '2024-06-01', 1743670, 1651861, 1841308),
(3, '2024-07-01', 1710436, 1545311, 1887025),
(3, '2024-08-01', 1746164, 1582757, 1891566),
(3, '2024-09-01', 1730781, 1580640, 1923019),
(3, '2024-10-01', 1724510, 1570321, 1875837),
(3, '2024-11-01', 1763371, 1604769, 1890016),
(3, '2024-12-01', 1798129, 1676744, 1943178),
(3, '2025-01-01', 1754973, 1590093, 1870325),
(3, '2025-02-01', 1742901, 1619879, 1858120),
(3, '2025-03-01', 1737214, 1569659, 1900819),
(4, '2023-10-01', 175120, 165535, 194413),
(4, '2023-11-01', 172849, 157621, 189585),
(4, '2023-12-01', 176021, 159583, 196348),
(4, '2024-01-01', 183091, 169108, 202301),
(4, '2024-02-01', 188008, 170997, 198684),
(4, '2024-03-01', 181738, 167413, 196766),
(4, '2024-04-01', 187805, 175347, 210133),
(4, '2024-05-01', 176802, 162681, 189841),
(4, '2024-06-01', 191483, 174715, 203606),
(4, '2024-07-01', 184447, 169893, 197265),
(4, '2024-08-01', 181346, 171582, 196038),
(4, '2024-09-01', 193342, 179327, 203693),
(4, '2024-10-01', 196546, 185107, 219704),
(4, '2024-11-01', 195807, 184535, 207876),
(4, '2024-12-01', 188129, 171326, 202816),
(4, '2025-01-01', 180658, 166015, 202151),
(4, '2025-02-01', 185148, 173891, 200302),
(4, '2025-03-01', 188735, 178895, 211322),
(5, '2023-10-01', 351951, 329398, 373362),
(5, '2023-11-01', 344027, 326287, 375176),
(5, '2023-12-01', 353820, 331670, 372926),
(5, '2024-01-01', 356475, 329790, 395576),
(5, '2024-02-01', 342516, 324718, 361562),
(5, '2024-03-01', 344653, 320441, 378175),
(5, '2024-04-01', 347546, 314874, 386582),
(5, '2024-05-01', 349076, 324545, 381664),
(5, '2024-06-01', 356430, 331188, 387294),
(5, '2024-07-01', 376171, 342395, 413838),
(5, '2024-08-01', 352215, 323963, 386386),
(5, '2024-09-01', 355576, 325639, 392068),
(5, '2024-10-01', 348440, 321580, 390215),
(5, '2024-11-01', 383282, 346357, 408164),
(5, '2024-12-01', 357731, 338650, 397675),
(5, '2025-01-01', 381438, 350341, 404721),
(5, '2025-02-01', 380970, 356274, 416330),
(5, '2025-03-01', 387852, 361749, 407456),
(6, '2023-10-01', 330147, 302074, 361985),
(6, '2023-11-01', 335159, 303893, 354625),
(6, '2023-12-01', 309474, 287087, 330847),
(6, '2024-01-01', 326588, 305647, 347571),
(6, '2024-02-01', 328619, 300094, 356287),
(6, '2024-03-01', 338520, 318989, 357633),
(6, '2024-04-01', 323905, 295995, 340180),
(6, '2024-05-01', 336344, 313424, 359328),
(6, '2024-06-01', 336458, 312093, 363353),
(6, '2024-07-01', 313438, 283273, 348485),
(6, '2024-08-01', 344023, 319005, 381322),
(6, '2024-09-01', 334470, 303499, 354177),
(6, '2024-10-01', 326418, 308448, 360929),
(6, '2024-11-01', 345909, 326865, 368291),
(6, '2024-12-01', 326544, 295567, 360703),
(6, '2025-01-01', 348906, 321104, 381509),
(6, '2025-02-01', 325422, 308009, 361388),
(6, '2025-03-01', 354235, 333171, 393802),
(7, '2023-10-01', 1142, 1069, 1225),
(7, '2023-11-01', 1255, 1179, 1393),
(7, '2023-12-01', 1245, 1137, 1375),
(7, '2024-01-01', 1164, 1098, 1292),
(7, '2024-02-01', 1182, 1112, 1279),
(7, '2024-03-01', 1196, 1123, 1274),
(7, '2024-04-01', 1165, 1059, 1250),
(7, '2024-05-01', 1272, 1206, 1360),
(7, '2024-06-01', 1249, 1149, 1397),
(7, '2024-07-01', 1240, 1174, 1312),
(7, '2024-08-01', 1298, 1179, 1450),
(7, '2024-09-01', 1214, 1099, 1311),
(7, '2024-10-01', 1276, 1168, 1393),
(7, '2024-11-01', 1253, 1151, 1366),
(7, '2024-12-01', 1225, 1145, 1286),
(7, '2025-01-01', 1313, 1217, 1444),
(7, '2025-02-01', 1294, 1207, 1391),
(7, '2025-03-01', 1213, 1131, 1301),
(8, '2023-10-01', 1236043, 1164847, 1360120),
(8, '2023-11-01', 1241199, 1136273, 1338741),
(8, '2023-12-01', 1255106, 1148149, 1329044),
(8, '2024-01-01', 1262693, 1195793, 1385694),
(8, '2024-02-01', 1305814, 1215419, 1398613),
(8, '2024-03-01', 1284935, 1156467, 1374988),
(8, '2024-04-01', 1282083, 1191054, 1404944),
(8, '2024-05-01', 1291032, 1190470, 1374896),
(8, '2024-06-01', 1297908, 1226599, 1435125),
(8, '2024-07-01', 1280362, 1157754, 1390577),
(8, '2024-08-01', 1322969, 1212844, 1464909),
(8, '2024-09-01', 1338621, 1249789, 1426601),
(8, '2024-10-01', 1301080, 1172560, 1388433),
(8, '2024-11-01', 1329264, 1252813, 1402503),
(8, '2024-12-01', 1330633, 1239469, 1415275),
(8, '2025-01-01', 1359581, 1257230, 1450780),
(8, '2025-02-01', 1362640, 1226753, 1502402),
(8, '2025-03-01', 1378225, 1247747, 1488152);

-- material_purchases
INSERT INTO material_purchases (project_id, material_id, supplier_name, purchase_date, unit_price, quantity, total_amount, notes) VALUES
('TC-001', 8, 'Trạm trộn BT Thái Bình', '2024-01-22', 1234216, 96, 118, NULL),
('TC-001', 8, 'Trạm trộn BT Thái Bình', '2024-01-25', 1304720, 138, 180, NULL),
('TC-001', 6, 'Công ty CP Cát sỏi Bắc Bộ', '2024-02-09', 319384, 42, 13, NULL),
('TC-001', 1, 'Công ty CP Thép Việt Đức', '2024-02-19', 14329, 6740, 97, NULL),
('TC-001', 6, 'Công ty CP VLXD Đông Á', '2024-03-07', 332654, 108, 36, NULL),
('TC-001', 6, 'Công ty CP VLXD Đông Á', '2024-03-27', 349707, 80, 28, NULL),
('TC-001', 1, 'Đại lý Thép Hoàng Long', '2024-04-25', 15865, 6832, 108, NULL),
('TC-001', 6, 'Công ty CP VLXD Đông Á', '2024-04-09', 310634, 109, 34, NULL),
('TC-001', 6, 'Công ty CP VLXD Đông Á', '2024-04-19', 329502, 160, 53, NULL),
('TC-001', 3, 'Xi măng Vissai Thái Bình', '2024-05-18', 1726977, 60, 104, NULL),
('TC-001', 3, 'Xi măng Vissai Thái Bình', '2024-05-15', 1757489, 61, 107, NULL),
('TC-001', 8, 'Trạm trộn BT Thái Bình', '2024-06-02', 1248156, 36, 45, NULL),
('TC-001', 8, 'Trạm trộn BT Thái Bình', '2024-06-18', 1248083, 65, 81, NULL),
('TC-001', 8, 'Trạm trộn BT Thái Bình', '2024-07-23', 1263846, 163, 206, NULL),
('TC-001', 3, 'Xi măng Vissai Thái Bình', '2024-07-27', 1776358, 50, 89, NULL),
('TC-001', 8, 'Trạm trộn BT Thái Bình', '2024-08-23', 1381054, 68, 94, NULL),
('TC-001', 3, 'Xi măng Vissai Thái Bình', '2024-08-28', 1736277, 65, 113, NULL),
('TC-001', 6, 'Công ty CP VLXD Đông Á', '2024-09-12', 335957, 187, 63, NULL),
('TC-001', 6, 'Công ty CP Cát sỏi Bắc Bộ', '2024-09-28', 324095, 51, 17, NULL),
('TC-001', 1, 'Công ty CP Thép Việt Đức', '2024-10-05', 15349, 10521, 161, NULL),
('TC-001', 3, 'Xi măng Vissai Thái Bình', '2024-10-08', 1739406, 79, 137, NULL),
('TC-001', 1, 'Công ty CP Thép Việt Đức', '2024-11-05', 16120, 20688, 333, NULL),
('TC-001', 1, 'Công ty CP Thép Việt Đức', '2024-11-01', 16753, 7059, 118, NULL),
('TC-001', 6, 'Công ty CP Cát sỏi Bắc Bộ', '2024-12-05', 310732, 101, 31, NULL),
('TC-001', 1, 'Đại lý Thép Hoàng Long', '2024-12-17', 16398, 18468, 303, NULL),
('TC-001', 3, 'Xi măng Vissai Thái Bình', '2024-12-26', 1878220, 29, 54, NULL),
('TC-001', 8, 'Trạm trộn BT Thái Bình', '2024-12-16', 1349706, 50, 67, NULL),
('TC-001', 1, 'Đại lý Thép Hoàng Long', '2025-01-03', 16373, 11778, 193, NULL),
('TC-001', 3, 'Xi măng Vissai Thái Bình', '2025-01-21', 1678751, 27, 45, NULL),
('TC-001', 6, 'Công ty CP Cát sỏi Bắc Bộ', '2025-02-04', 323915, 87, 28, NULL),
('TC-001', 8, 'Trạm trộn BT Thái Bình', '2025-02-11', 1356038, 46, 62, NULL),
('TC-001', 8, 'Trạm trộn BT Thái Bình', '2025-03-11', 1409870, 90, 127, NULL),
('TC-001', 6, 'Công ty CP Cát sỏi Bắc Bộ', '2025-03-16', 370302, 155, 57, NULL),
('TC-001', 1, 'Công ty CP Thép Việt Đức', '2025-03-24', 16336, 6775, 111, NULL),
('TC-002', 1, 'Đại lý Thép Hoàng Long', '2024-03-11', 18200, 7601, 138, NULL),
('TC-002', 5, 'Công ty CP VLXD Đông Á', '2024-03-14', 357529, 123, 44, NULL),
('TC-002', 8, 'Trạm trộn BT Thái Bình', '2024-03-17', 1260835, 32, 40, NULL),
('TC-002', 3, 'Xi măng Vissai Thái Bình', '2024-03-04', 1713890, 21, 36, NULL),
('TC-002', 5, 'Công ty CP Cát sỏi Bắc Bộ', '2024-04-08', 334161, 54, 18, NULL),
('TC-002', 8, 'Trạm trộn BT Thái Bình', '2024-04-09', 1337095, 116, 155, NULL),
('TC-002', 3, 'Xi măng Vissai Thái Bình', '2024-04-11', 1605247, 44, 71, NULL),
('TC-002', 1, 'Công ty CP Thép Việt Đức', '2024-04-22', 15408, 4736, 73, NULL),
('TC-002', 1, 'Đại lý Thép Hoàng Long', '2024-05-13', 18041, 7372, 133, NULL),
('TC-002', 5, 'Công ty CP Cát sỏi Bắc Bộ', '2024-05-11', 337116, 55, 19, NULL),
('TC-002', 3, 'Xi măng Vissai Thái Bình', '2024-06-03', 1788035, 12, 21, NULL),
('TC-002', 7, 'Công ty TNHH Gạch Đồng Nai - CN Bắc', '2024-07-09', 1238, 16315, 20, NULL),
('TC-002', 8, 'Trạm trộn BT Thái Bình', '2024-07-10', 1230916, 55, 68, NULL),
('TC-002', 5, 'Công ty CP Cát sỏi Bắc Bộ', '2024-08-20', 336203, 52, 17, NULL),
('TC-002', 3, 'Xi măng Vissai Thái Bình', '2024-08-05', 1711488, 17, 29, NULL),
('TC-002', 5, 'Công ty CP Cát sỏi Bắc Bộ', '2024-09-14', 342063, 68, 23, NULL),
('TC-002', 7, 'Công ty TNHH Gạch Đồng Nai - CN Bắc', '2024-09-18', 1217, 13251, 16, NULL),
('TC-002', 1, 'Đại lý Thép Hoàng Long', '2024-09-14', 15186, 8080, 123, NULL),
('TC-002', 5, 'Công ty CP VLXD Đông Á', '2024-10-23', 351079, 91, 32, NULL),
('TC-002', 1, 'Đại lý Thép Hoàng Long', '2024-10-06', 15919, 11589, 184, NULL),
('TC-002', 7, 'Công ty TNHH Gạch Đồng Nai - CN Bắc', '2024-11-19', 1296, 17844, 23, NULL),
('TC-002', 8, 'Trạm trộn BT Thái Bình', '2024-11-24', 1273255, 138, 176, NULL),
('TC-002', 5, 'Công ty CP Cát sỏi Bắc Bộ', '2024-12-21', 367715, 37, 14, NULL),
('TC-002', 5, 'Công ty CP Cát sỏi Bắc Bộ', '2024-12-21', 352404, 155, 55, NULL),
('TC-002', 3, 'Xi măng Vissai Thái Bình', '2025-01-05', 1712146, 14, 24, NULL),
('TC-002', 7, 'Công ty TNHH Gạch Đồng Nai - CN Bắc', '2025-02-19', 1289, 14435, 19, NULL),
('TC-002', 8, 'Trạm trộn BT Thái Bình', '2025-03-11', 1353859, 126, 171, NULL),
('TC-002', 7, 'Công ty TNHH Gạch Đồng Nai - CN Bắc', '2025-03-10', 1160, 20159, 23, NULL),
('TC-002', 8, 'Trạm trộn BT Thái Bình', '2025-03-10', 1317055, 76, 100, NULL),
('TC-002', 7, 'Công ty TNHH Gạch Đồng Nai - CN Bắc', '2025-03-10', 1156, 18249, 21, NULL),
('TC-003', 6, 'Công ty CP VLXD Đông Á', '2023-10-19', 333253, 168, 56, NULL),
('TC-003', 6, 'Công ty CP Cát sỏi Bắc Bộ', '2023-10-16', 335159, 149, 50, NULL),
('TC-003', 1, 'Công ty CP Thép Việt Đức', '2023-11-23', 15305, 27794, 425, NULL),
('TC-003', 1, 'Đại lý Thép Hoàng Long', '2023-11-15', 14469, 19302, 279, NULL),
('TC-003', 3, 'Xi măng Vissai Thái Bình', '2023-11-25', 1701615, 81, 138, NULL),
('TC-003', 1, 'Công ty CP Thép Việt Đức', '2023-12-03', 16527, 24705, 408, NULL),
('TC-003', 6, 'Công ty CP VLXD Đông Á', '2023-12-24', 314994, 157, 49, NULL),
('TC-003', 1, 'Đại lý Thép Hoàng Long', '2023-12-12', 16195, 13525, 219, NULL),
('TC-003', 2, 'Đại lý Thép Hoàng Long', '2023-12-10', 18930, 31129, 589, NULL),
('TC-003', 8, 'Trạm trộn BT Thái Bình', '2024-01-22', 1288304, 215, 277, NULL),
('TC-003', 8, 'Trạm trộn BT Thái Bình', '2024-02-12', 1295812, 91, 118, NULL),
('TC-003', 2, 'Công ty CP Thép Việt Đức', '2024-02-25', 17987, 8976, 161, NULL),
('TC-003', 2, 'Công ty CP Thép Việt Đức', '2024-03-26', 20534, 13679, 281, NULL),
('TC-003', 8, 'Trạm trộn BT Thái Bình', '2024-03-05', 1263960, 253, 320, NULL),
('TC-003', 2, 'Đại lý Thép Hoàng Long', '2024-04-20', 17946, 21756, 390, NULL),
('TC-003', 1, 'Đại lý Thép Hoàng Long', '2024-04-08', 15774, 21447, 338, NULL),
('TC-003', 2, 'Công ty CP Thép Việt Đức', '2024-05-26', 18491, 13924, 257, NULL),
('TC-003', 3, 'Xi măng Vissai Thái Bình', '2024-05-15', 1762798, 85, 150, NULL),
('TC-003', 3, 'Xi măng Vissai Thái Bình', '2024-05-14', 1780085, 79, 141, NULL),
('TC-003', 6, 'Công ty CP VLXD Đông Á', '2024-06-21', 324291, 101, 33, NULL),
('TC-003', 1, 'Công ty CP Thép Việt Đức', '2024-07-04', 13668, 14254, 195, NULL),
('TC-003', 2, 'Công ty CP Thép Việt Đức', '2024-07-05', 15364, 19881, 305, NULL),
('TC-003', 4, 'Công ty CP VLXD Đông Á', '2024-08-14', 188321, 240, 45, NULL),
('TC-003', 3, 'Xi măng Vissai Thái Bình', '2024-09-12', 1685049, 113, 190, NULL),
('TC-003', 1, 'Công ty CP Thép Việt Đức', '2024-09-23', 15065, 9200, 139, NULL),
('TC-003', 2, 'Đại lý Thép Hoàng Long', '2024-09-16', 16351, 22415, 367, NULL),
('TC-003', 4, 'Công ty CP Cát sỏi Bắc Bộ', '2024-09-01', 195572, 262, 51, NULL),
('TC-003', 6, 'Công ty CP VLXD Đông Á', '2024-10-14', 340787, 232, 79, NULL),
('TC-003', 2, 'Công ty CP Thép Việt Đức', '2024-10-14', 17227, 10133, 175, NULL),
('TC-003', 4, 'Công ty CP Cát sỏi Bắc Bộ', '2024-11-17', 197701, 67, 13, NULL),
('TC-003', 3, 'Xi măng Vissai Thái Bình', '2024-11-08', 1750893, 106, 186, NULL),
('TC-003', 8, 'Trạm trộn BT Thái Bình', '2024-12-12', 1353016, 235, 318, NULL),
('TC-003', 6, 'Công ty CP VLXD Đông Á', '2024-12-17', 327983, 320, 105, NULL),
('TC-003', 1, 'Đại lý Thép Hoàng Long', '2025-01-09', 16611, 18508, 307, NULL),
('TC-003', 1, 'Đại lý Thép Hoàng Long', '2025-01-21', 16134, 15344, 248, NULL),
('TC-003', 1, 'Đại lý Thép Hoàng Long', '2025-02-21', 16300, 8940, 146, NULL),
('TC-003', 8, 'Trạm trộn BT Thái Bình', '2025-03-23', 1334435, 87, 116, NULL),
('TC-003', 1, 'Đại lý Thép Hoàng Long', '2025-03-07', 16677, 9181, 153, NULL),
('TC-003', 3, 'Xi măng Vissai Thái Bình', '2025-03-18', 1739886, 124, 216, NULL),
('TC-004', 1, 'Đại lý Thép Hoàng Long', '2023-10-12', 15032, 6722, 101, NULL),
('TC-004', 4, 'Công ty CP VLXD Đông Á', '2023-10-13', 168543, 84, 14, NULL),
('TC-004', 4, 'Công ty CP VLXD Đông Á', '2023-10-16', 183415, 104, 19, NULL),
('TC-004', 6, 'Công ty CP VLXD Đông Á', '2023-11-27', 321046, 130, 42, NULL),
('TC-004', 4, 'Công ty CP VLXD Đông Á', '2023-11-10', 165979, 85, 14, NULL),
('TC-004', 6, 'Công ty CP VLXD Đông Á', '2023-12-15', 299157, 108, 32, NULL),
('TC-004', 8, 'Trạm trộn BT Thái Bình', '2023-12-26', 1317629, 80, 105, NULL),
('TC-004', 1, 'Công ty CP Thép Việt Đức', '2023-12-17', 16337, 10070, 165, NULL),
('TC-004', 3, 'Xi măng Vissai Thái Bình', '2023-12-15', 1764386, 61, 108, NULL),
('TC-004', 1, 'Công ty CP Thép Việt Đức', '2024-01-12', 14550, 7392, 108, NULL),
('TC-004', 3, 'Xi măng Vissai Thái Bình', '2024-02-12', 1734431, 38, 66, NULL),
('TC-004', 1, 'Đại lý Thép Hoàng Long', '2024-02-13', 14716, 5742, 84, NULL),
('TC-004', 1, 'Công ty CP Thép Việt Đức', '2024-03-17', 17188, 6091, 105, NULL),
('TC-004', 4, 'Công ty CP VLXD Đông Á', '2024-03-07', 186735, 123, 23, NULL),
('TC-004', 1, 'Công ty CP Thép Việt Đức', '2024-04-06', 15336, 5292, 81, NULL),
('TC-004', 4, 'Công ty CP VLXD Đông Á', '2024-04-18', 190957, 129, 25, NULL),
('TC-004', 3, 'Xi măng Vissai Thái Bình', '2024-05-04', 1782782, 41, 73, NULL),
('TC-004', 3, 'Xi măng Vissai Thái Bình', '2024-05-12', 1686321, 40, 67, NULL),
('TC-004', 8, 'Trạm trộn BT Thái Bình', '2024-06-03', 1249855, 126, 157, NULL),
('TC-004', 6, 'Công ty CP VLXD Đông Á', '2024-06-17', 353267, 107, 38, NULL),
('TC-004', 1, 'Đại lý Thép Hoàng Long', '2024-07-03', 12884, 5914, 76, NULL),
('TC-004', 8, 'Trạm trộn BT Thái Bình', '2024-07-25', 1260454, 119, 150, NULL),
('TC-004', 6, 'Công ty CP Cát sỏi Bắc Bộ', '2024-08-27', 344121, 117, 40, NULL),
('TC-004', 3, 'Xi măng Vissai Thái Bình', '2024-09-08', 1672274, 56, 94, NULL),
('TC-004', 8, 'Trạm trộn BT Thái Bình', '2024-09-09', 1391486, 129, 180, NULL),
('TC-004', 8, 'Trạm trộn BT Thái Bình', '2024-09-20', 1308428, 101, 132, NULL),
('TC-004', 3, 'Xi măng Vissai Thái Bình', '2024-10-06', 1740342, 49, 85, NULL),
('TC-004', 8, 'Trạm trộn BT Thái Bình', '2024-10-03', 1241385, 158, 196, NULL),
('TC-004', 8, 'Trạm trộn BT Thái Bình', '2024-10-19', 1270459, 61, 77, NULL),
('TC-004', 8, 'Trạm trộn BT Thái Bình', '2024-10-21', 1319163, 104, 137, NULL),
('TC-004', 6, 'Công ty CP VLXD Đông Á', '2024-11-13', 337084, 163, 55, NULL),
('TC-004', 1, 'Đại lý Thép Hoàng Long', '2024-11-14', 16798, 6942, 117, NULL),
('TC-004', 3, 'Xi măng Vissai Thái Bình', '2024-11-28', 1735191, 27, 47, NULL),
('TC-004', 6, 'Công ty CP VLXD Đông Á', '2024-12-18', 314486, 96, 30, NULL),
('TC-004', 3, 'Xi măng Vissai Thái Bình', '2024-12-08', 1792100, 36, 65, NULL),
('TC-004', 1, 'Công ty CP Thép Việt Đức', '2024-12-28', 15699, 16262, 255, NULL),
('TC-004', 4, 'Công ty CP VLXD Đông Á', '2025-01-07', 188494, 89, 17, NULL),
('TC-004', 6, 'Công ty CP VLXD Đông Á', '2025-02-01', 325381, 42, 14, NULL),
('TC-004', 8, 'Trạm trộn BT Thái Bình', '2025-02-19', 1356812, 37, 50, NULL),
('TC-004', 1, 'Đại lý Thép Hoàng Long', '2025-03-27', 16656, 9908, 165, NULL),
('TC-004', 8, 'Trạm trộn BT Thái Bình', '2025-03-05', 1310440, 41, 54, NULL),
('TC-005', 5, 'Công ty CP VLXD Đông Á', '2024-04-19', 342886, 126, 43, NULL),
('TC-005', 6, 'Công ty CP Cát sỏi Bắc Bộ', '2024-04-15', 317057, 123, 39, NULL),
('TC-005', 3, 'Xi măng Vissai Thái Bình', '2024-04-26', 1720519, 55, 95, NULL),
('TC-005', 4, 'Công ty CP Cát sỏi Bắc Bộ', '2024-05-17', 181309, 80, 15, NULL),
('TC-005', 1, 'Đại lý Thép Hoàng Long', '2024-05-26', 17941, 16244, 291, NULL),
('TC-005', 3, 'Xi măng Vissai Thái Bình', '2024-05-11', 1750320, 61, 107, NULL),
('TC-005', 3, 'Xi măng Vissai Thái Bình', '2024-05-27', 1713377, 68, 117, NULL),
('TC-005', 4, 'Công ty CP VLXD Đông Á', '2024-06-16', 191623, 122, 23, NULL),
('TC-005', 1, 'Công ty CP Thép Việt Đức', '2024-06-14', 14529, 13455, 195, NULL),
('TC-005', 5, 'Công ty CP Cát sỏi Bắc Bộ', '2024-07-25', 367350, 139, 51, NULL),
('TC-005', 6, 'Công ty CP Cát sỏi Bắc Bộ', '2024-07-24', 312825, 118, 37, NULL),
('TC-005', 3, 'Xi măng Vissai Thái Bình', '2024-08-04', 1664368, 75, 125, NULL),
('TC-005', 1, 'Đại lý Thép Hoàng Long', '2024-08-14', 14492, 9876, 143, NULL),
('TC-005', 6, 'Công ty CP Cát sỏi Bắc Bộ', '2024-09-24', 348535, 195, 68, NULL),
('TC-005', 6, 'Công ty CP VLXD Đông Á', '2024-09-22', 324681, 95, 31, NULL),
('TC-005', 4, 'Công ty CP VLXD Đông Á', '2024-09-18', 202171, 120, 24, NULL),
('TC-005', 8, 'Trạm trộn BT Thái Bình', '2024-09-21', 1375030, 168, 231, NULL),
('TC-005', 5, 'Công ty CP Cát sỏi Bắc Bộ', '2024-10-18', 337717, 98, 33, NULL),
('TC-005', 4, 'Công ty CP VLXD Đông Á', '2024-10-23', 201875, 199, 40, NULL),
('TC-005', 5, 'Công ty CP VLXD Đông Á', '2024-10-26', 343171, 250, 86, NULL),
('TC-005', 1, 'Công ty CP Thép Việt Đức', '2024-10-13', 16190, 15231, 247, NULL),
('TC-005', 1, 'Đại lý Thép Hoàng Long', '2024-11-12', 16137, 19347, 312, NULL),
('TC-005', 8, 'Trạm trộn BT Thái Bình', '2024-11-18', 1326483, 96, 127, NULL),
('TC-005', 6, 'Công ty CP Cát sỏi Bắc Bộ', '2024-11-20', 352694, 80, 28, NULL),
('TC-005', 8, 'Trạm trộn BT Thái Bình', '2024-12-08', 1384548, 106, 147, NULL),
('TC-005', 1, 'Công ty CP Thép Việt Đức', '2024-12-04', 16295, 20176, 329, NULL),
('TC-005', 3, 'Xi măng Vissai Thái Bình', '2025-01-16', 1738635, 65, 113, NULL),
('TC-005', 8, 'Trạm trộn BT Thái Bình', '2025-01-11', 1318719, 167, 220, NULL),
('TC-005', 1, 'Công ty CP Thép Việt Đức', '2025-02-19', 17219, 4755, 82, NULL),
('TC-005', 3, 'Xi măng Vissai Thái Bình', '2025-02-02', 1728589, 52, 90, NULL),
('TC-005', 3, 'Xi măng Vissai Thái Bình', '2025-03-10', 1813062, 94, 170, NULL),
('TC-005', 1, 'Đại lý Thép Hoàng Long', '2025-03-11', 16685, 14724, 246, NULL),
('TC-005', 8, 'Trạm trộn BT Thái Bình', '2025-03-05', 1384192, 139, 192, NULL);

-- project_financials
INSERT INTO project_financials (project_id, fin_month, revenue_recognized, cogs, gross_profit, gross_margin_pct) VALUES
('TC-001', '2024-01-01', 1414, 1234, 180, 12.71),
('TC-001', '2024-02-01', 1237, 1081, 156, 12.6),
('TC-001', '2024-03-01', 2103, 1838, 265, 12.58),
('TC-001', '2024-04-01', 1984, 1743, 241, 12.14),
('TC-001', '2024-05-01', 1986, 1747, 239, 12.01),
('TC-001', '2024-06-01', 1674, 1481, 193, 11.49),
('TC-001', '2024-07-01', 1699, 1515, 184, 10.83),
('TC-001', '2024-08-01', 1643, 1473, 170, 10.29),
('TC-001', '2024-09-01', 1829, 1653, 176, 9.6),
('TC-001', '2024-10-01', 2423, 2192, 231, 9.52),
('TC-001', '2024-11-01', 2616, 2391, 225, 8.59),
('TC-001', '2024-12-01', 2496, 2282, 214, 8.57),
('TC-001', '2025-01-01', 1412, 1299, 113, 7.99),
('TC-001', '2025-02-01', 1288, 1187, 101, 7.77),
('TC-001', '2025-03-01', 1975, 1834, 141, 7.1),
('TC-002', '2024-03-01', 1564, 1324, 240, 15.34),
('TC-002', '2024-04-01', 1701, 1457, 244, 14.32),
('TC-002', '2024-05-01', 1681, 1414, 267, 15.85),
('TC-002', '2024-06-01', 1486, 1255, 231, 15.54),
('TC-002', '2024-07-01', 1362, 1153, 209, 15.28),
('TC-002', '2024-08-01', 1415, 1206, 209, 14.74),
('TC-002', '2024-09-01', 1411, 1186, 225, 15.91),
('TC-002', '2024-10-01', 1782, 1516, 266, 14.91),
('TC-002', '2024-11-01', 2096, 1786, 310, 14.75),
('TC-002', '2024-12-01', 2087, 1756, 331, 15.83),
('TC-002', '2025-01-01', 1214, 1024, 190, 15.6),
('TC-002', '2025-02-01', 1063, 897, 166, 15.52),
('TC-002', '2025-03-01', 1680, 1424, 256, 15.19),
('TC-003', '2023-10-01', 3408, 2989, 419, 12.29),
('TC-003', '2023-11-01', 3557, 3128, 429, 12.04),
('TC-003', '2023-12-01', 3929, 3470, 459, 11.67),
('TC-003', '2024-01-01', 2236, 1948, 288, 12.85),
('TC-003', '2024-02-01', 1753, 1537, 216, 12.3),
('TC-003', '2024-03-01', 2815, 2455, 360, 12.78),
('TC-003', '2024-04-01', 3087, 2701, 386, 12.48),
('TC-003', '2024-05-01', 3078, 2713, 365, 11.83),
('TC-003', '2024-06-01', 2712, 2404, 308, 11.33),
('TC-003', '2024-07-01', 2237, 2000, 237, 10.55),
('TC-003', '2024-08-01', 2375, 2125, 250, 10.52),
('TC-003', '2024-09-01', 2716, 2439, 277, 10.17),
('TC-003', '2024-10-01', 3158, 2871, 287, 9.06),
('TC-003', '2024-11-01', 3402, 3110, 292, 8.58),
('TC-003', '2024-12-01', 3517, 3228, 289, 8.19),
('TC-003', '2025-01-01', 2099, 1923, 176, 8.36),
('TC-003', '2025-02-01', 1853, 1718, 135, 7.26),
('TC-003', '2025-03-01', 3162, 2917, 245, 7.73),
('TC-004', '2023-10-01', 2226, 1990, 236, 10.57),
('TC-004', '2023-11-01', 2306, 2069, 237, 10.27),
('TC-004', '2023-12-01', 2585, 2288, 297, 11.46),
('TC-004', '2024-01-01', 1566, 1397, 169, 10.75),
('TC-004', '2024-02-01', 1343, 1196, 147, 10.9),
('TC-004', '2024-03-01', 2177, 1942, 235, 10.75),
('TC-004', '2024-04-01', 1995, 1757, 238, 11.93),
('TC-004', '2024-05-01', 2164, 1941, 223, 10.27),
('TC-004', '2024-06-01', 1850, 1660, 190, 10.24),
('TC-004', '2024-07-01', 1783, 1590, 193, 10.79),
('TC-004', '2024-08-01', 1554, 1368, 186, 11.96),
('TC-004', '2024-09-01', 1946, 1721, 225, 11.51),
('TC-004', '2024-10-01', 2407, 2144, 263, 10.93),
('TC-004', '2024-11-01', 2515, 2242, 273, 10.85),
('TC-004', '2024-12-01', 2478, 2218, 260, 10.46),
('TC-004', '2025-01-01', 1449, 1299, 150, 10.31),
('TC-004', '2025-02-01', 1200, 1058, 142, 11.75),
('TC-004', '2025-03-01', 2128, 1913, 215, 10.06),
('TC-005', '2024-04-01', 3259, 2876, 383, 11.73),
('TC-005', '2024-05-01', 3245, 2846, 399, 12.28),
('TC-005', '2024-06-01', 2492, 2226, 266, 10.63),
('TC-005', '2024-07-01', 2492, 2208, 284, 11.39),
('TC-005', '2024-08-01', 2523, 2214, 309, 12.24),
('TC-005', '2024-09-01', 2632, 2353, 279, 10.59),
('TC-005', '2024-10-01', 3289, 2908, 381, 11.58),
('TC-005', '2024-11-01', 3758, 3305, 453, 12.05),
('TC-005', '2024-12-01', 3539, 3097, 442, 12.49),
('TC-005', '2025-01-01', 2074, 1818, 256, 12.33),
('TC-005', '2025-02-01', 1900, 1678, 222, 11.65),
('TC-005', '2025-03-01', 3165, 2780, 385, 12.14),
('BDS-001', '2024-06-01', 3112, 2402, 710, 22.81),
('BDS-001', '2024-07-01', 4461, 3300, 1161, 26.03),
('BDS-001', '2024-08-01', 4541, 3453, 1088, 23.96),
('BDS-001', '2024-09-01', 4580, 3446, 1134, 24.76),
('BDS-001', '2024-10-01', 4429, 3350, 1079, 24.36),
('BDS-001', '2024-11-01', 6014, 4563, 1451, 24.13),
('BDS-001', '2024-12-01', 5879, 4325, 1554, 26.43),
('BDS-001', '2025-01-01', 4383, 3233, 1150, 26.24),
('BDS-001', '2025-02-01', 4339, 3247, 1092, 25.17),
('BDS-001', '2025-03-01', 4460, 3328, 1132, 25.38),
('BDS-002', '2023-10-01', 1445, 1067, 378, 26.16),
('BDS-002', '2023-11-01', 0, 0, 0, 0),
('BDS-002', '2023-12-01', 0, 0, 0, 0),
('BDS-002', '2024-01-01', 0, 0, 0, 0),
('BDS-002', '2024-02-01', 0, 0, 0, 0),
('BDS-002', '2024-03-01', 0, 0, 0, 0),
('BDS-002', '2024-04-01', 0, 0, 0, 0),
('BDS-002', '2024-05-01', 0, 0, 0, 0),
('BDS-002', '2024-06-01', 0, 0, 0, 0),
('BDS-003', '2024-09-01', 7850, 5562, 2288, 29.15),
('BDS-003', '2024-10-01', 5454, 3776, 1678, 30.77),
('BDS-003', '2024-11-01', 5581, 3941, 1640, 29.39),
('BDS-003', '2024-12-01', 4831, 3459, 1372, 28.4),
('BDS-003', '2025-01-01', 3605, 2557, 1048, 29.07),
('BDS-003', '2025-02-01', 4124, 2835, 1289, 31.26),
('BDS-003', '2025-03-01', 5345, 3823, 1522, 28.48),
('BDS-004', '2024-03-01', 3330, 2338, 992, 29.79),
('BDS-004', '2024-04-01', 2861, 1978, 883, 30.86),
('BDS-004', '2024-05-01', 1362, 957, 405, 29.74),
('BDS-004', '2024-06-01', 1407, 1011, 396, 28.14),
('BDS-004', '2024-07-01', 1436, 1004, 432, 30.08),
('BDS-004', '2024-08-01', 2150, 1501, 649, 30.19),
('BDS-004', '2024-09-01', 2758, 1888, 870, 31.54),
('BDS-004', '2024-10-01', 2711, 1942, 769, 28.37),
('BDS-004', '2024-11-01', 4392, 3078, 1314, 29.92),
('BDS-004', '2024-12-01', 3351, 2390, 961, 28.68),
('BDS-004', '2025-01-01', 665, 455, 210, 31.58),
('BDS-004', '2025-02-01', 1339, 917, 422, 31.52),
('BDS-004', '2025-03-01', 2090, 1424, 666, 31.87),
('BDS-005', '2024-01-01', 0, 0, 0, 0),
('BDS-005', '2024-02-01', 0, 0, 0, 0),
('BDS-005', '2024-03-01', 4282, 3384, 898, 20.97),
('BDS-005', '2024-04-01', 4404, 3435, 969, 22.0),
('BDS-005', '2024-05-01', 4468, 3576, 892, 19.96),
('BDS-005', '2024-06-01', 0, 0, 0, 0),
('BDS-005', '2024-07-01', 0, 0, 0, 0),
('BDS-005', '2024-08-01', 0, 0, 0, 0),
('BDS-005', '2024-09-01', 4481, 3441, 1040, 23.21),
('BDS-005', '2024-10-01', 4409, 3506, 903, 20.48),
('BDS-005', '2024-11-01', 0, 0, 0, 0),
('BDS-005', '2024-12-01', 0, 0, 0, 0),
('BDS-005', '2025-01-01', 0, 0, 0, 0),
('BDS-005', '2025-02-01', 0, 0, 0, 0),
('BDS-005', '2025-03-01', 4714, 3781, 933, 19.79);

-- bid_history
INSERT INTO bid_history (project_id, tender_name, tender_owner, project_subtype, estimated_value, bid_price, bid_ratio, competitors_count, result, bid_date, award_date, notes) VALUES
('TC-001', 'Xây dựng cầu Trà Lý – Đoạn qua huyện Vũ Thư', 'BQL DA XDCSHT tỉnh Thái Bình', 'giao_thong', 47000, 45000, 0.9574, 4, 'trung_thau', '2023-10-15', '2023-11-20', NULL),
('TC-002', 'Xây mới Trường THPT Quỳnh Côi', 'Sở GD&ĐT Thái Bình', 'dan_dung', 30000, 28000, 0.9333, 3, 'trung_thau', '2023-12-10', '2024-01-15', NULL),
('TC-003', 'Đường giao thông liên huyện Đông Hưng – Thái Thụy', 'BQL DA huyện Đông Hưng', 'giao_thong', 72000, 68000, 0.9444, 5, 'trung_thau', '2023-03-20', '2023-04-25', NULL),
('TC-004', 'Kè chống sạt lở bờ sông Trà Lý đoạn Tiền Hải', 'BQL DA NNPTNT tỉnh', 'thuy_loi', 37000, 35000, 0.9459, 3, 'trung_thau', '2023-06-15', '2023-07-20', NULL),
('TC-005', 'Hạ tầng kỹ thuật KCN Tiền Hải mở rộng GĐ2', 'BQL KCN tỉnh', 'ha_tang', 55000, 52000, 0.9455, 4, 'trung_thau', '2024-01-20', '2024-02-25', NULL),
(NULL, 'Nâng cấp ĐT.396B đoạn Đông Hưng – Quỳnh Phụ', 'BQL DA XDCSHT tỉnh Thái Bình', 'giao_thong', 42000, 35700, 0.85, 7, 'trung_thau', '2024-09-10', '2024-10-15', NULL),
(NULL, 'Đường vào KCN Gia Lễ, Đông Hưng', 'BQL DA huyện Đông Hưng', 'giao_thong', 28000, 24360, 0.87, 6, 'trung_thau', '2024-11-05', '2024-12-10', NULL),
(NULL, 'Cải tạo ĐT.454 đoạn qua Thái Thụy', 'BQL DA huyện Thái Thụy', 'giao_thong', 38000, 32680, 0.86, 8, 'trung_thau', '2025-01-15', '2025-02-20', NULL),
(NULL, 'Trường Tiểu học Vũ Thư', 'Sở GD&ĐT Thái Bình', 'dan_dung', 18000, 17100, 0.95, 3, 'trung_thau', '2024-04-20', '2024-05-25', NULL),
(NULL, 'Sửa chữa trụ sở UBND huyện Kiến Xương', 'UBND huyện Kiến Xương', 'dan_dung', 8500, 7990, 0.94, 2, 'trung_thau', '2024-06-10', '2024-07-15', NULL),
(NULL, 'Kè bờ sông Hồng đoạn Hưng Hà', 'BQL DA NNPTNT tỉnh', 'thuy_loi', 45000, 42750, 0.95, 4, 'that_bai', '2024-07-15', '2024-08-20', NULL),
(NULL, 'Đường vào cảng Diêm Điền', 'BQL DA XDCSHT tỉnh', 'giao_thong', 55000, 50050, 0.91, 6, 'that_bai', '2024-05-20', '2024-06-25', NULL),
(NULL, 'Hạ tầng CCN Đông La, Đông Hưng', 'BQL KCN tỉnh', 'ha_tang', 32000, 30400, 0.95, 3, 'trung_thau', '2024-08-10', '2024-09-15', NULL);

-- receivables
INSERT INTO receivables (project_id, counterparty_id, milestone_name, amount, due_date, expected_collection_date, actual_paid_date, status, notes) VALUES
('TC-001', 1, 'Tạm ứng hợp đồng', 6750, '2023-10-15', '2023-10-15', '2023-10-31', 'da_thanh_toan', NULL),
('TC-001', 1, 'Nghiệm thu giai đoạn 1', 11250, '2024-10-30', '2024-10-30', '2024-11-28', 'da_thanh_toan', NULL),
('TC-001', 1, 'Nghiệm thu giai đoạn 2', 11250, '2025-04-26', '2025-04-26', NULL, 'chua_thanh_toan', NULL),
('TC-001', 1, 'Nghiệm thu giai đoạn 3', 9000, '2025-09-15', '2025-09-15', NULL, 'du_kien', NULL),
('TC-001', 1, 'Nghiệm thu hoàn thành', 4500, '2025-11-25', '2025-11-25', NULL, 'du_kien', NULL),
('TC-001', 1, 'Bảo lãnh bảo hành (giữ lại)', 2250, '2025-12-31', '2025-12-31', NULL, 'du_kien', NULL),
('TC-002', 2, 'Tạm ứng hợp đồng', 4200, '2023-10-15', '2023-10-15', '2023-10-28', 'da_thanh_toan', NULL),
('TC-002', 2, 'Nghiệm thu giai đoạn 1', 7000, '2024-10-23', '2024-10-23', '2024-10-31', 'da_thanh_toan', NULL),
('TC-002', 2, 'Nghiệm thu giai đoạn 2', 7000, '2025-03-14', '2025-04-02', NULL, 'qua_han', NULL),
('TC-002', 2, 'Nghiệm thu giai đoạn 3', 5600, '2025-07-06', '2025-07-06', NULL, 'du_kien', NULL),
('TC-002', 2, 'Nghiệm thu hoàn thành', 2800, '2025-09-01', '2025-09-01', NULL, 'du_kien', NULL),
('TC-002', 2, 'Bảo lãnh bảo hành (giữ lại)', 1400, '2025-09-30', '2025-09-30', NULL, 'du_kien', NULL),
('TC-003', 3, 'Tạm ứng hợp đồng', 10200, '2023-10-15', '2023-10-15', '2023-10-22', 'da_thanh_toan', NULL),
('TC-003', 3, 'Nghiệm thu giai đoạn 1', 17000, '2024-04-08', '2024-04-08', '2024-04-18', 'da_thanh_toan', NULL),
('TC-003', 3, 'Nghiệm thu giai đoạn 2', 17000, '2024-10-11', NULL, NULL, 'du_kien', NULL),
('TC-003', 3, 'Nghiệm thu giai đoạn 3', 13600, '2025-03-10', NULL, NULL, 'du_kien', NULL),
('TC-003', 3, 'Nghiệm thu hoàn thành', 6800, '2025-05-23', NULL, NULL, 'du_kien', NULL),
('TC-003', 3, 'Bảo lãnh bảo hành (giữ lại)', 3400, '2025-06-30', NULL, NULL, 'du_kien', NULL),
('TC-004', 4, 'Tạm ứng hợp đồng', 5250, '2023-10-15', '2023-10-15', '2023-11-02', 'da_thanh_toan', NULL),
('TC-004', 4, 'Nghiệm thu giai đoạn 1', 8750, '2024-04-24', '2024-04-24', '2024-05-13', 'da_thanh_toan', NULL),
('TC-004', 4, 'Nghiệm thu giai đoạn 2', 8750, '2024-09-13', '2024-09-13', '2024-10-05', 'da_thanh_toan', NULL),
('TC-004', 4, 'Nghiệm thu giai đoạn 3', 7000, '2025-01-04', '2025-01-04', '2025-01-26', 'da_thanh_toan', NULL),
('TC-004', 4, 'Nghiệm thu hoàn thành', 3500, '2025-03-02', '2025-04-02', NULL, 'qua_han', NULL),
('TC-004', 4, 'Bảo lãnh bảo hành (giữ lại)', 1750, '2025-03-31', '2025-03-31', NULL, 'chua_thanh_toan', NULL),
('TC-005', 5, 'Tạm ứng hợp đồng', 7800, '2023-10-15', '2023-10-15', '2023-11-02', 'da_thanh_toan', NULL),
('TC-005', 5, 'Nghiệm thu giai đoạn 1', 13000, '2024-11-26', '2024-11-26', '2024-12-04', 'da_thanh_toan', NULL),
('TC-005', 5, 'Nghiệm thu giai đoạn 2', 13000, '2025-04-16', '2025-04-16', NULL, 'chua_thanh_toan', NULL),
('TC-005', 5, 'Nghiệm thu giai đoạn 3', 10400, '2025-08-07', '2025-08-07', NULL, 'du_kien', NULL),
('TC-005', 5, 'Nghiệm thu hoàn thành', 5200, '2025-10-02', '2025-10-02', NULL, 'du_kien', NULL),
('TC-005', 5, 'Bảo lãnh bảo hành (giữ lại)', 2600, '2025-10-31', '2025-10-31', NULL, 'du_kien', NULL),
('TC-003', 3, 'Nghiệm thu giai đoạn 2 — khoản trọng yếu', 8500, '2025-05-15', NULL, NULL, 'du_kien', 'Phụ thuộc tiến độ thi công — hiện chậm 23%'),
('BDS-001', NULL, 'Đợt thu tiền bán hàng lần 1', 15750, '2024-08-30', '2024-08-30', '2024-09-02', 'da_thanh_toan', NULL),
('BDS-001', NULL, 'Đợt thu tiền bán hàng lần 2', 15750, '2024-11-28', '2024-11-28', '2024-12-03', 'da_thanh_toan', NULL),
('BDS-001', NULL, 'Đợt thu tiền bán hàng lần 3', 15750, '2025-02-26', '2025-02-26', '2025-03-12', 'da_thanh_toan', NULL),
('BDS-001', NULL, 'Đợt thu tiền bán hàng lần 4', 15750, '2025-05-27', '2025-05-27', NULL, 'du_kien', NULL),
('BDS-002', NULL, 'Đợt thu tiền bán hàng lần 1', 20250, '2023-04-01', '2023-04-01', '2023-04-21', 'da_thanh_toan', NULL),
('BDS-002', NULL, 'Đợt thu tiền bán hàng lần 2', 20250, '2023-06-30', '2023-06-30', '2023-07-05', 'da_thanh_toan', NULL),
('BDS-003', NULL, 'Đợt thu tiền bán hàng lần 1', 10150, '2024-11-30', '2024-11-30', '2024-12-13', 'da_thanh_toan', NULL),
('BDS-003', NULL, 'Đợt thu tiền bán hàng lần 2', 10150, '2025-02-28', '2025-02-28', '2025-03-15', 'da_thanh_toan', NULL),
('BDS-003', NULL, 'Đợt thu tiền bán hàng lần 3', 10150, '2025-05-29', '2025-05-29', NULL, 'du_kien', NULL),
('BDS-003', NULL, 'Đợt thu tiền bán hàng lần 4', 10150, '2025-08-27', '2025-08-27', NULL, 'du_kien', NULL),
('BDS-004', NULL, 'Đợt thu tiền bán hàng lần 1', 8400, '2024-05-30', '2024-05-30', '2024-06-02', 'da_thanh_toan', NULL),
('BDS-004', NULL, 'Đợt thu tiền bán hàng lần 2', 8400, '2024-08-28', '2024-08-28', '2024-09-09', 'da_thanh_toan', NULL),
('BDS-004', NULL, 'Đợt thu tiền bán hàng lần 3', 8400, '2024-11-26', '2024-11-26', '2024-12-12', 'da_thanh_toan', NULL),
('BDS-004', NULL, 'Đợt thu tiền bán hàng lần 4', 8400, '2025-02-24', '2025-02-24', '2025-03-11', 'da_thanh_toan', NULL),
('BDS-005', NULL, 'Đợt thu tiền bán hàng lần 1', 33750, '2024-03-31', '2024-03-31', '2024-04-05', 'da_thanh_toan', NULL),
('BDS-005', NULL, 'Đợt thu tiền bán hàng lần 2', 33750, '2024-06-29', '2024-06-29', '2024-07-19', 'da_thanh_toan', NULL);

-- payables
INSERT INTO payables (project_id, counterparty_id, category, description, amount, due_date, actual_paid_date, status) VALUES
('TC-001', 6, 'nha_thau_phu', 'Thanh toán NTP tháng 1/2024', 430, '2024-01-25', '2024-01-30', 'da_thanh_toan'),
('TC-001', 7, 'vat_lieu', 'Thanh toán NVL tháng 1/2024', 1141, '2024-01-15', '2024-01-17', 'da_thanh_toan'),
('TC-001', 6, 'nha_thau_phu', 'Thanh toán NTP tháng 8/2024', 386, '2024-08-25', '2024-09-01', 'da_thanh_toan'),
('TC-001', 8, 'vat_lieu', 'Thanh toán NVL tháng 8/2024', 1310, '2024-08-15', '2024-08-24', 'da_thanh_toan'),
('TC-001', 6, 'nha_thau_phu', 'Thanh toán NTP tháng 9/2024', 449, '2024-09-25', '2024-09-29', 'da_thanh_toan'),
('TC-001', 8, 'vat_lieu', 'Thanh toán NVL tháng 9/2024', 1240, '2024-09-15', '2024-09-20', 'da_thanh_toan'),
('TC-001', 6, 'nha_thau_phu', 'Thanh toán NTP tháng 10/2024', 527, '2024-10-25', '2024-11-04', 'da_thanh_toan'),
('TC-001', 8, 'vat_lieu', 'Thanh toán NVL tháng 10/2024', 1590, '2024-10-15', '2024-10-25', 'da_thanh_toan'),
('TC-001', 6, 'nha_thau_phu', 'Thanh toán NTP tháng 11/2024', 514, '2024-11-25', '2024-12-05', 'da_thanh_toan'),
('TC-001', 7, 'vat_lieu', 'Thanh toán NVL tháng 11/2024', 1843, '2024-11-15', '2024-11-22', 'da_thanh_toan'),
('TC-001', 6, 'nha_thau_phu', 'Thanh toán NTP tháng 1/2025', 428, '2025-01-25', '2025-02-03', 'da_thanh_toan'),
('TC-001', 8, 'vat_lieu', 'Thanh toán NVL tháng 1/2025', 1162, '2025-01-15', '2025-01-24', 'da_thanh_toan'),
('TC-001', 6, 'nha_thau_phu', 'Thanh toán NTP tháng 2/2025', 291, '2025-02-25', '2025-03-05', 'da_thanh_toan'),
('TC-001', 8, 'vat_lieu', 'Thanh toán NVL tháng 2/2025', 1037, '2025-02-15', '2025-02-20', 'da_thanh_toan'),
('TC-002', 6, 'nha_thau_phu', 'Thanh toán NTP tháng 3/2024', 373, '2024-03-25', '2024-03-30', 'da_thanh_toan'),
('TC-002', 7, 'vat_lieu', 'Thanh toán NVL tháng 3/2024', 1134, '2024-03-15', '2024-03-22', 'da_thanh_toan'),
('TC-002', 6, 'nha_thau_phu', 'Thanh toán NTP tháng 4/2024', 333, '2024-04-25', '2024-05-04', 'da_thanh_toan'),
('TC-002', 7, 'vat_lieu', 'Thanh toán NVL tháng 4/2024', 1255, '2024-04-15', '2024-04-21', 'da_thanh_toan'),
('TC-002', 6, 'nha_thau_phu', 'Thanh toán NTP tháng 5/2024', 307, '2024-05-25', '2024-06-03', 'da_thanh_toan'),
('TC-002', 7, 'vat_lieu', 'Thanh toán NVL tháng 5/2024', 948, '2024-05-15', '2024-05-21', 'da_thanh_toan'),
('TC-002', 6, 'nha_thau_phu', 'Thanh toán NTP tháng 6/2024', 255, '2024-06-25', '2024-07-10', 'da_thanh_toan'),
('TC-002', 8, 'vat_lieu', 'Thanh toán NVL tháng 6/2024', 936, '2024-06-15', '2024-06-23', 'da_thanh_toan'),
('TC-002', 6, 'nha_thau_phu', 'Thanh toán NTP tháng 8/2024', 314, '2024-08-25', '2024-08-27', 'da_thanh_toan'),
('TC-002', 7, 'vat_lieu', 'Thanh toán NVL tháng 8/2024', 722, '2024-08-15', '2024-08-25', 'da_thanh_toan'),
('TC-002', 6, 'nha_thau_phu', 'Thanh toán NTP tháng 9/2024', 282, '2024-09-25', '2024-09-26', 'da_thanh_toan'),
('TC-002', 8, 'vat_lieu', 'Thanh toán NVL tháng 9/2024', 981, '2024-09-15', '2024-09-20', 'da_thanh_toan'),
('TC-002', 6, 'nha_thau_phu', 'Thanh toán NTP tháng 10/2024', 383, '2024-10-25', '2024-10-25', 'da_thanh_toan'),
('TC-002', 7, 'vat_lieu', 'Thanh toán NVL tháng 10/2024', 972, '2024-10-15', '2024-10-23', 'da_thanh_toan'),
('TC-002', 6, 'nha_thau_phu', 'Thanh toán NTP tháng 11/2024', 438, '2024-11-25', '2024-12-02', 'da_thanh_toan'),
('TC-002', 8, 'vat_lieu', 'Thanh toán NVL tháng 11/2024', 1232, '2024-11-15', '2024-11-22', 'da_thanh_toan'),
('TC-002', 6, 'nha_thau_phu', 'Thanh toán NTP tháng 12/2024', 461, '2024-12-25', '2024-12-29', 'da_thanh_toan'),
('TC-002', 7, 'vat_lieu', 'Thanh toán NVL tháng 12/2024', 1228, '2024-12-15', '2024-12-22', 'da_thanh_toan'),
('TC-002', 6, 'nha_thau_phu', 'Thanh toán NTP tháng 3/2025', 304, '2025-03-25', NULL, 'chua_thanh_toan'),
('TC-002', 7, 'vat_lieu', 'Thanh toán NVL tháng 3/2025', 1244, '2025-03-15', NULL, 'chua_thanh_toan'),
('TC-003', 6, 'nha_thau_phu', 'Thanh toán NTP tháng 12/2023', 786, '2023-12-25', '2024-01-05', 'da_thanh_toan'),
('TC-003', 8, 'vat_lieu', 'Thanh toán NVL tháng 12/2023', 2271, '2023-12-15', '2023-12-22', 'da_thanh_toan'),
('TC-003', 6, 'nha_thau_phu', 'Thanh toán NTP tháng 3/2024', 532, '2024-03-25', '2024-04-04', 'da_thanh_toan'),
('TC-003', 7, 'vat_lieu', 'Thanh toán NVL tháng 3/2024', 1961, '2024-03-15', '2024-03-18', 'da_thanh_toan'),
('TC-003', 6, 'nha_thau_phu', 'Thanh toán NTP tháng 4/2024', 673, '2024-04-25', '2024-05-05', 'da_thanh_toan'),
('TC-003', 8, 'vat_lieu', 'Thanh toán NVL tháng 4/2024', 1986, '2024-04-15', '2024-04-18', 'da_thanh_toan'),
('TC-003', 6, 'nha_thau_phu', 'Thanh toán NTP tháng 5/2024', 662, '2024-05-25', '2024-05-30', 'da_thanh_toan'),
('TC-003', 8, 'vat_lieu', 'Thanh toán NVL tháng 5/2024', 1956, '2024-05-15', '2024-05-21', 'da_thanh_toan'),
('TC-003', 6, 'nha_thau_phu', 'Thanh toán NTP tháng 7/2024', 448, '2024-07-25', '2024-08-07', 'da_thanh_toan'),
('TC-003', 7, 'vat_lieu', 'Thanh toán NVL tháng 7/2024', 1432, '2024-07-15', '2024-07-18', 'da_thanh_toan'),
('TC-003', 6, 'nha_thau_phu', 'Thanh toán NTP tháng 9/2024', 637, '2024-09-25', '2024-09-28', 'da_thanh_toan'),
('TC-003', 7, 'vat_lieu', 'Thanh toán NVL tháng 9/2024', 1876, '2024-09-15', '2024-09-20', 'da_thanh_toan'),
('TC-003', 6, 'nha_thau_phu', 'Thanh toán NTP tháng 1/2025', 454, '2025-01-25', '2025-02-04', 'da_thanh_toan'),
('TC-003', 8, 'vat_lieu', 'Thanh toán NVL tháng 1/2025', 1374, '2025-01-15', '2025-01-24', 'da_thanh_toan'),
('TC-004', 6, 'nha_thau_phu', 'Thanh toán NTP tháng 12/2023', 453, '2023-12-25', '2023-12-27', 'da_thanh_toan'),
('TC-004', 8, 'vat_lieu', 'Thanh toán NVL tháng 12/2023', 1273, '2023-12-15', '2023-12-16', 'da_thanh_toan'),
('TC-004', 6, 'nha_thau_phu', 'Thanh toán NTP tháng 6/2024', 288, '2024-06-25', '2024-07-08', 'da_thanh_toan'),
('TC-004', 7, 'vat_lieu', 'Thanh toán NVL tháng 6/2024', 721, '2024-06-15', '2024-06-23', 'da_thanh_toan'),
('TC-004', 6, 'nha_thau_phu', 'Thanh toán NTP tháng 10/2024', 375, '2024-10-25', '2024-11-05', 'da_thanh_toan'),
('TC-004', 8, 'vat_lieu', 'Thanh toán NVL tháng 10/2024', 1244, '2024-10-15', '2024-10-17', 'da_thanh_toan'),
('TC-004', 6, 'nha_thau_phu', 'Thanh toán NTP tháng 1/2025', 248, '2025-01-25', '2025-02-07', 'da_thanh_toan'),
('TC-004', 8, 'vat_lieu', 'Thanh toán NVL tháng 1/2025', 738, '2025-01-15', '2025-01-22', 'da_thanh_toan'),
('TC-005', 6, 'nha_thau_phu', 'Thanh toán NTP tháng 5/2024', 665, '2024-05-25', '2024-06-02', 'da_thanh_toan'),
('TC-005', 8, 'vat_lieu', 'Thanh toán NVL tháng 5/2024', 1900, '2024-05-15', '2024-05-17', 'da_thanh_toan'),
('TC-005', 6, 'nha_thau_phu', 'Thanh toán NTP tháng 6/2024', 638, '2024-06-25', '2024-07-10', 'da_thanh_toan'),
('TC-005', 7, 'vat_lieu', 'Thanh toán NVL tháng 6/2024', 1866, '2024-06-15', '2024-06-24', 'da_thanh_toan'),
('TC-005', 6, 'nha_thau_phu', 'Thanh toán NTP tháng 8/2024', 663, '2024-08-25', '2024-09-05', 'da_thanh_toan'),
('TC-005', 7, 'vat_lieu', 'Thanh toán NVL tháng 8/2024', 1757, '2024-08-15', '2024-08-22', 'da_thanh_toan'),
('TC-005', 6, 'nha_thau_phu', 'Thanh toán NTP tháng 9/2024', 785, '2024-09-25', '2024-09-28', 'da_thanh_toan'),
('TC-005', 7, 'vat_lieu', 'Thanh toán NVL tháng 9/2024', 2114, '2024-09-15', '2024-09-19', 'da_thanh_toan'),
('TC-005', 6, 'nha_thau_phu', 'Thanh toán NTP tháng 10/2024', 646, '2024-10-25', '2024-11-02', 'da_thanh_toan'),
('TC-005', 7, 'vat_lieu', 'Thanh toán NVL tháng 10/2024', 2196, '2024-10-15', '2024-10-22', 'da_thanh_toan'),
('TC-005', 6, 'nha_thau_phu', 'Thanh toán NTP tháng 11/2024', 731, '2024-11-25', '2024-12-02', 'da_thanh_toan'),
('TC-005', 8, 'vat_lieu', 'Thanh toán NVL tháng 11/2024', 2246, '2024-11-15', '2024-11-24', 'da_thanh_toan'),
('TC-005', 6, 'nha_thau_phu', 'Thanh toán NTP tháng 12/2024', 778, '2024-12-25', '2024-12-29', 'da_thanh_toan'),
('TC-005', 7, 'vat_lieu', 'Thanh toán NVL tháng 12/2024', 2944, '2024-12-15', '2024-12-15', 'da_thanh_toan'),
('TC-005', 6, 'nha_thau_phu', 'Thanh toán NTP tháng 1/2025', 525, '2025-01-25', '2025-01-30', 'da_thanh_toan'),
('TC-005', 8, 'vat_lieu', 'Thanh toán NVL tháng 1/2025', 1417, '2025-01-15', '2025-01-19', 'da_thanh_toan'),
('TC-005', 6, 'nha_thau_phu', 'Thanh toán NTP tháng 2/2025', 530, '2025-02-25', '2025-02-28', 'da_thanh_toan'),
('TC-005', 8, 'vat_lieu', 'Thanh toán NVL tháng 2/2025', 1129, '2025-02-15', '2025-02-15', 'da_thanh_toan'),
('TC-005', 6, 'nha_thau_phu', 'Thanh toán NTP tháng 3/2025', 832, '2025-03-25', NULL, 'chua_thanh_toan'),
('TC-005', 7, 'vat_lieu', 'Thanh toán NVL tháng 3/2025', 1816, '2025-03-15', NULL, 'chua_thanh_toan'),
('TC-003', 6, 'nha_thau_phu', 'Thanh toán NTP đợt Q2/2025 — hợp đồng ràng buộc', 6200, '2025-05-10', NULL, 'chua_thanh_toan'),
('BDS-001', 9, 'lai_vay', 'Lãi vay tháng 10/2024', 143, '2024-10-20', '2024-10-21', 'da_thanh_toan'),
('BDS-001', 9, 'lai_vay', 'Lãi vay tháng 11/2024', 162, '2024-11-20', '2024-11-21', 'da_thanh_toan'),
('BDS-001', 9, 'lai_vay', 'Lãi vay tháng 12/2024', 180, '2024-12-20', '2024-12-23', 'da_thanh_toan'),
('BDS-001', 9, 'lai_vay', 'Lãi vay tháng 1/2025', 116, '2025-01-20', '2025-01-24', 'da_thanh_toan'),
('BDS-001', 9, 'lai_vay', 'Lãi vay tháng 2/2025', 241, '2025-02-20', '2025-02-22', 'da_thanh_toan'),
('BDS-001', 9, 'lai_vay', 'Lãi vay tháng 3/2025', 240, '2025-03-20', '2025-03-23', 'da_thanh_toan'),
('BDS-002', 9, 'lai_vay', 'Lãi vay tháng 10/2024', 176, '2024-10-20', '2024-10-23', 'da_thanh_toan'),
('BDS-002', 9, 'lai_vay', 'Lãi vay tháng 11/2024', 99, '2024-11-20', '2024-11-25', 'da_thanh_toan'),
('BDS-002', 9, 'lai_vay', 'Lãi vay tháng 12/2024', 103, '2024-12-20', '2024-12-23', 'da_thanh_toan'),
('BDS-002', 9, 'lai_vay', 'Lãi vay tháng 1/2025', 211, '2025-01-20', '2025-01-25', 'da_thanh_toan'),
('BDS-002', 9, 'lai_vay', 'Lãi vay tháng 2/2025', 151, '2025-02-20', '2025-02-25', 'da_thanh_toan'),
('BDS-002', 9, 'lai_vay', 'Lãi vay tháng 3/2025', 174, '2025-03-20', '2025-03-23', 'da_thanh_toan'),
('BDS-005', 9, 'lai_vay', 'Lãi vay tháng 10/2024', 443, '2024-10-20', '2024-10-23', 'da_thanh_toan'),
('BDS-005', 9, 'lai_vay', 'Lãi vay tháng 11/2024', 283, '2024-11-20', '2024-11-24', 'da_thanh_toan'),
('BDS-005', 9, 'lai_vay', 'Lãi vay tháng 12/2024', 200, '2024-12-20', '2024-12-25', 'da_thanh_toan'),
('BDS-005', 9, 'lai_vay', 'Lãi vay tháng 1/2025', 223, '2025-01-20', '2025-01-25', 'da_thanh_toan'),
('BDS-005', 9, 'lai_vay', 'Lãi vay tháng 2/2025', 448, '2025-02-20', '2025-02-23', 'da_thanh_toan'),
('BDS-005', 9, 'lai_vay', 'Lãi vay tháng 3/2025', 362, '2025-03-20', '2025-03-25', 'da_thanh_toan');

-- cash_flow_actual
INSERT INTO cash_flow_actual (flow_month, opening_balance, total_inflow, total_outflow, net_cash_flow, closing_balance) VALUES
('2023-10-01', 5200, 36802, 34142, 2660, 7860),
('2023-11-01', 7860, 32426, 31003, 1423, 9283),
('2023-12-01', 9283, 34860, 34620, 240, 9523),
('2024-01-01', 9523, 23828, 23678, 150, 9673),
('2024-02-01', 9673, 21803, 21575, 228, 9901),
('2024-03-01', 9901, 23331, 23647, -316, 9585),
('2024-04-01', 9585, 23453, 23899, -446, 9139),
('2024-05-01', 9139, 27622, 27896, -274, 8865),
('2024-06-01', 8865, 35514, 35380, 134, 8999),
('2024-07-01', 8999, 24162, 24262, -100, 8899),
('2024-08-01', 8899, 30004, 28306, 1698, 10597),
('2024-09-01', 10597, 32259, 30851, 1408, 12005),
('2024-10-01', 12005, 46267, 43360, 2907, 14912),
('2024-11-01', 14912, 34649, 31982, 2667, 17579),
('2024-12-01', 17579, 28804, 27629, 1175, 18754),
('2025-01-01', 18754, 22845, 37590, -14745, 4009),
('2025-02-01', 4009, 27011, 26579, 432, 4441),
('2025-03-01', 4441, 23123, 23152, -29, 4412);

-- real_estate_units
INSERT INTO real_estate_units (project_id, unit_type_id, unit_code, area_m2, listed_price, actual_price, status, listing_date, reservation_date, sale_date, handover_date, buyer_type, floor_number, block, position) VALUES
('BDS-001', 3, 'LK-A01', 77.0, 1330, 1309, 'da_ban_giao', '2024-06-01', '2024-05-18', '2024-06-10', '2024-11-08', 'dau_tu', NULL, 'A', 'Gần công viên'),
('BDS-001', 3, 'LK-B01', 89.6, 1516, 1519, 'da_ban_giao', '2024-06-01', '2024-06-02', '2024-06-11', '2024-10-17', 'dau_tu', NULL, 'B', 'Gần công viên'),
('BDS-001', 3, 'LK-C01', 75.5, 1342, 1336, 'da_ban_giao', '2024-06-01', '2024-06-13', '2024-06-22', '2024-09-16', 'ca_nhan', NULL, 'C', 'Trong khu'),
('BDS-001', 3, 'LK-D01', 84.3, 1500, 1512, 'da_ban_giao', '2024-06-01', '2024-05-28', '2024-06-24', '2024-11-14', 'doanh_nghiep', NULL, 'D', 'Mặt đường phụ'),
('BDS-001', 3, 'LK-A02', 86.8, 1458, 1483, 'da_ban_giao', '2024-06-01', '2024-06-03', '2024-07-03', '2024-10-01', 'ca_nhan', NULL, 'A', 'Gần công viên'),
('BDS-001', 3, 'LK-B02', 77.6, 1602, 1558, 'da_ban_giao', '2024-06-01', '2024-06-10', '2024-07-06', '2024-11-28', 'doanh_nghiep', NULL, 'B', 'Mặt đường chính'),
('BDS-001', 3, 'LK-C02', 87.1, 1431, 1438, 'da_ban_giao', '2024-06-01', '2024-06-29', '2024-07-10', '2024-09-28', 'dau_tu', NULL, 'C', 'Mặt đường chính'),
('BDS-001', 3, 'LK-D02', 93.9, 1567, 1540, 'da_ban_giao', '2024-06-01', '2024-06-10', '2024-07-10', '2024-10-25', 'ca_nhan', NULL, 'D', 'Mặt đường phụ'),
('BDS-001', 3, 'LK-A03', 89.2, 1535, 1514, 'da_ban_giao', '2024-06-01', '2024-07-14', '2024-07-21', '2024-11-12', 'ca_nhan', NULL, 'A', 'Mặt đường chính'),
('BDS-001', 3, 'LK-B03', 84.0, 1434, 1396, 'da_ban_giao', '2024-06-01', '2024-07-09', '2024-08-05', '2024-12-01', 'dau_tu', NULL, 'B', 'Mặt đường phụ'),
('BDS-001', 3, 'LK-C03', 80.3, 1555, 1536, 'da_ban_giao', '2024-06-01', '2024-07-29', '2024-08-10', '2024-11-10', 'ca_nhan', NULL, 'C', 'Mặt đường phụ'),
('BDS-001', 3, 'LK-D03', 92.6, 1713, 1661, 'da_ban_giao', '2024-06-01', '2024-07-23', '2024-08-15', '2025-01-31', 'ca_nhan', NULL, 'D', 'Mặt đường chính'),
('BDS-001', 3, 'LK-A04', 77.6, 1541, 1565, 'da_ban_giao', '2024-06-01', '2024-07-28', '2024-08-16', '2024-11-06', 'ca_nhan', NULL, 'A', 'Trong khu'),
('BDS-001', 3, 'LK-B04', 84.7, 1665, 1641, 'da_ban_giao', '2024-06-01', '2024-08-03', '2024-08-17', '2024-12-08', 'doanh_nghiep', NULL, 'B', 'Gần công viên'),
('BDS-001', 3, 'LK-C04', 79.4, 1339, 1306, 'da_ban_giao', '2024-06-01', '2024-08-05', '2024-08-23', '2025-01-16', 'ca_nhan', NULL, 'C', 'Mặt đường phụ'),
('BDS-001', 3, 'LK-D04', 76.1, 1685, 1708, 'da_ban_giao', '2024-06-01', '2024-08-18', '2024-08-27', '2025-02-13', 'ca_nhan', NULL, 'D', 'Mặt đường chính'),
('BDS-001', 3, 'LK-A05', 89.8, 1459, 1455, 'da_ban_giao', '2024-06-01', '2024-08-18', '2024-08-27', '2024-10-27', 'ca_nhan', NULL, 'A', 'Trong khu'),
('BDS-001', 3, 'LK-B05', 76.6, 1588, 1589, 'da_ban_giao', '2024-06-01', '2024-08-24', '2024-09-23', '2025-01-20', 'ca_nhan', NULL, 'B', 'Trong khu'),
('BDS-001', 3, 'LK-C05', 85.6, 1655, 1668, 'da_ban_giao', '2024-06-01', '2024-09-15', '2024-10-09', '2025-01-08', 'ca_nhan', NULL, 'C', 'Lô góc'),
('BDS-001', 3, 'LK-D05', 72.1, 1571, 1573, 'da_ban_giao', '2024-06-01', '2024-10-05', '2024-10-23', '2025-03-20', 'ca_nhan', NULL, 'D', 'Mặt đường chính'),
('BDS-001', 3, 'LK-A06', 93.9, 1300, 1308, 'da_ban_giao', '2024-06-01', '2024-10-14', '2024-11-13', '2025-01-25', 'ca_nhan', NULL, 'A', 'Gần công viên'),
('BDS-001', 3, 'LK-B06', 84.2, 1421, 1446, 'da_ban_giao', '2024-06-01', '2024-10-29', '2024-11-20', '2025-02-06', 'doanh_nghiep', NULL, 'B', 'Gần công viên'),
('BDS-001', 3, 'LK-C06', 78.4, 1420, 1406, 'da_ban_giao', '2024-06-01', '2024-11-03', '2024-11-26', '2025-05-19', 'ca_nhan', NULL, 'C', 'Lô góc'),
('BDS-001', 3, 'LK-D06', 82.5, 1781, 1739, 'da_ban', '2024-06-01', '2024-11-19', '2024-12-12', NULL, 'dau_tu', NULL, 'D', 'Mặt đường chính'),
('BDS-001', 3, 'LK-A07', 73.7, 1672, 1641, 'da_ban', '2024-06-01', '2024-12-02', '2024-12-13', NULL, 'ca_nhan', NULL, 'A', 'Mặt đường chính'),
('BDS-001', 3, 'LK-B07', 91.6, 1501, 1489, 'da_ban', '2024-06-01', '2024-11-27', '2024-12-14', NULL, 'ca_nhan', NULL, 'B', 'Trong khu'),
('BDS-001', 3, 'LK-C07', 73.7, 1499, 1462, 'da_ban', '2024-06-01', '2024-12-02', '2024-12-27', NULL, 'ca_nhan', NULL, 'C', 'Lô góc'),
('BDS-001', 3, 'LK-D07', 75.8, 1538, 1501, 'da_ban', '2024-06-01', '2024-12-20', '2025-01-09', NULL, 'ca_nhan', NULL, 'D', 'Trong khu'),
('BDS-001', 3, 'LK-A08', 94.2, 1406, 1396, 'da_ban', '2024-06-01', '2024-12-30', '2025-01-15', NULL, 'ca_nhan', NULL, 'A', 'Gần công viên'),
('BDS-001', 3, 'LK-B08', 74.1, 1651, 1658, 'da_ban', '2024-06-01', '2024-12-25', '2025-01-23', NULL, 'ca_nhan', NULL, 'B', 'Trong khu'),
('BDS-001', 3, 'LK-C08', 76.9, 1517, 1544, 'da_ban', '2024-06-01', '2025-01-13', '2025-01-27', NULL, 'dau_tu', NULL, 'C', 'Lô góc'),
('BDS-001', 3, 'LK-D08', 83.8, 1646, 1664, 'da_ban', '2024-06-01', '2025-01-19', '2025-02-03', NULL, 'ca_nhan', NULL, 'D', 'Trong khu'),
('BDS-001', 3, 'LK-A09', 72.7, 1507, 1518, 'da_ban', '2024-06-01', '2025-01-16', '2025-02-09', NULL, 'ca_nhan', NULL, 'A', 'Gần công viên'),
('BDS-001', 3, 'LK-B09', 74.2, 1400, 1416, 'da_ban', '2024-06-01', '2025-02-13', '2025-02-21', NULL, 'ca_nhan', NULL, 'B', 'Lô góc'),
('BDS-001', 3, 'LK-C09', 75.0, 1505, 1507, 'da_ban', '2024-06-01', '2025-01-25', '2025-02-22', NULL, 'doanh_nghiep', NULL, 'C', 'Trong khu'),
('BDS-001', 3, 'LK-D09', 73.9, 1600, 1553, 'da_ban', '2024-06-01', '2025-02-13', '2025-02-22', NULL, 'ca_nhan', NULL, 'D', 'Trong khu'),
('BDS-001', 3, 'LK-A10', 76.5, 1630, 1588, 'dat_coc', '2024-06-01', '2025-02-22', '2025-03-05', NULL, 'ca_nhan', NULL, 'A', 'Gần công viên'),
('BDS-001', 3, 'LK-B10', 74.8, 1594, 1580, 'dat_coc', '2024-06-01', '2025-02-08', '2025-03-05', NULL, 'doanh_nghiep', NULL, 'B', 'Mặt đường chính'),
('BDS-001', 3, 'LK-C10', 81.1, 1315, 1303, 'dat_coc', '2024-06-01', '2025-02-12', '2025-03-12', NULL, 'ca_nhan', NULL, 'C', 'Gần công viên'),
('BDS-001', 3, 'LK-D10', 76.9, 1395, 1384, 'dat_coc', '2024-06-01', '2025-03-01', '2025-03-16', NULL, 'ca_nhan', NULL, 'D', 'Trong khu'),
('BDS-001', 3, 'LK-A11', 72.8, 1617, 1620, 'dat_coc', '2024-06-01', '2025-03-10', '2025-03-24', NULL, 'dau_tu', NULL, 'A', 'Mặt đường phụ'),
('BDS-001', 3, 'LK-B11', 81.5, 1581, 1540, 'dat_coc', '2024-06-01', '2025-03-18', '2025-03-26', NULL, 'dau_tu', NULL, 'B', 'Gần công viên'),
('BDS-001', 3, 'LK-C11', 75.2, 1402, NULL, 'chua_ban', '2024-06-01', NULL, NULL, NULL, NULL, NULL, 'C', 'Mặt đường phụ'),
('BDS-001', 3, 'LK-D11', 77.7, 1703, NULL, 'chua_ban', '2024-06-01', NULL, NULL, NULL, NULL, NULL, 'D', 'Mặt đường chính'),
('BDS-001', 3, 'LK-A12', 90.0, 1483, NULL, 'chua_ban', '2024-06-01', NULL, NULL, NULL, NULL, NULL, 'A', 'Gần công viên'),
('BDS-001', 3, 'LK-B12', 84.5, 1548, NULL, 'chua_ban', '2024-06-01', NULL, NULL, NULL, NULL, NULL, 'B', 'Trong khu'),
('BDS-001', 3, 'LK-C12', 93.0, 1557, NULL, 'chua_ban', '2024-06-01', NULL, NULL, NULL, NULL, NULL, 'C', 'Trong khu'),
('BDS-001', 3, 'LK-D12', 80.9, 1455, NULL, 'chua_ban', '2024-06-01', NULL, NULL, NULL, NULL, NULL, 'D', 'Mặt đường chính'),
('BDS-001', 3, 'LK-A13', 77.0, 1698, NULL, 'chua_ban', '2024-06-01', NULL, NULL, NULL, NULL, NULL, 'A', 'Trong khu'),
('BDS-001', 3, 'LK-B13', 73.3, 1541, NULL, 'chua_ban', '2024-06-01', NULL, NULL, NULL, NULL, NULL, 'B', 'Mặt đường phụ'),
('BDS-001', 3, 'LK-C13', 80.2, 1724, NULL, 'chua_ban', '2024-06-01', NULL, NULL, NULL, NULL, NULL, 'C', 'Lô góc'),
('BDS-001', 3, 'LK-D13', 74.3, 1706, NULL, 'chua_ban', '2024-06-01', NULL, NULL, NULL, NULL, NULL, 'D', 'Lô góc'),
('BDS-001', 3, 'LK-A14', 90.8, 1791, NULL, 'chua_ban', '2024-06-01', NULL, NULL, NULL, NULL, NULL, 'A', 'Mặt đường chính'),
('BDS-001', 3, 'LK-B14', 93.8, 1594, NULL, 'chua_ban', '2024-06-01', NULL, NULL, NULL, NULL, NULL, 'B', 'Gần công viên'),
('BDS-001', 3, 'LK-C14', 80.2, 1446, NULL, 'chua_ban', '2024-06-01', NULL, NULL, NULL, NULL, NULL, 'C', 'Lô góc'),
('BDS-001', 3, 'LK-D14', 79.3, 1677, NULL, 'chua_ban', '2024-06-01', NULL, NULL, NULL, NULL, NULL, 'D', 'Trong khu'),
('BDS-001', 3, 'LK-A15', 93.0, 1314, NULL, 'chua_ban', '2024-06-01', NULL, NULL, NULL, NULL, NULL, 'A', 'Trong khu'),
('BDS-001', 3, 'LK-B15', 93.8, 1680, NULL, 'chua_ban', '2024-06-01', NULL, NULL, NULL, NULL, NULL, 'B', 'Lô góc'),
('BDS-001', 3, 'LK-C15', 76.3, 1552, NULL, 'chua_ban', '2024-06-01', NULL, NULL, NULL, NULL, NULL, 'C', 'Mặt đường phụ'),
('BDS-001', 3, 'LK-D15', 79.1, 1604, NULL, 'chua_ban', '2024-06-01', NULL, NULL, NULL, NULL, NULL, 'D', 'Mặt đường chính'),
('BDS-001', 3, 'LK-A16', 77.4, 1491, NULL, 'chua_ban', '2024-06-01', NULL, NULL, NULL, NULL, NULL, 'A', 'Mặt đường chính'),
('BDS-001', 3, 'LK-B16', 72.0, 1727, NULL, 'chua_ban', '2024-06-01', NULL, NULL, NULL, NULL, NULL, 'B', 'Lô góc'),
('BDS-001', 3, 'LK-C16', 79.8, 1390, NULL, 'chua_ban', '2024-06-01', NULL, NULL, NULL, NULL, NULL, 'C', 'Trong khu'),
('BDS-001', 3, 'LK-D16', 73.4, 1375, NULL, 'chua_ban', '2024-06-01', NULL, NULL, NULL, NULL, NULL, 'D', 'Mặt đường phụ'),
('BDS-001', 3, 'LK-A17', 88.2, 1471, NULL, 'chua_ban', '2024-06-01', NULL, NULL, NULL, NULL, NULL, 'A', 'Mặt đường chính'),
('BDS-001', 3, 'LK-B17', 91.8, 1337, NULL, 'chua_ban', '2024-06-01', NULL, NULL, NULL, NULL, NULL, 'B', 'Trong khu'),
('BDS-001', 3, 'LK-C17', 88.2, 1639, NULL, 'chua_ban', '2024-06-01', NULL, NULL, NULL, NULL, NULL, 'C', 'Gần công viên'),
('BDS-001', 3, 'LK-D17', 85.5, 1472, NULL, 'chua_ban', '2024-06-01', NULL, NULL, NULL, NULL, NULL, 'D', 'Trong khu'),
('BDS-001', 3, 'LK-A18', 79.4, 1380, NULL, 'chua_ban', '2024-06-01', NULL, NULL, NULL, NULL, NULL, 'A', 'Gần công viên'),
('BDS-001', 3, 'LK-B18', 90.2, 1549, NULL, 'chua_ban', '2024-06-01', NULL, NULL, NULL, NULL, NULL, 'B', 'Trong khu'),
('BDS-001', 3, 'LK-C18', 76.0, 1587, NULL, 'chua_ban', '2024-06-01', NULL, NULL, NULL, NULL, NULL, 'C', 'Mặt đường phụ'),
('BDS-001', 3, 'LK-D18', 90.1, 1414, NULL, 'chua_ban', '2024-06-01', NULL, NULL, NULL, NULL, NULL, 'D', 'Mặt đường phụ'),
('BDS-001', 3, 'LK-A19', 90.7, 1493, NULL, 'chua_ban', '2024-06-01', NULL, NULL, NULL, NULL, NULL, 'A', 'Trong khu'),
('BDS-001', 3, 'LK-B19', 88.9, 1506, NULL, 'chua_ban', '2024-06-01', NULL, NULL, NULL, NULL, NULL, 'B', 'Lô góc'),
('BDS-001', 3, 'LK-C19', 72.0, 1659, NULL, 'chua_ban', '2024-06-01', NULL, NULL, NULL, NULL, NULL, 'C', 'Mặt đường phụ'),
('BDS-001', 3, 'LK-D19', 81.0, 1694, NULL, 'chua_ban', '2024-06-01', NULL, NULL, NULL, NULL, NULL, 'D', 'Mặt đường phụ'),
('BDS-001', 3, 'LK-A20', 72.7, 1608, NULL, 'chua_ban', '2024-06-01', NULL, NULL, NULL, NULL, NULL, 'A', 'Trong khu'),
('BDS-001', 3, 'LK-B20', 93.2, 1712, NULL, 'chua_ban', '2024-06-01', NULL, NULL, NULL, NULL, NULL, 'B', 'Lô góc'),
('BDS-001', 3, 'LK-C20', 74.4, 1626, NULL, 'chua_ban', '2024-06-01', NULL, NULL, NULL, NULL, NULL, 'C', 'Lô góc'),
('BDS-001', 3, 'LK-D20', 73.8, 1477, NULL, 'chua_ban', '2024-06-01', NULL, NULL, NULL, NULL, NULL, 'D', 'Trong khu'),
('BDS-001', 3, 'LK-A21', 75.9, 1345, NULL, 'chua_ban', '2024-06-01', NULL, NULL, NULL, NULL, NULL, 'A', 'Trong khu'),
('BDS-001', 3, 'LK-B21', 82.3, 1495, NULL, 'chua_ban', '2024-06-01', NULL, NULL, NULL, NULL, NULL, 'B', 'Lô góc'),
('BDS-001', 3, 'LK-C21', 73.6, 1525, NULL, 'chua_ban', '2024-06-01', NULL, NULL, NULL, NULL, NULL, 'C', 'Mặt đường chính'),
('BDS-001', 3, 'LK-D21', 73.1, 1524, NULL, 'chua_ban', '2024-06-01', NULL, NULL, NULL, NULL, NULL, 'D', 'Gần công viên'),
('BDS-001', 3, 'LK-A22', 94.3, 1511, NULL, 'chua_ban', '2024-06-01', NULL, NULL, NULL, NULL, NULL, 'A', 'Gần công viên'),
('BDS-001', 3, 'LK-B22', 92.3, 1479, NULL, 'chua_ban', '2024-06-01', NULL, NULL, NULL, NULL, NULL, 'B', 'Mặt đường phụ'),
('BDS-001', 3, 'LK-C22', 80.6, 1545, NULL, 'chua_ban', '2024-06-01', NULL, NULL, NULL, NULL, NULL, 'C', 'Mặt đường phụ'),
('BDS-001', 3, 'LK-D22', 87.0, 1713, NULL, 'chua_ban', '2024-06-01', NULL, NULL, NULL, NULL, NULL, 'D', 'Lô góc'),
('BDS-001', 3, 'LK-A23', 73.7, 1317, NULL, 'chua_ban', '2024-06-01', NULL, NULL, NULL, NULL, NULL, 'A', 'Trong khu'),
('BDS-001', 3, 'LK-B23', 72.5, 1481, NULL, 'chua_ban', '2024-06-01', NULL, NULL, NULL, NULL, NULL, 'B', 'Mặt đường chính'),
('BDS-001', 3, 'LK-C23', 75.9, 1591, NULL, 'chua_ban', '2024-06-01', NULL, NULL, NULL, NULL, NULL, 'C', 'Lô góc'),
('BDS-001', 3, 'LK-D23', 84.6, 1347, NULL, 'chua_ban', '2024-06-01', NULL, NULL, NULL, NULL, NULL, 'D', 'Trong khu'),
('BDS-001', 3, 'LK-A24', 85.7, 1614, NULL, 'chua_ban', '2024-06-01', NULL, NULL, NULL, NULL, NULL, 'A', 'Gần công viên'),
('BDS-001', 3, 'LK-B24', 88.2, 1611, NULL, 'chua_ban', '2024-06-01', NULL, NULL, NULL, NULL, NULL, 'B', 'Lô góc'),
('BDS-001', 3, 'LK-C24', 82.0, 1388, NULL, 'chua_ban', '2024-06-01', NULL, NULL, NULL, NULL, NULL, 'C', 'Mặt đường chính'),
('BDS-001', 3, 'LK-D24', 94.4, 1509, NULL, 'chua_ban', '2024-06-01', NULL, NULL, NULL, NULL, NULL, 'D', 'Mặt đường phụ'),
('BDS-001', 3, 'LK-A25', 88.6, 1673, NULL, 'chua_ban', '2024-06-01', NULL, NULL, NULL, NULL, NULL, 'A', 'Mặt đường phụ'),
('BDS-001', 3, 'LK-B25', 78.1, 1444, NULL, 'chua_ban', '2024-06-01', NULL, NULL, NULL, NULL, NULL, 'B', 'Trong khu'),
('BDS-001', 3, 'LK-C25', 77.5, 1325, NULL, 'chua_ban', '2024-06-01', NULL, NULL, NULL, NULL, NULL, 'C', 'Gần công viên'),
('BDS-001', 3, 'LK-D25', 85.2, 1601, NULL, 'chua_ban', '2024-06-01', NULL, NULL, NULL, NULL, NULL, 'D', 'Lô góc'),
('BDS-001', 3, 'LK-A26', 72.1, 1344, NULL, 'chua_ban', '2024-06-01', NULL, NULL, NULL, NULL, NULL, 'A', 'Trong khu'),
('BDS-001', 3, 'LK-B26', 90.9, 1620, NULL, 'chua_ban', '2024-06-01', NULL, NULL, NULL, NULL, NULL, 'B', 'Mặt đường phụ'),
('BDS-001', 3, 'LK-C26', 83.0, 1403, NULL, 'chua_ban', '2024-06-01', NULL, NULL, NULL, NULL, NULL, 'C', 'Mặt đường chính'),
('BDS-001', 3, 'LK-D26', 86.7, 1341, NULL, 'chua_ban', '2024-06-01', NULL, NULL, NULL, NULL, NULL, 'D', 'Gần công viên'),
('BDS-001', 3, 'LK-A27', 91.4, 1457, NULL, 'chua_ban', '2024-06-01', NULL, NULL, NULL, NULL, NULL, 'A', 'Gần công viên'),
('BDS-001', 3, 'LK-B27', 82.8, 1638, NULL, 'chua_ban', '2024-06-01', NULL, NULL, NULL, NULL, NULL, 'B', 'Trong khu'),
('BDS-001', 3, 'LK-C27', 74.1, 1578, NULL, 'chua_ban', '2024-06-01', NULL, NULL, NULL, NULL, NULL, 'C', 'Gần công viên'),
('BDS-001', 3, 'LK-D27', 76.3, 1495, NULL, 'chua_ban', '2024-06-01', NULL, NULL, NULL, NULL, NULL, 'D', 'Trong khu'),
('BDS-001', 3, 'LK-A28', 76.3, 1322, NULL, 'chua_ban', '2024-06-01', NULL, NULL, NULL, NULL, NULL, 'A', 'Trong khu'),
('BDS-001', 3, 'LK-B28', 82.1, 1537, NULL, 'chua_ban', '2024-06-01', NULL, NULL, NULL, NULL, NULL, 'B', 'Lô góc'),
('BDS-001', 3, 'LK-C28', 85.0, 1424, NULL, 'chua_ban', '2024-06-01', NULL, NULL, NULL, NULL, NULL, 'C', 'Mặt đường chính'),
('BDS-001', 3, 'LK-D28', 79.9, 1577, NULL, 'chua_ban', '2024-06-01', NULL, NULL, NULL, NULL, NULL, 'D', 'Gần công viên'),
('BDS-001', 3, 'LK-A29', 94.3, 1693, NULL, 'chua_ban', '2024-06-01', NULL, NULL, NULL, NULL, NULL, 'A', 'Lô góc'),
('BDS-001', 3, 'LK-B29', 91.3, 1567, NULL, 'chua_ban', '2024-06-01', NULL, NULL, NULL, NULL, NULL, 'B', 'Gần công viên'),
('BDS-001', 3, 'LK-C29', 94.2, 1651, NULL, 'chua_ban', '2024-06-01', NULL, NULL, NULL, NULL, NULL, 'C', 'Gần công viên'),
('BDS-001', 3, 'LK-D29', 85.2, 1420, NULL, 'chua_ban', '2024-06-01', NULL, NULL, NULL, NULL, NULL, 'D', 'Gần công viên'),
('BDS-001', 3, 'LK-A30', 78.9, 1584, NULL, 'chua_ban', '2024-06-01', NULL, NULL, NULL, NULL, NULL, 'A', 'Mặt đường chính'),
('BDS-001', 3, 'LK-B30', 92.7, 1592, NULL, 'chua_ban', '2024-06-01', NULL, NULL, NULL, NULL, NULL, 'B', 'Mặt đường phụ'),
('BDS-001', 3, 'LK-C30', 75.4, 1687, NULL, 'chua_ban', '2024-06-01', NULL, NULL, NULL, NULL, NULL, 'C', 'Gần công viên'),
('BDS-001', 3, 'LK-D30', 76.0, 1482, NULL, 'chua_ban', '2024-06-01', NULL, NULL, NULL, NULL, NULL, 'D', 'Lô góc'),
('BDS-002', 1, 'SH-A01', 103.1, 1691, 1698, 'da_ban_giao', '2023-01-01', '2022-12-22', '2023-01-08', '2023-03-15', 'doanh_nghiep', NULL, 'A', 'Mặt đường chính'),
('BDS-002', 1, 'SH-B01', 106.4, 1475, 1455, 'da_ban_giao', '2023-01-01', '2023-01-10', '2023-01-17', '2023-06-27', 'ca_nhan', NULL, 'B', 'Trong khu'),
('BDS-002', 1, 'SH-A02', 99.0, 1836, 1793, 'da_ban_giao', '2023-01-01', '2023-01-23', '2023-02-06', '2023-07-11', 'dau_tu', NULL, 'A', 'Mặt đường chính'),
('BDS-002', 1, 'SH-B02', 119.8, 1528, 1514, 'da_ban_giao', '2023-01-01', '2023-01-24', '2023-02-23', '2023-07-15', 'ca_nhan', NULL, 'B', 'Trong khu'),
('BDS-002', 1, 'SH-A03', 93.5, 1416, 1407, 'da_ban_giao', '2023-01-01', '2023-01-25', '2023-02-24', '2023-06-30', 'ca_nhan', NULL, 'A', 'Gần công viên'),
('BDS-002', 1, 'SH-B03', 121.9, 1784, 1775, 'da_ban_giao', '2023-01-01', '2023-01-27', '2023-02-25', '2023-05-13', 'dau_tu', NULL, 'B', 'Lô góc'),
('BDS-002', 1, 'SH-A04', 124.6, 1277, 1292, 'da_ban_giao', '2023-01-01', '2023-03-02', '2023-03-15', '2023-06-14', 'ca_nhan', NULL, 'A', 'Lô góc'),
('BDS-002', 1, 'SH-B04', 105.5, 1637, 1629, 'da_ban_giao', '2023-01-01', '2023-02-25', '2023-03-18', '2023-08-06', 'ca_nhan', NULL, 'B', 'Lô góc'),
('BDS-002', 1, 'SH-A05', 115.7, 1447, 1446, 'da_ban_giao', '2023-01-01', '2023-02-27', '2023-03-21', '2023-06-11', 'dau_tu', NULL, 'A', 'Trong khu'),
('BDS-002', 1, 'SH-B05', 111.4, 1558, 1576, 'da_ban_giao', '2023-01-01', '2023-03-10', '2023-03-22', '2023-06-23', 'doanh_nghiep', NULL, 'B', 'Trong khu'),
('BDS-002', 1, 'SH-A06', 122.4, 1292, 1278, 'da_ban_giao', '2023-01-01', '2023-03-29', '2023-04-05', '2023-06-24', 'dau_tu', NULL, 'A', 'Trong khu'),
('BDS-002', 1, 'SH-B06', 120.1, 1507, 1477, 'da_ban_giao', '2023-01-01', '2023-03-10', '2023-04-07', '2023-08-28', 'dau_tu', NULL, 'B', 'Lô góc'),
('BDS-002', 1, 'SH-A07', 108.1, 1209, 1211, 'da_ban_giao', '2023-01-01', '2023-03-28', '2023-04-08', '2023-08-22', 'ca_nhan', NULL, 'A', 'Gần công viên'),
('BDS-002', 1, 'SH-B07', 95.1, 1512, 1534, 'da_ban_giao', '2023-01-01', '2023-03-20', '2023-04-09', '2023-09-25', 'ca_nhan', NULL, 'B', 'Trong khu'),
('BDS-002', 1, 'SH-A08', 105.7, 1423, 1428, 'da_ban_giao', '2023-01-01', '2023-04-22', '2023-05-08', '2023-10-20', 'dau_tu', NULL, 'A', 'Gần công viên'),
('BDS-002', 1, 'SH-B08', 102.9, 1376, 1401, 'da_ban_giao', '2023-01-01', '2023-04-17', '2023-05-15', '2023-10-29', 'ca_nhan', NULL, 'B', 'Mặt đường chính'),
('BDS-002', 1, 'SH-A09', 110.3, 1489, 1452, 'da_ban_giao', '2023-01-01', '2023-04-19', '2023-05-17', '2023-07-24', 'ca_nhan', NULL, 'A', 'Trong khu'),
('BDS-002', 1, 'SH-B09', 129.5, 1532, 1536, 'da_ban_giao', '2023-01-01', '2023-05-06', '2023-05-21', '2023-11-11', 'doanh_nghiep', NULL, 'B', 'Trong khu'),
('BDS-002', 1, 'SH-A10', 98.4, 1353, 1373, 'da_ban_giao', '2023-01-01', '2023-05-09', '2023-05-23', '2023-11-02', 'dau_tu', NULL, 'A', 'Mặt đường phụ'),
('BDS-002', 1, 'SH-B10', 103.2, 1627, 1618, 'da_ban_giao', '2023-01-01', '2023-05-11', '2023-06-07', '2023-09-12', 'ca_nhan', NULL, 'B', 'Lô góc'),
('BDS-002', 1, 'SH-A11', 125.8, 1614, 1568, 'da_ban_giao', '2023-01-01', '2023-05-19', '2023-06-18', '2023-11-15', 'dau_tu', NULL, 'A', 'Gần công viên'),
('BDS-002', 1, 'SH-B11', 121.7, 1650, 1665, 'da_ban_giao', '2023-01-01', '2023-05-28', '2023-06-24', '2023-12-17', 'doanh_nghiep', NULL, 'B', 'Lô góc'),
('BDS-002', 1, 'SH-A12', 101.1, 1615, 1581, 'da_ban_giao', '2023-01-01', '2023-08-20', '2023-09-13', '2023-11-24', 'dau_tu', NULL, 'A', 'Lô góc'),
('BDS-002', 1, 'SH-B12', 90.8, 1464, 1489, 'da_ban_giao', '2023-01-01', '2023-11-05', '2023-11-17', '2024-05-10', 'ca_nhan', NULL, 'B', 'Mặt đường phụ'),
('BDS-002', 1, 'SH-A13', 114.4, 1427, 1437, 'da_ban_giao', '2023-01-01', '2024-01-23', '2024-02-06', '2024-05-15', 'dau_tu', NULL, 'A', 'Trong khu'),
('BDS-002', 1, 'SH-B13', 120.5, 1539, 1537, 'da_ban_giao', '2023-01-01', '2024-04-09', '2024-04-24', '2024-08-21', 'ca_nhan', NULL, 'B', 'Trong khu'),
('BDS-002', 1, 'SH-A14', 106.2, 1797, 1749, 'da_ban_giao', '2023-01-01', '2024-04-24', '2024-05-20', '2024-11-09', 'ca_nhan', NULL, 'A', 'Mặt đường phụ'),
('BDS-002', 1, 'SH-B14', 107.5, 1590, NULL, 'chua_ban', '2023-01-01', NULL, NULL, NULL, NULL, NULL, 'B', 'Mặt đường phụ'),
('BDS-002', 1, 'SH-A15', 98.4, 1301, NULL, 'chua_ban', '2023-01-01', NULL, NULL, NULL, NULL, NULL, 'A', 'Lô góc'),
('BDS-002', 1, 'SH-B15', 94.0, 1619, NULL, 'chua_ban', '2023-01-01', NULL, NULL, NULL, NULL, NULL, 'B', 'Mặt đường phụ'),
('BDS-002', 1, 'SH-A16', 125.2, 1744, NULL, 'chua_ban', '2023-01-01', NULL, NULL, NULL, NULL, NULL, 'A', 'Lô góc'),
('BDS-002', 1, 'SH-B16', 117.2, 1282, NULL, 'chua_ban', '2023-01-01', NULL, NULL, NULL, NULL, NULL, 'B', 'Gần công viên'),
('BDS-002', 1, 'SH-A17', 100.0, 1381, NULL, 'chua_ban', '2023-01-01', NULL, NULL, NULL, NULL, NULL, 'A', 'Trong khu'),
('BDS-002', 1, 'SH-B17', 113.6, 1204, NULL, 'chua_ban', '2023-01-01', NULL, NULL, NULL, NULL, NULL, 'B', 'Gần công viên'),
('BDS-002', 1, 'SH-A18', 97.3, 1372, NULL, 'chua_ban', '2023-01-01', NULL, NULL, NULL, NULL, NULL, 'A', 'Mặt đường phụ'),
('BDS-003', 2, 'DN-A01', 100.8, 630, 627, 'da_ban_giao', '2024-09-01', '2024-08-25', '2024-09-04', '2025-01-21', 'ca_nhan', NULL, 'A', 'Gần công viên'),
('BDS-003', 2, 'DN-B01', 91.3, 614, 614, 'da_ban_giao', '2024-09-01', '2024-08-28', '2024-09-10', '2025-02-16', 'ca_nhan', NULL, 'B', 'Gần công viên'),
('BDS-003', 2, 'DN-C01', 113.3, 663, 656, 'da_ban_giao', '2024-09-01', '2024-08-14', '2024-09-12', '2024-12-01', 'ca_nhan', NULL, 'C', 'Trong khu'),
('BDS-003', 2, 'DN-A02', 101.9, 666, 653, 'da_ban_giao', '2024-09-01', '2024-08-29', '2024-09-15', '2024-11-15', 'doanh_nghiep', NULL, 'A', 'Gần công viên'),
('BDS-003', 2, 'DN-B02', 83.6, 616, 612, 'da_ban_giao', '2024-09-01', '2024-08-19', '2024-09-16', '2024-11-26', 'dau_tu', NULL, 'B', 'Mặt đường phụ'),
('BDS-003', 2, 'DN-C02', 83.0, 611, 599, 'da_ban_giao', '2024-09-01', '2024-08-24', '2024-09-20', '2024-12-26', 'ca_nhan', NULL, 'C', 'Trong khu'),
('BDS-003', 2, 'DN-A03', 98.6, 656, 648, 'da_ban_giao', '2024-09-01', '2024-09-04', '2024-09-20', '2025-02-13', 'ca_nhan', NULL, 'A', 'Lô góc'),
('BDS-003', 2, 'DN-B03', 97.0, 663, 643, 'da_ban_giao', '2024-09-01', '2024-09-14', '2024-09-22', '2024-12-08', 'doanh_nghiep', NULL, 'B', 'Mặt đường chính'),
('BDS-003', 2, 'DN-C03', 105.9, 728, 740, 'da_ban_giao', '2024-09-01', '2024-09-02', '2024-09-23', '2024-12-26', 'doanh_nghiep', NULL, 'C', 'Trong khu'),
('BDS-003', 2, 'DN-A04', 83.7, 761, 774, 'da_ban_giao', '2024-09-01', '2024-09-05', '2024-09-24', '2024-12-27', 'dau_tu', NULL, 'A', 'Lô góc'),
('BDS-003', 2, 'DN-B04', 107.6, 804, 815, 'da_ban_giao', '2024-09-01', '2024-08-28', '2024-09-24', '2024-12-14', 'ca_nhan', NULL, 'B', 'Gần công viên'),
('BDS-003', 2, 'DN-C04', 85.3, 610, 606, 'da_ban_giao', '2024-09-01', '2024-08-31', '2024-09-25', '2025-02-04', 'doanh_nghiep', NULL, 'C', 'Lô góc'),
('BDS-003', 2, 'DN-A05', 97.5, 754, 732, 'da_ban_giao', '2024-09-01', '2024-09-07', '2024-10-03', '2025-02-27', 'doanh_nghiep', NULL, 'A', 'Trong khu'),
('BDS-003', 2, 'DN-B05', 118.9, 626, 610, 'da_ban_giao', '2024-09-01', '2024-09-14', '2024-10-06', '2025-01-26', 'dau_tu', NULL, 'B', 'Gần công viên'),
('BDS-003', 2, 'DN-C05', 81.8, 693, 696, 'da_ban_giao', '2024-09-01', '2024-10-02', '2024-10-09', '2025-03-04', 'dau_tu', NULL, 'C', 'Trong khu'),
('BDS-003', 2, 'DN-A06', 110.7, 674, 671, 'da_ban_giao', '2024-09-01', '2024-09-17', '2024-10-10', '2025-03-08', 'dau_tu', NULL, 'A', 'Trong khu'),
('BDS-003', 2, 'DN-B06', 83.8, 687, 689, 'da_ban_giao', '2024-09-01', '2024-09-25', '2024-10-13', '2025-03-04', 'dau_tu', NULL, 'B', 'Gần công viên'),
('BDS-003', 2, 'DN-C06', 85.9, 623, 620, 'da_ban_giao', '2024-09-01', '2024-10-03', '2024-10-15', '2025-02-12', 'dau_tu', NULL, 'C', 'Mặt đường chính'),
('BDS-003', 2, 'DN-A07', 114.8, 598, 587, 'da_ban_giao', '2024-09-01', '2024-10-05', '2024-10-22', '2025-01-25', 'ca_nhan', NULL, 'A', 'Gần công viên'),
('BDS-003', 2, 'DN-B07', 100.3, 753, 733, 'da_ban_giao', '2024-09-01', '2024-10-11', '2024-10-25', '2025-02-18', 'dau_tu', NULL, 'B', 'Gần công viên'),
('BDS-003', 2, 'DN-C07', 97.9, 815, 795, 'da_ban_giao', '2024-09-01', '2024-10-09', '2024-10-26', '2025-02-26', 'doanh_nghiep', NULL, 'C', 'Gần công viên'),
('BDS-003', 2, 'DN-A08', 106.1, 612, 594, 'da_ban_giao', '2024-09-01', '2024-10-06', '2024-10-26', '2025-03-05', 'ca_nhan', NULL, 'A', 'Gần công viên'),
('BDS-003', 2, 'DN-B08', 113.0, 715, 700, 'da_ban_giao', '2024-09-01', '2024-10-10', '2024-11-03', '2025-03-28', 'dau_tu', NULL, 'B', 'Mặt đường phụ'),
('BDS-003', 2, 'DN-C08', 118.0, 798, 787, 'da_ban_giao', '2024-09-01', '2024-10-17', '2024-11-07', '2025-04-14', 'dau_tu', NULL, 'C', 'Mặt đường chính'),
('BDS-003', 2, 'DN-A09', 104.0, 746, 727, 'da_ban_giao', '2024-09-01', '2024-10-29', '2024-11-08', '2025-04-01', 'ca_nhan', NULL, 'A', 'Gần công viên'),
('BDS-003', 2, 'DN-B09', 80.1, 741, 738, 'da_ban_giao', '2024-09-01', '2024-10-19', '2024-11-12', '2025-04-10', 'ca_nhan', NULL, 'B', 'Trong khu'),
('BDS-003', 2, 'DN-C09', 81.8, 644, 651, 'da_ban_giao', '2024-09-01', '2024-11-07', '2024-11-18', '2025-04-22', 'doanh_nghiep', NULL, 'C', 'Gần công viên'),
('BDS-003', 2, 'DN-A10', 96.4, 690, 675, 'da_ban_giao', '2024-09-01', '2024-11-12', '2024-11-25', '2025-05-23', 'dau_tu', NULL, 'A', 'Mặt đường phụ'),
('BDS-003', 2, 'DN-B10', 88.6, 657, 662, 'da_ban_giao', '2024-09-01', '2024-11-17', '2024-11-27', '2025-01-31', 'doanh_nghiep', NULL, 'B', 'Trong khu'),
('BDS-003', 2, 'DN-C10', 113.5, 623, 624, 'da_ban_giao', '2024-09-01', '2024-11-06', '2024-11-27', '2025-03-31', 'ca_nhan', NULL, 'C', 'Gần công viên'),
('BDS-003', 2, 'DN-A11', 118.6, 562, 546, 'da_ban', '2024-09-01', '2024-11-03', '2024-12-03', NULL, 'dau_tu', NULL, 'A', 'Mặt đường phụ'),
('BDS-003', 2, 'DN-B11', 113.6, 807, 810, 'da_ban', '2024-09-01', '2024-12-02', '2024-12-14', NULL, 'ca_nhan', NULL, 'B', 'Mặt đường phụ'),
('BDS-003', 2, 'DN-C11', 109.2, 655, 655, 'da_ban', '2024-09-01', '2024-11-19', '2024-12-15', NULL, 'ca_nhan', NULL, 'C', 'Mặt đường chính'),
('BDS-003', 2, 'DN-A12', 100.2, 756, 767, 'da_ban', '2024-09-01', '2024-11-19', '2024-12-15', NULL, 'ca_nhan', NULL, 'A', 'Gần công viên'),
('BDS-003', 2, 'DN-B12', 90.9, 735, 742, 'da_ban', '2024-09-01', '2024-11-27', '2024-12-18', NULL, 'ca_nhan', NULL, 'B', 'Trong khu'),
('BDS-003', 2, 'DN-C12', 96.5, 822, 819, 'da_ban', '2024-09-01', '2024-11-24', '2024-12-23', NULL, 'ca_nhan', NULL, 'C', 'Trong khu'),
('BDS-003', 2, 'DN-A13', 108.5, 698, 687, 'da_ban', '2024-09-01', '2024-11-24', '2024-12-23', NULL, 'ca_nhan', NULL, 'A', 'Lô góc'),
('BDS-003', 2, 'DN-B13', 116.8, 661, 662, 'da_ban', '2024-09-01', '2024-11-25', '2024-12-24', NULL, 'doanh_nghiep', NULL, 'B', 'Lô góc'),
('BDS-003', 2, 'DN-C13', 84.6, 740, 739, 'da_ban', '2024-09-01', '2024-12-02', '2024-12-24', NULL, 'doanh_nghiep', NULL, 'C', 'Mặt đường phụ'),
('BDS-003', 2, 'DN-A14', 108.4, 833, 841, 'da_ban', '2024-09-01', '2024-12-06', '2024-12-26', NULL, 'dau_tu', NULL, 'A', 'Trong khu'),
('BDS-003', 2, 'DN-B14', 84.3, 779, 763, 'da_ban', '2024-09-01', '2024-12-19', '2024-12-27', NULL, 'ca_nhan', NULL, 'B', 'Lô góc'),
('BDS-003', 2, 'DN-C14', 119.3, 737, 743, 'da_ban', '2024-09-01', '2024-12-15', '2025-01-13', NULL, 'ca_nhan', NULL, 'C', 'Lô góc'),
('BDS-003', 2, 'DN-A15', 110.1, 576, 561, 'da_ban', '2024-09-01', '2024-12-29', '2025-01-19', NULL, 'doanh_nghiep', NULL, 'A', 'Trong khu'),
('BDS-003', 2, 'DN-B15', 109.6, 674, 661, 'da_ban', '2024-09-01', '2025-01-02', '2025-01-21', NULL, 'doanh_nghiep', NULL, 'B', 'Mặt đường phụ'),
('BDS-003', 2, 'DN-C15', 91.5, 584, 578, 'da_ban', '2024-09-01', '2025-01-03', '2025-01-22', NULL, 'doanh_nghiep', NULL, 'C', 'Gần công viên'),
('BDS-003', 2, 'DN-A16', 92.5, 626, 626, 'da_ban', '2024-09-01', '2025-01-09', '2025-01-22', NULL, 'dau_tu', NULL, 'A', 'Mặt đường chính'),
('BDS-003', 2, 'DN-B16', 113.2, 748, 753, 'da_ban', '2024-09-01', '2025-01-10', '2025-02-03', NULL, 'ca_nhan', NULL, 'B', 'Mặt đường phụ'),
('BDS-003', 2, 'DN-C16', 111.0, 659, 645, 'da_ban', '2024-09-01', '2025-01-13', '2025-02-03', NULL, 'doanh_nghiep', NULL, 'C', 'Trong khu'),
('BDS-003', 2, 'DN-A17', 83.0, 648, 640, 'da_ban', '2024-09-01', '2025-01-25', '2025-02-04', NULL, 'dau_tu', NULL, 'A', 'Mặt đường phụ'),
('BDS-003', 2, 'DN-B17', 91.2, 721, 699, 'da_ban', '2024-09-01', '2025-01-23', '2025-02-07', NULL, 'dau_tu', NULL, 'B', 'Lô góc'),
('BDS-003', 2, 'DN-C17', 108.4, 663, 662, 'da_ban', '2024-09-01', '2025-01-28', '2025-02-14', NULL, 'doanh_nghiep', NULL, 'C', 'Mặt đường chính'),
('BDS-003', 2, 'DN-A18', 104.6, 714, 712, 'da_ban', '2024-09-01', '2025-01-29', '2025-02-23', NULL, 'ca_nhan', NULL, 'A', 'Gần công viên'),
('BDS-003', 2, 'DN-B18', 111.4, 722, 734, 'da_ban', '2024-09-01', '2025-02-12', '2025-02-26', NULL, 'dau_tu', NULL, 'B', 'Mặt đường phụ'),
('BDS-003', 2, 'DN-C18', 82.7, 859, 850, 'dat_coc', '2024-09-01', '2025-02-07', '2025-03-03', NULL, 'ca_nhan', NULL, 'C', 'Lô góc'),
('BDS-003', 2, 'DN-A19', 88.8, 669, 660, 'dat_coc', '2024-09-01', '2025-02-16', '2025-03-05', NULL, 'ca_nhan', NULL, 'A', 'Trong khu'),
('BDS-003', 2, 'DN-B19', 118.0, 831, 840, 'dat_coc', '2024-09-01', '2025-02-12', '2025-03-08', NULL, 'doanh_nghiep', NULL, 'B', 'Gần công viên'),
('BDS-003', 2, 'DN-C19', 80.4, 737, 748, 'dat_coc', '2024-09-01', '2025-02-23', '2025-03-09', NULL, 'dau_tu', NULL, 'C', 'Gần công viên'),
('BDS-003', 2, 'DN-A20', 116.7, 727, 719, 'dat_coc', '2024-09-01', '2025-03-02', '2025-03-19', NULL, 'ca_nhan', NULL, 'A', 'Mặt đường chính'),
('BDS-003', 2, 'DN-B20', 95.4, 836, NULL, 'chua_ban', '2024-09-01', NULL, NULL, NULL, NULL, NULL, 'B', 'Trong khu'),
('BDS-003', 2, 'DN-C20', 81.0, 824, NULL, 'chua_ban', '2024-09-01', NULL, NULL, NULL, NULL, NULL, 'C', 'Trong khu'),
('BDS-003', 2, 'DN-A21', 100.6, 820, NULL, 'chua_ban', '2024-09-01', NULL, NULL, NULL, NULL, NULL, 'A', 'Gần công viên'),
('BDS-003', 2, 'DN-B21', 99.5, 743, NULL, 'chua_ban', '2024-09-01', NULL, NULL, NULL, NULL, NULL, 'B', 'Lô góc'),
('BDS-003', 2, 'DN-C21', 83.3, 656, NULL, 'chua_ban', '2024-09-01', NULL, NULL, NULL, NULL, NULL, 'C', 'Lô góc'),
('BDS-003', 2, 'DN-A22', 110.9, 884, NULL, 'chua_ban', '2024-09-01', NULL, NULL, NULL, NULL, NULL, 'A', 'Mặt đường chính'),
('BDS-003', 2, 'DN-B22', 88.4, 669, NULL, 'chua_ban', '2024-09-01', NULL, NULL, NULL, NULL, NULL, 'B', 'Gần công viên'),
('BDS-003', 2, 'DN-C22', 113.4, 665, NULL, 'chua_ban', '2024-09-01', NULL, NULL, NULL, NULL, NULL, 'C', 'Mặt đường phụ'),
('BDS-003', 2, 'DN-A23', 113.1, 834, NULL, 'chua_ban', '2024-09-01', NULL, NULL, NULL, NULL, NULL, 'A', 'Mặt đường chính'),
('BDS-003', 2, 'DN-B23', 86.2, 795, NULL, 'chua_ban', '2024-09-01', NULL, NULL, NULL, NULL, NULL, 'B', 'Trong khu'),
('BDS-003', 2, 'DN-C23', 81.5, 620, NULL, 'chua_ban', '2024-09-01', NULL, NULL, NULL, NULL, NULL, 'C', 'Mặt đường chính'),
('BDS-003', 2, 'DN-A24', 90.1, 596, NULL, 'chua_ban', '2024-09-01', NULL, NULL, NULL, NULL, NULL, 'A', 'Mặt đường phụ'),
('BDS-003', 2, 'DN-B24', 112.9, 692, NULL, 'chua_ban', '2024-09-01', NULL, NULL, NULL, NULL, NULL, 'B', 'Gần công viên'),
('BDS-003', 2, 'DN-C24', 95.5, 767, NULL, 'chua_ban', '2024-09-01', NULL, NULL, NULL, NULL, NULL, 'C', 'Gần công viên'),
('BDS-003', 2, 'DN-A25', 92.7, 802, NULL, 'chua_ban', '2024-09-01', NULL, NULL, NULL, NULL, NULL, 'A', 'Mặt đường chính'),
('BDS-003', 2, 'DN-B25', 105.7, 592, NULL, 'chua_ban', '2024-09-01', NULL, NULL, NULL, NULL, NULL, 'B', 'Mặt đường phụ'),
('BDS-003', 2, 'DN-C25', 81.8, 597, NULL, 'chua_ban', '2024-09-01', NULL, NULL, NULL, NULL, NULL, 'C', 'Trong khu'),
('BDS-003', 2, 'DN-A26', 117.1, 614, NULL, 'chua_ban', '2024-09-01', NULL, NULL, NULL, NULL, NULL, 'A', 'Trong khu'),
('BDS-003', 2, 'DN-B26', 111.5, 714, NULL, 'chua_ban', '2024-09-01', NULL, NULL, NULL, NULL, NULL, 'B', 'Mặt đường phụ'),
('BDS-003', 2, 'DN-C26', 83.5, 784, NULL, 'chua_ban', '2024-09-01', NULL, NULL, NULL, NULL, NULL, 'C', 'Gần công viên'),
('BDS-003', 2, 'DN-A27', 95.8, 575, NULL, 'chua_ban', '2024-09-01', NULL, NULL, NULL, NULL, NULL, 'A', 'Gần công viên'),
('BDS-003', 2, 'DN-B27', 86.3, 717, NULL, 'chua_ban', '2024-09-01', NULL, NULL, NULL, NULL, NULL, 'B', 'Lô góc'),
('BDS-004', 2, 'NC-A01', 84.7, 656, 665, 'da_ban_giao', '2024-03-01', '2024-02-25', '2024-03-13', '2024-07-10', 'dau_tu', NULL, 'A', 'Lô góc'),
('BDS-004', 2, 'NC-B01', 87.6, 603, 588, 'da_ban_giao', '2024-03-01', '2024-02-25', '2024-03-20', '2024-08-09', 'dau_tu', NULL, 'B', 'Gần công viên'),
('BDS-004', 2, 'NC-A02', 77.9, 640, 629, 'da_ban_giao', '2024-03-01', '2024-03-08', '2024-03-21', '2024-09-10', 'doanh_nghiep', NULL, 'A', 'Lô góc'),
('BDS-004', 2, 'NC-B02', 77.7, 583, 566, 'da_ban_giao', '2024-03-01', '2024-02-29', '2024-03-27', '2024-08-08', 'dau_tu', NULL, 'B', 'Mặt đường chính'),
('BDS-004', 2, 'NC-A03', 89.2, 726, 713, 'da_ban_giao', '2024-03-01', '2024-03-11', '2024-04-04', '2024-09-25', 'dau_tu', NULL, 'A', 'Lô góc'),
('BDS-004', 2, 'NC-B03', 91.5, 757, 768, 'da_ban_giao', '2024-03-01', '2024-03-25', '2024-04-08', '2024-08-21', 'doanh_nghiep', NULL, 'B', 'Lô góc'),
('BDS-004', 2, 'NC-A04', 105.0, 559, 556, 'da_ban_giao', '2024-03-01', '2024-03-20', '2024-04-12', '2024-07-31', 'ca_nhan', NULL, 'A', 'Gần công viên'),
('BDS-004', 2, 'NC-B04', 92.6, 744, 747, 'da_ban_giao', '2024-03-01', '2024-03-17', '2024-04-12', '2024-09-15', 'dau_tu', NULL, 'B', 'Lô góc'),
('BDS-004', 2, 'NC-A05', 79.9, 597, 598, 'da_ban_giao', '2024-03-01', '2024-03-18', '2024-04-12', '2024-06-29', 'doanh_nghiep', NULL, 'A', 'Lô góc'),
('BDS-004', 2, 'NC-B05', 100.6, 765, 750, 'da_ban_giao', '2024-03-01', '2024-04-30', '2024-05-08', '2024-09-07', 'ca_nhan', NULL, 'B', 'Trong khu'),
('BDS-004', 2, 'NC-A06', 77.2, 638, 635, 'da_ban_giao', '2024-03-01', '2024-04-29', '2024-05-12', '2024-10-20', 'ca_nhan', NULL, 'A', 'Lô góc'),
('BDS-004', 2, 'NC-B06', 88.6, 759, 737, 'da_ban_giao', '2024-03-01', '2024-05-13', '2024-05-21', '2024-10-11', 'ca_nhan', NULL, 'B', 'Gần công viên'),
('BDS-004', 2, 'NC-A07', 78.6, 658, 646, 'da_ban_giao', '2024-03-01', '2024-04-24', '2024-05-24', '2024-09-30', 'dau_tu', NULL, 'A', 'Trong khu'),
('BDS-004', 2, 'NC-B07', 81.1, 692, 691, 'da_ban_giao', '2024-03-01', '2024-05-23', '2024-06-10', '2024-12-01', 'ca_nhan', NULL, 'B', 'Gần công viên'),
('BDS-004', 2, 'NC-A08', 93.1, 655, 662, 'da_ban_giao', '2024-03-01', '2024-05-26', '2024-06-13', '2024-09-25', 'dau_tu', NULL, 'A', 'Lô góc'),
('BDS-004', 2, 'NC-B08', 102.7, 752, 748, 'da_ban_giao', '2024-03-01', '2024-06-15', '2024-06-22', '2024-09-07', 'dau_tu', NULL, 'B', 'Mặt đường phụ'),
('BDS-004', 2, 'NC-A09', 80.8, 544, 535, 'da_ban_giao', '2024-03-01', '2024-05-30', '2024-06-26', '2024-09-13', 'ca_nhan', NULL, 'A', 'Mặt đường phụ'),
('BDS-004', 2, 'NC-B09', 80.5, 721, 728, 'da_ban_giao', '2024-03-01', '2024-06-06', '2024-06-26', '2024-11-25', 'ca_nhan', NULL, 'B', 'Mặt đường chính'),
('BDS-004', 2, 'NC-A10', 91.9, 647, 646, 'da_ban_giao', '2024-03-01', '2024-06-23', '2024-07-06', '2024-11-25', 'dau_tu', NULL, 'A', 'Gần công viên'),
('BDS-004', 2, 'NC-B10', 75.8, 567, 553, 'da_ban_giao', '2024-03-01', '2024-06-27', '2024-07-09', '2024-11-11', 'ca_nhan', NULL, 'B', 'Lô góc'),
('BDS-004', 2, 'NC-A11', 106.2, 583, 580, 'da_ban_giao', '2024-03-01', '2024-07-11', '2024-07-23', '2024-11-11', 'dau_tu', NULL, 'A', 'Mặt đường chính'),
('BDS-004', 2, 'NC-B11', 108.9, 738, 740, 'da_ban_giao', '2024-03-01', '2024-07-10', '2024-08-09', '2024-11-13', 'ca_nhan', NULL, 'B', 'Mặt đường chính'),
('BDS-004', 2, 'NC-A12', 82.6, 680, 665, 'da_ban_giao', '2024-03-01', '2024-07-23', '2024-08-14', '2025-01-27', 'dau_tu', NULL, 'A', 'Gần công viên'),
('BDS-004', 2, 'NC-B12', 96.0, 728, 728, 'da_ban_giao', '2024-03-01', '2024-08-10', '2024-08-22', '2024-12-25', 'ca_nhan', NULL, 'B', 'Mặt đường phụ'),
('BDS-004', 2, 'NC-A13', 80.9, 700, 699, 'da_ban_giao', '2024-03-01', '2024-08-18', '2024-09-08', '2024-11-15', 'ca_nhan', NULL, 'A', 'Trong khu'),
('BDS-004', 2, 'NC-B13', 88.2, 575, 582, 'da_ban_giao', '2024-03-01', '2024-08-31', '2024-09-23', '2025-01-25', 'doanh_nghiep', NULL, 'B', 'Mặt đường chính'),
('BDS-004', 2, 'NC-A14', 89.7, 563, 551, 'da_ban_giao', '2024-03-01', '2024-10-07', '2024-10-17', '2025-04-10', 'dau_tu', NULL, 'A', 'Mặt đường phụ'),
('BDS-004', 2, 'NC-B14', 96.0, 749, 754, 'da_ban_giao', '2024-03-01', '2024-10-15', '2024-11-07', '2025-01-17', 'dau_tu', NULL, 'B', 'Mặt đường phụ'),
('BDS-004', 2, 'NC-A15', 98.1, 755, 763, 'da_ban_giao', '2024-03-01', '2024-10-14', '2024-11-07', '2025-04-30', 'doanh_nghiep', NULL, 'A', 'Mặt đường phụ'),
('BDS-004', 2, 'NC-B15', 97.7, 658, 667, 'da_ban_giao', '2024-03-01', '2024-10-30', '2024-11-17', '2025-04-15', 'dau_tu', NULL, 'B', 'Gần công viên'),
('BDS-004', 2, 'NC-A16', 90.0, 765, 755, 'da_ban_giao', '2024-03-01', '2024-11-01', '2024-11-20', '2025-05-01', 'doanh_nghiep', NULL, 'A', 'Gần công viên'),
('BDS-004', 2, 'NC-B16', 106.8, 739, 732, 'da_ban', '2024-03-01', '2024-11-25', '2024-12-05', NULL, 'ca_nhan', NULL, 'B', 'Mặt đường phụ'),
('BDS-004', 2, 'NC-A17', 91.7, 609, 603, 'da_ban', '2024-03-01', '2024-11-20', '2024-12-14', NULL, 'ca_nhan', NULL, 'A', 'Mặt đường chính'),
('BDS-004', 2, 'NC-B17', 75.2, 757, 753, 'da_ban', '2024-03-01', '2024-12-05', '2024-12-15', NULL, 'dau_tu', NULL, 'B', 'Mặt đường chính'),
('BDS-004', 2, 'NC-A18', 97.9, 701, 692, 'da_ban', '2024-03-01', '2024-11-28', '2024-12-18', NULL, 'ca_nhan', NULL, 'A', 'Trong khu'),
('BDS-004', 2, 'NC-B18', 89.9, 674, 682, 'da_ban', '2024-03-01', '2024-12-21', '2025-01-05', NULL, 'dau_tu', NULL, 'B', 'Trong khu'),
('BDS-004', 2, 'NC-A19', 94.8, 681, 674, 'da_ban', '2024-03-01', '2024-12-13', '2025-01-10', NULL, 'ca_nhan', NULL, 'A', 'Trong khu'),
('BDS-004', 2, 'NC-B19', 89.5, 725, 709, 'da_ban', '2024-03-01', '2024-12-21', '2025-01-12', NULL, 'dau_tu', NULL, 'B', 'Mặt đường phụ'),
('BDS-004', 2, 'NC-A20', 94.4, 589, 581, 'da_ban', '2024-03-01', '2024-12-20', '2025-01-14', NULL, 'doanh_nghiep', NULL, 'A', 'Trong khu'),
('BDS-004', 2, 'NC-B20', 88.9, 597, 602, 'da_ban', '2024-03-01', '2024-12-26', '2025-01-16', NULL, 'ca_nhan', NULL, 'B', 'Mặt đường chính'),
('BDS-004', 2, 'NC-A21', 78.5, 655, 661, 'da_ban', '2024-03-01', '2025-01-03', '2025-01-20', NULL, 'dau_tu', NULL, 'A', 'Gần công viên'),
('BDS-004', 2, 'NC-B21', 99.4, 731, 709, 'da_ban', '2024-03-01', '2024-12-25', '2025-01-21', NULL, 'ca_nhan', NULL, 'B', 'Mặt đường chính'),
('BDS-004', 2, 'NC-A22', 103.8, 645, 628, 'da_ban', '2024-03-01', '2025-01-06', '2025-01-26', NULL, 'ca_nhan', NULL, 'A', 'Mặt đường phụ'),
('BDS-004', 2, 'NC-B22', 82.8, 545, 548, 'da_ban', '2024-03-01', '2025-02-13', '2025-02-21', NULL, 'dau_tu', NULL, 'B', 'Mặt đường phụ'),
('BDS-004', 2, 'NC-A23', 96.5, 658, 669, 'da_ban', '2024-03-01', '2025-01-28', '2025-02-26', NULL, 'ca_nhan', NULL, 'A', 'Trong khu'),
('BDS-004', 2, 'NC-B23', 108.1, 779, 756, 'da_ban', '2024-03-01', '2025-02-05', '2025-02-26', NULL, 'doanh_nghiep', NULL, 'B', 'Lô góc'),
('BDS-004', 2, 'NC-A24', 107.6, 657, 638, 'dat_coc', '2024-03-01', '2025-02-28', '2025-03-13', NULL, 'dau_tu', NULL, 'A', 'Trong khu'),
('BDS-004', 2, 'NC-B24', 92.9, 745, 723, 'dat_coc', '2024-03-01', '2025-02-20', '2025-03-20', NULL, 'ca_nhan', NULL, 'B', 'Lô góc'),
('BDS-004', 2, 'NC-A25', 97.9, 610, NULL, 'chua_ban', '2024-03-01', NULL, NULL, NULL, NULL, NULL, 'A', 'Mặt đường chính'),
('BDS-004', 2, 'NC-B25', 102.3, 615, NULL, 'chua_ban', '2024-03-01', NULL, NULL, NULL, NULL, NULL, 'B', 'Gần công viên'),
('BDS-004', 2, 'NC-A26', 89.2, 576, NULL, 'chua_ban', '2024-03-01', NULL, NULL, NULL, NULL, NULL, 'A', 'Mặt đường phụ'),
('BDS-004', 2, 'NC-B26', 75.5, 758, NULL, 'chua_ban', '2024-03-01', NULL, NULL, NULL, NULL, NULL, 'B', 'Mặt đường chính'),
('BDS-004', 2, 'NC-A27', 94.2, 710, NULL, 'chua_ban', '2024-03-01', NULL, NULL, NULL, NULL, NULL, 'A', 'Mặt đường phụ'),
('BDS-004', 2, 'NC-B27', 107.0, 614, NULL, 'chua_ban', '2024-03-01', NULL, NULL, NULL, NULL, NULL, 'B', 'Trong khu'),
('BDS-004', 2, 'NC-A28', 108.7, 630, NULL, 'chua_ban', '2024-03-01', NULL, NULL, NULL, NULL, NULL, 'A', 'Lô góc'),
('BDS-004', 2, 'NC-B28', 81.8, 763, NULL, 'chua_ban', '2024-03-01', NULL, NULL, NULL, NULL, NULL, 'B', 'Gần công viên'),
('BDS-004', 2, 'NC-A29', 95.1, 620, NULL, 'chua_ban', '2024-03-01', NULL, NULL, NULL, NULL, NULL, 'A', 'Lô góc'),
('BDS-004', 2, 'NC-B29', 78.7, 543, NULL, 'chua_ban', '2024-03-01', NULL, NULL, NULL, NULL, NULL, 'B', 'Mặt đường phụ'),
('BDS-004', 2, 'NC-A30', 85.3, 820, NULL, 'chua_ban', '2024-03-01', NULL, NULL, NULL, NULL, NULL, 'A', 'Mặt đường chính'),
('BDS-004', 2, 'NC-B30', 108.5, 749, NULL, 'chua_ban', '2024-03-01', NULL, NULL, NULL, NULL, NULL, 'B', 'Mặt đường phụ'),
('BDS-005', 5, 'CN-I01', 2689.8, 5586, 5562, 'da_ban_giao', '2024-01-01', '2024-04-17', '2024-05-05', '2024-07-05', 'doanh_nghiep', NULL, 'I', 'Gần công viên'),
('BDS-005', 5, 'CN-II01', 2744.8, 3761, 3788, 'da_ban_giao', '2024-01-01', '2024-04-27', '2024-05-25', '2024-09-05', 'dau_tu', NULL, 'II', 'Gần công viên'),
('BDS-005', 5, 'CN-I02', 4794.2, 6903, 6771, 'da_ban_giao', '2024-01-01', '2024-07-05', '2024-07-23', '2024-12-03', 'doanh_nghiep', NULL, 'I', 'Trong khu'),
('BDS-005', 5, 'CN-II02', 4841.4, 4557, 4465, 'da_ban_giao', '2024-01-01', '2024-07-07', '2024-08-06', '2025-01-07', 'doanh_nghiep', NULL, 'II', 'Gần công viên'),
('BDS-005', 5, 'CN-I03', 2620.3, 4995, 4884, 'da_ban_giao', '2024-01-01', '2024-07-28', '2024-08-15', '2024-10-27', 'doanh_nghiep', NULL, 'I', 'Lô góc'),
('BDS-005', 5, 'CN-II03', 4027.4, 7035, 7092, 'da_ban_giao', '2024-01-01', '2024-10-11', '2024-10-18', '2025-02-24', 'doanh_nghiep', NULL, 'II', 'Mặt đường phụ'),
('BDS-005', 5, 'CN-I04', 3113.6, 5583, 5658, 'da_ban_giao', '2024-01-01', '2024-10-23', '2024-11-17', '2025-03-19', 'dau_tu', NULL, 'I', 'Gần công viên'),
('BDS-005', 5, 'CN-II04', 2840.8, 4819, 4687, 'da_ban_giao', '2024-01-01', '2024-11-14', '2024-11-25', '2025-05-06', 'doanh_nghiep', NULL, 'II', 'Mặt đường phụ'),
('BDS-005', 5, 'CN-I05', 4819.0, 3266, 3232, 'da_ban', '2024-01-01', '2024-12-23', '2025-01-10', NULL, 'doanh_nghiep', NULL, 'I', 'Mặt đường phụ'),
('BDS-005', 5, 'CN-II05', 3371.6, 3986, 3929, 'da_ban', '2024-01-01', '2024-12-20', '2025-01-10', NULL, 'doanh_nghiep', NULL, 'II', 'Mặt đường phụ'),
('BDS-005', 5, 'CN-I06', 4022.3, 6108, 6024, 'da_ban', '2024-01-01', '2025-01-03', '2025-01-13', NULL, 'doanh_nghiep', NULL, 'I', 'Mặt đường phụ'),
('BDS-005', 5, 'CN-II06', 2561.5, 5377, 5307, 'da_ban', '2024-01-01', '2024-12-22', '2025-01-17', NULL, 'doanh_nghiep', NULL, 'II', 'Lô góc'),
('BDS-005', 5, 'CN-I07', 3271.8, 6433, 6514, 'da_ban', '2024-01-01', '2025-01-16', '2025-02-03', NULL, 'doanh_nghiep', NULL, 'I', 'Trong khu'),
('BDS-005', 5, 'CN-II07', 2539.7, 4074, 3998, 'da_ban', '2024-01-01', '2025-01-24', '2025-02-21', NULL, 'dau_tu', NULL, 'II', 'Mặt đường phụ'),
('BDS-005', 5, 'CN-I08', 2809.8, 4931, 4994, 'dat_coc', '2024-01-01', '2025-03-01', '2025-03-21', NULL, 'doanh_nghiep', NULL, 'I', 'Mặt đường phụ'),
('BDS-005', 5, 'CN-II08', 4400.1, 4225, NULL, 'chua_ban', '2024-01-01', NULL, NULL, NULL, NULL, NULL, 'II', 'Gần công viên'),
('BDS-005', 5, 'CN-I09', 4417.0, 4446, NULL, 'chua_ban', '2024-01-01', NULL, NULL, NULL, NULL, NULL, 'I', 'Gần công viên'),
('BDS-005', 5, 'CN-II09', 3498.8, 7235, NULL, 'chua_ban', '2024-01-01', NULL, NULL, NULL, NULL, NULL, 'II', 'Mặt đường phụ'),
('BDS-005', 5, 'CN-I10', 4161.7, 6986, NULL, 'chua_ban', '2024-01-01', NULL, NULL, NULL, NULL, NULL, 'I', 'Trong khu'),
('BDS-005', 5, 'CN-II10', 2752.9, 8032, NULL, 'chua_ban', '2024-01-01', NULL, NULL, NULL, NULL, NULL, 'II', 'Mặt đường chính'),
('BDS-005', 5, 'CN-I11', 4071.6, 3737, NULL, 'chua_ban', '2024-01-01', NULL, NULL, NULL, NULL, NULL, 'I', 'Lô góc'),
('BDS-005', 5, 'CN-II11', 3429.6, 3788, NULL, 'chua_ban', '2024-01-01', NULL, NULL, NULL, NULL, NULL, 'II', 'Gần công viên'),
('BDS-005', 5, 'CN-I12', 4233.8, 5128, NULL, 'chua_ban', '2024-01-01', NULL, NULL, NULL, NULL, NULL, 'I', 'Trong khu'),
('BDS-005', 5, 'CN-II12', 3080.9, 7566, NULL, 'chua_ban', '2024-01-01', NULL, NULL, NULL, NULL, NULL, 'II', 'Trong khu'),
('BDS-005', 5, 'CN-I13', 3032.4, 6676, NULL, 'chua_ban', '2024-01-01', NULL, NULL, NULL, NULL, NULL, 'I', 'Mặt đường chính');

-- re_sales_monthly
INSERT INTO re_sales_monthly (project_id, sales_month, units_sold, revenue, units_available) VALUES
('BDS-001', '2024-06-01', 4, 6063, 116),
('BDS-001', '2024-07-01', 3, 4567, 113),
('BDS-001', '2024-08-01', 3, 4715, 110),
('BDS-001', '2024-09-01', 3, 4421, 107),
('BDS-001', '2024-10-01', 4, 6164, 103),
('BDS-001', '2024-11-01', 4, 5747, 99),
('BDS-001', '2024-12-01', 5, 7472, 94),
('BDS-001', '2025-01-01', 4, 6220, 90),
('BDS-001', '2025-02-01', 2, 3128, 88),
('BDS-001', '2025-03-01', 4, 6067, 84),
('BDS-002', '2023-10-01', 1, 1552, 12),
('BDS-002', '2023-11-01', 0, 0, 12),
('BDS-002', '2023-12-01', 0, 0, 12),
('BDS-002', '2024-01-01', 0, 0, 12),
('BDS-002', '2024-02-01', 0, 0, 12),
('BDS-002', '2024-03-01', 1, 1465, 11),
('BDS-002', '2024-04-01', 1, 1542, 10),
('BDS-002', '2024-05-01', 0, 0, 10),
('BDS-002', '2024-06-01', 1, 1487, 9),
('BDS-002', '2024-07-01', 0, 0, 9),
('BDS-002', '2024-08-01', 0, 0, 9),
('BDS-002', '2024-09-01', 0, 0, 9),
('BDS-002', '2024-10-01', 0, 0, 9),
('BDS-002', '2024-11-01', 1, 1440, 8),
('BDS-002', '2024-12-01', 0, 0, 8),
('BDS-002', '2025-01-01', 0, 0, 8),
('BDS-002', '2025-02-01', 0, 0, 8),
('BDS-002', '2025-03-01', 0, 0, 8),
('BDS-003', '2024-09-01', 9, 6038, 71),
('BDS-003', '2024-10-01', 13, 8999, 58),
('BDS-003', '2024-11-01', 7, 5016, 51),
('BDS-003', '2024-12-01', 8, 5390, 43),
('BDS-003', '2025-01-01', 5, 3384, 38),
('BDS-003', '2025-02-01', 2, 1379, 36),
('BDS-003', '2025-03-01', 14, 10156, 22),
('BDS-004', '2024-03-01', 4, 2903, 56),
('BDS-004', '2024-04-01', 6, 4220, 50),
('BDS-004', '2024-05-01', 2, 1462, 48),
('BDS-004', '2024-06-01', 3, 2119, 45),
('BDS-004', '2024-07-01', 2, 1434, 43),
('BDS-004', '2024-08-01', 4, 2781, 39),
('BDS-004', '2024-09-01', 4, 2809, 35),
('BDS-004', '2024-10-01', 5, 3493, 30),
('BDS-004', '2024-11-01', 3, 2013, 27),
('BDS-004', '2024-12-01', 3, 2081, 24),
('BDS-004', '2025-01-01', 1, 665, 23),
('BDS-004', '2025-02-01', 2, 1436, 21),
('BDS-004', '2025-03-01', 2, 1370, 19),
('BDS-005', '2024-01-01', 0, 0, 25),
('BDS-005', '2024-02-01', 0, 0, 25),
('BDS-005', '2024-03-01', 0, 0, 25),
('BDS-005', '2024-04-01', 1, 4543, 24),
('BDS-005', '2024-05-01', 1, 4521, 23),
('BDS-005', '2024-06-01', 0, 0, 23),
('BDS-005', '2024-07-01', 0, 0, 23),
('BDS-005', '2024-08-01', 1, 4565, 22),
('BDS-005', '2024-09-01', 1, 4374, 21),
('BDS-005', '2024-10-01', 0, 0, 21),
('BDS-005', '2024-11-01', 1, 4634, 20),
('BDS-005', '2024-12-01', 1, 4587, 19),
('BDS-005', '2025-01-01', 0, 0, 19),
('BDS-005', '2025-02-01', 0, 0, 19),
('BDS-005', '2025-03-01', 0, 0, 19);

-- project_financing
INSERT INTO project_financing (project_id, bank_name, loan_amount, disbursed_amount, interest_rate, disbursement_date, maturity_date, monthly_interest, status) VALUES
('BDS-001', 'Ngân hàng TMCP Ngoại thương (Vietcombank) - CN Thái Bình', 85000, 72000, 9.5, '2023-06-01', '2026-06-01', 570, 'dang_vay'),
('BDS-002', 'Ngân hàng TMCP Đầu tư và PT (BIDV) - CN Thái Bình', 12000, 12000, 10.0, '2022-06-01', '2025-06-01', 100, 'dang_vay'),
('BDS-003', 'Ngân hàng TMCP Ngoại thương (Vietcombank) - CN Thái Bình', 25000, 20000, 9.8, '2024-03-01', '2026-03-01', 163, 'dang_vay'),
('BDS-004', 'Ngân hàng TMCP Đầu tư và PT (BIDV) - CN Thái Bình', 15000, 14000, 10.2, '2023-12-01', '2025-12-01', 119, 'dang_vay'),
('BDS-005', 'Ngân hàng TMCP Ngoại thương (Vietcombank) - CN Thái Bình', 40000, 35000, 9.5, '2023-09-01', '2026-09-01', 277, 'dang_vay');