-- ============================================================
-- 03_master_data.sql
-- CANIFA Retail Fashion — Master/Dimension Data
-- ============================================================

USE canifa_retail_demo;
SET FOREIGN_KEY_CHECKS = 0;

-- regions: 6 records
INSERT INTO `regions` (region_id, region_name, region_name_en, description) VALUES
('REG-HCM', 'TP. Hồ Chí Minh', 'Ho Chi Minh City', 'Thành phố Hồ Chí Minh — 22 cửa hàng'),
('REG-HN', 'Hà Nội', 'Hanoi', 'Thủ đô Hà Nội — 25 cửa hàng'),
('REG-MB', 'Miền Bắc', 'Northern', 'Các tỉnh phía Bắc trừ Hà Nội — 22 cửa hàng'),
('REG-MN', 'Miền Nam', 'Southern', 'Các tỉnh phía Nam trừ TP.HCM — 16 cửa hàng'),
('REG-MT', 'Miền Trung', 'Central', 'Các tỉnh miền Trung — 15 cửa hàng'),
('REG-TN', 'Tây Nguyên & Tây Nam Bộ', 'Highlands & Southwest', 'Tây Nguyên và các tỉnh xa — 10 cửa hàng');

-- channels: 5 records
INSERT INTO `channels` (channel_id, channel_name, channel_type, commission_rate, shipping_subsidy_rate) VALUES
('CH-LAZADA', 'Lazada', 'Online', '7.00', '4.00'),
('CH-SHOPEE', 'Shopee', 'Online', '8.00', '5.00'),
('CH-STORE', 'Cửa hàng', 'Offline', '0.00', '0.00'),
('CH-TIKTOK', 'TikTok Shop', 'Online', '6.00', '4.00'),
('CH-WEB', 'Website canifa.com', 'Online', '0.00', '3.00');

-- categories: 11 records
INSERT INTO `categories` (category_id, category_group, category_name, subcategory, description) VALUES
('CAT-ACC', 'Unisex', 'Phụ kiện', NULL, 'Khăn, mũ, tất, balo'),
('CAT-ACT', 'Unisex', 'Activewear', NULL, 'Áo Dry-Tech, quần thể thao'),
('CAT-ESS-F', 'Nữ', 'Essentials Nữ', NULL, 'Áo phông, tank top, basic nữ'),
('CAT-ESS-M', 'Nam', 'Essentials Nam', NULL, 'Áo phông, polo, basic nam'),
('CAT-FW-F', 'Nữ', 'Thu-Đông Nữ', NULL, 'Áo len, áo khoác len, phao nữ'),
('CAT-FW-M', 'Nam', 'Thu-Đông Nam', NULL, 'Áo len, áo khoác dạ, phao nam'),
('CAT-JKK-F', 'Nữ', 'Jeans-Kaki Nữ', NULL, 'Jeans, kaki, chân váy nữ'),
('CAT-JKK-M', 'Nam', 'Jeans-Kaki Nam', NULL, 'Jeans, kaki, jogger nam'),
('CAT-KID', 'Trẻ em', 'Kids', NULL, 'Áo phông, áo khoác, quần, set đồ trẻ em'),
('CAT-SMC-F', 'Nữ', 'Smart Casual Nữ', NULL, 'Sơ mi, váy, đầm nữ'),
('CAT-SMC-M', 'Nam', 'Smart Casual Nam', NULL, 'Sơ mi, áo khoác nhẹ nam');

-- products: 500 records
INSERT INTO `products` (product_id, product_name, category_id, season, product_line, material, color, size_range, retail_price, cost_price, cost_price_new, popularity_weight, launch_date, status) VALUES
('PRD-AC-001', 'Khăn quàng cổ len - Đỏ đô', 'CAT-ACC', 'Thu-Đông', 'Phụ kiện', 'Wool blend', 'Đỏ đô', 'Free', '287000', '76000', NULL, '0.383', '2022-03-01', 'Active'),
('PRD-AC-002', 'Khăn quàng cổ len - Đen', 'CAT-ACC', 'Thu-Đông', 'Phụ kiện', 'Wool blend', 'Đen', 'Free', '206000', '67000', NULL, '2.691', '2022-07-01', 'Active'),
('PRD-AC-003', 'Khăn quàng cổ len - Xám', 'CAT-ACC', 'Thu-Đông', 'Phụ kiện', 'Wool blend', 'Xám', 'Free', '288000', '100000', NULL, '0.147', '2022-04-01', 'Active'),
('PRD-AC-004', 'Khăn quàng cổ len - Nâu', 'CAT-ACC', 'Thu-Đông', 'Phụ kiện', 'Wool blend', 'Nâu', 'Free', '215000', '97000', NULL, '1.006', '2020-07-01', 'Active'),
('PRD-AC-005', 'Khăn quàng cổ len - Be', 'CAT-ACC', 'Thu-Đông', 'Phụ kiện', 'Wool blend', 'Be', 'Free', '287000', '74000', NULL, '1.045', '2020-11-01', 'Active'),
('PRD-AC-006', 'Mũ len - Đen', 'CAT-ACC', 'Thu-Đông', 'Phụ kiện', 'Wool blend', 'Đen', 'Free', '158000', '60000', NULL, '0.546', '2021-04-01', 'Active'),
('PRD-AC-007', 'Mũ len - Đỏ đô', 'CAT-ACC', 'Thu-Đông', 'Phụ kiện', 'Wool blend', 'Đỏ đô', 'Free', '205000', '65000', NULL, '0.494', '2022-10-01', 'Active'),
('PRD-AC-008', 'Mũ len - Xám nhạt', 'CAT-ACC', 'Thu-Đông', 'Phụ kiện', 'Wool blend', 'Xám nhạt', 'Free', '197000', '52000', NULL, '1.558', '2020-05-01', 'Active'),
('PRD-AC-009', 'Mũ len - Nâu', 'CAT-ACC', 'Thu-Đông', 'Phụ kiện', 'Wool blend', 'Nâu', 'Free', '158000', '51000', NULL, '0.636', '2022-09-01', 'Active'),
('PRD-AC-010', 'Mũ len - Be', 'CAT-ACC', 'Thu-Đông', 'Phụ kiện', 'Wool blend', 'Be', 'Free', '227000', '58000', NULL, '0.879', '2023-04-01', 'Active'),
('PRD-AC-011', 'Tất nam - Be', 'CAT-ACC', '4 Mùa', 'Phụ kiện', 'Cotton blend', 'Be', 'Free', '49000', '16000', '17000', '0.333', '2023-03-01', 'Active'),
('PRD-AC-012', 'Tất nam - Navy', 'CAT-ACC', '4 Mùa', 'Phụ kiện', 'Cotton blend', 'Navy', 'Free', '77000', '23000', '25000', '3.922', '2023-05-01', 'Active'),
('PRD-AC-013', 'Tất nam - Đen', 'CAT-ACC', '4 Mùa', 'Phụ kiện', 'Cotton blend', 'Đen', 'Free', '57000', '16000', '17000', '1.937', '2022-07-01', 'Active'),
('PRD-AC-014', 'Tất nam - Nâu', 'CAT-ACC', '4 Mùa', 'Phụ kiện', 'Cotton blend', 'Nâu', 'Free', '71000', '16000', '17000', '3.510', '2021-06-01', 'Active'),
('PRD-AC-015', 'Tất nữ - Navy', 'CAT-ACC', '4 Mùa', 'Phụ kiện', 'Cotton blend', 'Navy', 'Free', '75000', '16000', '17000', '1.589', '2023-07-01', 'Active'),
('PRD-AC-016', 'Tất nữ - Be', 'CAT-ACC', '4 Mùa', 'Phụ kiện', 'Cotton blend', 'Be', 'Free', '78000', '18000', '19000', '0.399', '2023-11-01', 'Active'),
('PRD-AC-017', 'Tất nữ - Nâu', 'CAT-ACC', '4 Mùa', 'Phụ kiện', 'Cotton blend', 'Nâu', 'Free', '76000', '17000', '18000', '0.953', '2023-03-01', 'Active'),
('PRD-AC-018', 'Tất nữ - Xám', 'CAT-ACC', '4 Mùa', 'Phụ kiện', 'Cotton blend', 'Xám', 'Free', '67000', '23000', '25000', '2.646', '2021-08-01', 'Active'),
('PRD-AC-019', 'Balo thời trang - Be', 'CAT-ACC', '4 Mùa', 'Phụ kiện', 'Polyester', 'Be', 'Free', '365000', '101000', NULL, '2.537', '2021-11-01', 'Active'),
('PRD-AC-020', 'Balo thời trang - Đen', 'CAT-ACC', '4 Mùa', 'Phụ kiện', 'Polyester', 'Đen', 'Free', '430000', '125000', NULL, '1.808', '2023-11-01', 'Active'),
('PRD-AC-021', 'Balo thời trang - Xám', 'CAT-ACC', '4 Mùa', 'Phụ kiện', 'Polyester', 'Xám', 'Free', '408000', '123000', NULL, '1.730', '2021-09-01', 'Active'),
('PRD-AC-022', 'Túi tote - Nâu', 'CAT-ACC', '4 Mùa', 'Phụ kiện', 'Canvas cotton', 'Nâu', 'Free', '250000', '81000', '87000', '0.994', '2023-06-01', 'Active'),
('PRD-AC-023', 'Túi tote - Đen', 'CAT-ACC', '4 Mùa', 'Phụ kiện', 'Canvas cotton', 'Đen', 'Free', '223000', '99000', '107000', '0.499', '2023-07-01', 'Active'),
('PRD-AC-024', 'Túi tote - Be', 'CAT-ACC', '4 Mùa', 'Phụ kiện', 'Canvas cotton', 'Be', 'Free', '281000', '68000', '73000', '0.855', '2020-08-01', 'Active'),
('PRD-AC-025', 'Túi tote - Navy', 'CAT-ACC', '4 Mùa', 'Phụ kiện', 'Canvas cotton', 'Navy', 'Free', '244000', '69000', '75000', '0.991', '2020-07-01', 'Active'),
('PRD-AC-026', 'Thắt lưng nam - Be', 'CAT-ACC', '4 Mùa', 'Phụ kiện', 'Da PU', 'Be', 'Free', '262000', '85000', NULL, '2.916', '2023-06-01', 'Active'),
('PRD-AC-027', 'Thắt lưng nam - Đen', 'CAT-ACC', '4 Mùa', 'Phụ kiện', 'Da PU', 'Đen', 'Free', '215000', '60000', NULL, '0.543', '2023-12-01', 'Active'),
('PRD-AC-028', 'Thắt lưng nam - Navy', 'CAT-ACC', '4 Mùa', 'Phụ kiện', 'Da PU', 'Navy', 'Free', '245000', '82000', NULL, '0.602', '2022-09-01', 'Active'),
('PRD-AC-029', 'Thắt lưng nam - Nâu', 'CAT-ACC', '4 Mùa', 'Phụ kiện', 'Da PU', 'Nâu', 'Free', '231000', '82000', NULL, '0.218', '2023-02-01', 'Active'),
('PRD-AC-030', 'Khẩu trang vải - Navy', 'CAT-ACC', '4 Mùa', 'Phụ kiện', 'Cotton kháng khuẩn', 'Navy', 'Free', '54000', '26000', '28000', '0.571', '2023-01-01', 'Active'),
('PRD-AC-031', 'Khẩu trang vải - Xám', 'CAT-ACC', '4 Mùa', 'Phụ kiện', 'Cotton kháng khuẩn', 'Xám', 'Free', '86000', '26000', '28000', '1.597', '2023-08-01', 'Active'),
('PRD-AC-032', 'Khẩu trang vải - Đen', 'CAT-ACC', '4 Mùa', 'Phụ kiện', 'Cotton kháng khuẩn', 'Đen', 'Free', '75000', '27000', '29000', '0.417', '2020-09-01', 'Active'),
('PRD-AC-033', 'Mũ lưỡi trai - Be', 'CAT-ACC', '4 Mùa', 'Phụ kiện', 'Cotton canvas', 'Be', 'Free', '166000', '44000', '48000', '0.713', '2022-09-01', 'Active'),
('PRD-AC-034', 'Mũ lưỡi trai - Nâu', 'CAT-ACC', '4 Mùa', 'Phụ kiện', 'Cotton canvas', 'Nâu', 'Free', '173000', '49000', '53000', '1.531', '2021-05-01', 'Active'),
('PRD-AC-035', 'Mũ lưỡi trai - Navy', 'CAT-ACC', '4 Mùa', 'Phụ kiện', 'Cotton canvas', 'Navy', 'Free', '149000', '47000', '51000', '0.282', '2021-07-01', 'Active'),
('PRD-AC-036', 'Mũ lưỡi trai - Đen', 'CAT-ACC', '4 Mùa', 'Phụ kiện', 'Cotton canvas', 'Đen', 'Free', '159000', '56000', '60000', '1.099', '2022-12-01', 'Active'),
('PRD-AC-037', 'Mũ lưỡi trai - Xám', 'CAT-ACC', '4 Mùa', 'Phụ kiện', 'Cotton canvas', 'Xám', 'Free', '166000', '51000', '55000', '0.651', '2022-11-01', 'Active'),
('PRD-AC-038', 'Găng tay len - Be', 'CAT-ACC', 'Thu-Đông', 'Phụ kiện', 'Wool blend', 'Be', 'Free', '124000', '43000', NULL, '0.786', '2022-09-01', 'Active'),
('PRD-AC-039', 'Găng tay len - Đỏ đô', 'CAT-ACC', 'Thu-Đông', 'Phụ kiện', 'Wool blend', 'Đỏ đô', 'Free', '123000', '41000', NULL, '1.411', '2022-07-01', 'Active'),
('PRD-AC-040', 'Găng tay len - Xám', 'CAT-ACC', 'Thu-Đông', 'Phụ kiện', 'Wool blend', 'Xám', 'Free', '139000', '40000', NULL, '1.291', '2021-05-01', 'Active'),
('PRD-AC-041', 'Găng tay len - Nâu', 'CAT-ACC', 'Thu-Đông', 'Phụ kiện', 'Wool blend', 'Nâu', 'Free', '133000', '34000', NULL, '0.461', '2022-08-01', 'Active'),
('PRD-AC-042', 'Khăn tay cotton - Đen', 'CAT-ACC', '4 Mùa', 'Phụ kiện', 'Cotton', 'Đen', 'Free', '46000', '20000', '22000', '1.655', '2020-07-01', 'Active'),
('PRD-AC-043', 'Khăn tay cotton - Xám', 'CAT-ACC', '4 Mùa', 'Phụ kiện', 'Cotton', 'Xám', 'Free', '51000', '22000', '24000', '2.296', '2020-01-01', 'Active'),
('PRD-AC-044', 'Khăn tay cotton - Navy', 'CAT-ACC', '4 Mùa', 'Phụ kiện', 'Cotton', 'Navy', 'Free', '61000', '14000', '15000', '0.915', '2022-10-01', 'Active'),
('PRD-AC-045', 'Khăn tay cotton - Be', 'CAT-ACC', '4 Mùa', 'Phụ kiện', 'Cotton', 'Be', 'Free', '55000', '18000', '19000', '0.740', '2020-03-01', 'Active'),
('PRD-AT-001', 'Áo phông Dry-Tech nam - Trắng', 'CAT-ACT', '4 Mùa', 'Activewear', 'Polyester Dry-Tech', 'Trắng', 'S-XXL', '259000', '98000', NULL, '0.677', '2021-11-01', 'Active'),
('PRD-AT-002', 'Áo phông Dry-Tech nam - Navy', 'CAT-ACT', '4 Mùa', 'Activewear', 'Polyester Dry-Tech', 'Navy', 'S-XXL', '348000', '90000', NULL, '1.038', '2021-08-01', 'Active'),
('PRD-AT-004', 'Áo phông Dry-Tech nam - Xám', 'CAT-ACT', '4 Mùa', 'Activewear', 'Polyester Dry-Tech', 'Xám', 'S-XXL', '339000', '90000', NULL, '0.732', '2021-04-01', 'Active'),
('PRD-AT-005', 'Áo phông Dry-Tech nữ - Xám', 'CAT-ACT', '4 Mùa', 'Activewear', 'Polyester Dry-Tech', 'Xám', 'S-XL', '307000', '101000', NULL, '3.397', '2022-04-01', 'Active'),
('PRD-AT-006', 'Áo phông Dry-Tech nữ - Đen', 'CAT-ACT', '4 Mùa', 'Activewear', 'Polyester Dry-Tech', 'Đen', 'S-XL', '281000', '95000', NULL, '1.526', '2020-04-01', 'Active'),
('PRD-AT-007', 'Áo phông Dry-Tech nữ - Navy', 'CAT-ACT', '4 Mùa', 'Activewear', 'Polyester Dry-Tech', 'Navy', 'S-XL', '278000', '82000', NULL, '0.999', '2020-06-01', 'Active'),
('PRD-AT-008', 'Áo phông Dry-Tech nữ - Trắng', 'CAT-ACT', '4 Mùa', 'Activewear', 'Polyester Dry-Tech', 'Trắng', 'S-XL', '322000', '82000', NULL, '2.729', '2022-09-01', 'Active'),
('PRD-AT-009', 'Quần thể thao nam - Trắng', 'CAT-ACT', '4 Mùa', 'Activewear', 'Polyester stretch', 'Trắng', 'S-XXL', '358000', '99000', NULL, '2.447', '2022-11-01', 'Active'),
('PRD-AT-010', 'Quần thể thao nam - Navy', 'CAT-ACT', '4 Mùa', 'Activewear', 'Polyester stretch', 'Navy', 'S-XXL', '370000', '126000', NULL, '0.858', '2021-05-01', 'Active'),
('PRD-AT-011', 'Quần thể thao nam - Đen', 'CAT-ACT', '4 Mùa', 'Activewear', 'Polyester stretch', 'Đen', 'S-XXL', '307000', '101000', NULL, '0.541', '2020-05-01', 'Active'),
('PRD-AT-012', 'Quần thể thao nam - Xám', 'CAT-ACT', '4 Mùa', 'Activewear', 'Polyester stretch', 'Xám', 'S-XXL', '369000', '125000', NULL, '0.415', '2023-10-01', 'Active'),
('PRD-AT-013', 'Quần thể thao nữ - Be', 'CAT-ACT', '4 Mùa', 'Activewear', 'Polyester stretch', 'Be', 'S-XL', '291000', '117000', NULL, '1.336', '2022-09-01', 'Active'),
('PRD-AT-014', 'Quần thể thao nữ - Đen', 'CAT-ACT', '4 Mùa', 'Activewear', 'Polyester stretch', 'Đen', 'S-XL', '331000', '122000', NULL, '0.631', '2022-12-01', 'Active'),
('PRD-AT-015', 'Quần thể thao nữ - Trắng', 'CAT-ACT', '4 Mùa', 'Activewear', 'Polyester stretch', 'Trắng', 'S-XL', '368000', '120000', NULL, '0.746', '2020-08-01', 'Active'),
('PRD-AT-016', 'Quần thể thao nữ - Navy', 'CAT-ACT', '4 Mùa', 'Activewear', 'Polyester stretch', 'Navy', 'S-XL', '325000', '105000', NULL, '0.999', '2022-03-01', 'Active'),
('PRD-AT-017', 'Áo khoác gió thể thao - Xám', 'CAT-ACT', '4 Mùa', 'Activewear', 'Nylon ripstop', 'Xám', 'S-XXL', '433000', '159000', NULL, '0.559', '2023-03-01', 'Active'),
('PRD-AT-018', 'Áo khoác gió thể thao - Đen', 'CAT-ACT', '4 Mùa', 'Activewear', 'Nylon ripstop', 'Đen', 'S-XXL', '426000', '183000', NULL, '2.110', '2021-06-01', 'Active'),
('PRD-AT-019', 'Áo khoác gió thể thao - Be', 'CAT-ACT', '4 Mùa', 'Activewear', 'Nylon ripstop', 'Be', 'S-XXL', '436000', '181000', NULL, '0.289', '2022-02-01', 'Active'),
('PRD-AT-020', 'Áo khoác gió thể thao - Navy', 'CAT-ACT', '4 Mùa', 'Activewear', 'Nylon ripstop', 'Navy', 'S-XXL', '474000', '180000', NULL, '0.380', '2022-05-01', 'Active'),
('PRD-AT-021', 'Set thể thao nam - Xám', 'CAT-ACT', '4 Mùa', 'Activewear', 'Polyester Dry-Tech', 'Xám', 'S-XXL', '518000', '168000', NULL, '0.313', '2021-08-01', 'Active'),
('PRD-AT-022', 'Set thể thao nam - Đen', 'CAT-ACT', '4 Mùa', 'Activewear', 'Polyester Dry-Tech', 'Đen', 'S-XXL', '504000', '199000', NULL, '1.851', '2021-03-01', 'Active'),
('PRD-AT-023', 'Set thể thao nam - Be', 'CAT-ACT', '4 Mùa', 'Activewear', 'Polyester Dry-Tech', 'Be', 'S-XXL', '450000', '171000', NULL, '0.612', '2020-06-01', 'Active'),
('PRD-AT-024', 'Set thể thao nữ - Đen', 'CAT-ACT', '4 Mùa', 'Activewear', 'Polyester Dry-Tech', 'Đen', 'S-XL', '538000', '147000', NULL, '1.048', '2023-01-01', 'Active'),
('PRD-AT-025', 'Set thể thao nữ - Navy', 'CAT-ACT', '4 Mùa', 'Activewear', 'Polyester Dry-Tech', 'Navy', 'S-XL', '575000', '149000', NULL, '0.758', '2021-09-01', 'Active'),
('PRD-AT-026', 'Set thể thao nữ - Xám', 'CAT-ACT', '4 Mùa', 'Activewear', 'Polyester Dry-Tech', 'Xám', 'S-XL', '491000', '187000', NULL, '0.820', '2020-09-01', 'Active'),
('PRD-AT-027', 'Quần short thể thao - Trắng', 'CAT-ACT', 'Xuân-Hè', 'Activewear', 'Polyester mesh', 'Trắng', 'S-XXL', '234000', '91000', NULL, '0.652', '2022-07-01', 'Active'),
('PRD-AT-028', 'Quần short thể thao - Navy', 'CAT-ACT', 'Xuân-Hè', 'Activewear', 'Polyester mesh', 'Navy', 'S-XXL', '255000', '85000', NULL, '0.741', '2020-04-01', 'Active'),
('PRD-AT-029', 'Quần short thể thao - Đen', 'CAT-ACT', 'Xuân-Hè', 'Activewear', 'Polyester mesh', 'Đen', 'S-XXL', '210000', '86000', NULL, '0.915', '2020-09-01', 'Active'),
('PRD-AT-030', 'Quần short thể thao - Xám', 'CAT-ACT', 'Xuân-Hè', 'Activewear', 'Polyester mesh', 'Xám', 'S-XXL', '228000', '86000', NULL, '0.898', '2020-02-01', 'Active'),
('PRD-EF-001', 'Áo phông cổ tròn nữ - Đỏ đô', 'CAT-ESS-F', '4 Mùa', 'Essentials', 'Cotton USA', 'Đỏ đô', 'S-XL', '191000', '65000', '70000', '1.398', '2022-06-01', 'Active'),
('PRD-EF-002', 'Áo phông cổ tròn nữ - Xám nhạt', 'CAT-ESS-F', '4 Mùa', 'Essentials', 'Cotton USA', 'Xám nhạt', 'S-XL', '224000', '59000', '64000', '0.507', '2021-12-01', 'Active'),
('PRD-EF-003', 'Áo phông cổ tròn nữ - Xám', 'CAT-ESS-F', '4 Mùa', 'Essentials', 'Cotton USA', 'Xám', 'S-XL', '190000', '65000', '70000', '0.684', '2020-04-01', 'Active'),
('PRD-EF-004', 'Áo phông cổ tròn nữ - Trắng', 'CAT-ESS-F', '4 Mùa', 'Essentials', 'Cotton USA', 'Trắng', 'S-XL', '221000', '65000', '70000', '1.190', '2022-05-01', 'Active'),
('PRD-EF-005', 'Áo phông cổ tròn nữ - Nâu', 'CAT-ESS-F', '4 Mùa', 'Essentials', 'Cotton USA', 'Nâu', 'S-XL', '217000', '73000', '79000', '2.553', '2021-08-01', 'Active'),
('PRD-EF-006', 'Áo phông cổ tròn nữ - Navy', 'CAT-ESS-F', '4 Mùa', 'Essentials', 'Cotton USA', 'Navy', 'S-XL', '190000', '65000', '70000', '0.427', '2023-12-01', 'Active'),
('PRD-EF-007', 'Áo phông cổ tròn nữ - Be', 'CAT-ESS-F', '4 Mùa', 'Essentials', 'Cotton USA', 'Be', 'S-XL', '187000', '66000', '71000', '0.306', '2020-07-01', 'Active'),
('PRD-EF-008', 'Áo phông cổ V nữ - Be', 'CAT-ESS-F', '4 Mùa', 'Essentials', 'Cotton USA', 'Be', 'S-XL', '222000', '61000', '66000', '0.652', '2023-06-01', 'Active'),
('PRD-EF-009', 'Áo phông cổ V nữ - Đen', 'CAT-ESS-F', '4 Mùa', 'Essentials', 'Cotton USA', 'Đen', 'S-XL', '196000', '73000', '79000', '0.565', '2023-01-01', 'Active'),
('PRD-EF-010', 'Áo phông cổ V nữ - Navy', 'CAT-ESS-F', '4 Mùa', 'Essentials', 'Cotton USA', 'Navy', 'S-XL', '216000', '59000', '64000', '2.013', '2020-11-01', 'Active'),
('PRD-EF-011', 'Áo phông cổ V nữ - Trắng', 'CAT-ESS-F', '4 Mùa', 'Essentials', 'Cotton USA', 'Trắng', 'S-XL', '181000', '59000', '64000', '0.151', '2021-04-01', 'Active'),
('PRD-EF-012', 'Áo phông cổ V nữ - Xám', 'CAT-ESS-F', '4 Mùa', 'Essentials', 'Cotton USA', 'Xám', 'S-XL', '185000', '69000', '75000', '1.103', '2022-06-01', 'Active'),
('PRD-EF-013', 'Áo phông crop top nữ - Trắng', 'CAT-ESS-F', 'Xuân-Hè', 'Essentials', 'Cotton stretch', 'Trắng', 'S-L', '198000', '69000', '75000', '2.690', '2023-07-01', 'Active'),
('PRD-EF-014', 'Áo phông crop top nữ - Đen', 'CAT-ESS-F', 'Xuân-Hè', 'Essentials', 'Cotton stretch', 'Đen', 'S-L', '216000', '56000', '60000', '1.921', '2021-02-01', 'Active'),
('PRD-EF-015', 'Áo phông crop top nữ - Navy', 'CAT-ESS-F', 'Xuân-Hè', 'Essentials', 'Cotton stretch', 'Navy', 'S-L', '204000', '57000', '62000', '3.120', '2020-06-01', 'Active'),
('PRD-EF-016', 'Áo phông crop top nữ - Be', 'CAT-ESS-F', 'Xuân-Hè', 'Essentials', 'Cotton stretch', 'Be', 'S-L', '196000', '64000', '69000', '0.365', '2023-02-01', 'Active'),
('PRD-EF-017', 'Áo phông crop top nữ - Xám', 'CAT-ESS-F', 'Xuân-Hè', 'Essentials', 'Cotton stretch', 'Xám', 'S-L', '191000', '59000', '64000', '2.388', '2021-07-01', 'Active'),
('PRD-EF-018', 'Áo polo nữ - Trắng', 'CAT-ESS-F', '4 Mùa', 'Essentials', 'Cotton Pique', 'Trắng', 'S-XL', '301000', '104000', '112000', '0.153', '2020-05-01', 'Active'),
('PRD-EF-019', 'Áo polo nữ - Xám', 'CAT-ESS-F', '4 Mùa', 'Essentials', 'Cotton Pique', 'Xám', 'S-XL', '323000', '93000', '100000', '0.897', '2023-06-01', 'Active'),
('PRD-EF-020', 'Áo polo nữ - Navy', 'CAT-ESS-F', '4 Mùa', 'Essentials', 'Cotton Pique', 'Navy', 'S-XL', '280000', '107000', '116000', '0.616', '2022-06-01', 'Active'),
('PRD-EF-021', 'Áo polo nữ - Be', 'CAT-ESS-F', '4 Mùa', 'Essentials', 'Cotton Pique', 'Be', 'S-XL', '293000', '101000', '109000', '2.794', '2021-02-01', 'Active'),
('PRD-EF-022', 'Áo polo nữ - Đen', 'CAT-ESS-F', '4 Mùa', 'Essentials', 'Cotton Pique', 'Đen', 'S-XL', '291000', '97000', '105000', '1.091', '2023-11-01', 'Active'),
('PRD-EF-023', 'Áo tank top nữ - Navy', 'CAT-ESS-F', 'Xuân-Hè', 'Essentials', 'Cotton stretch', 'Navy', 'S-XL', '140000', '52000', '56000', '0.573', '2023-09-01', 'Active'),
('PRD-EF-024', 'Áo tank top nữ - Be', 'CAT-ESS-F', 'Xuân-Hè', 'Essentials', 'Cotton stretch', 'Be', 'S-XL', '156000', '48000', '52000', '1.555', '2023-05-01', 'Active'),
('PRD-EF-025', 'Áo tank top nữ - Đen', 'CAT-ESS-F', 'Xuân-Hè', 'Essentials', 'Cotton stretch', 'Đen', 'S-XL', '144000', '44000', '48000', '1.474', '2021-04-01', 'Active'),
('PRD-EF-026', 'Áo tank top nữ - Xám', 'CAT-ESS-F', 'Xuân-Hè', 'Essentials', 'Cotton stretch', 'Xám', 'S-XL', '140000', '49000', '53000', '1.042', '2020-04-01', 'Active');

INSERT INTO `products` (product_id, product_name, category_id, season, product_line, material, color, size_range, retail_price, cost_price, cost_price_new, popularity_weight, launch_date, status) VALUES
('PRD-EF-027', 'Áo tank top nữ - Trắng', 'CAT-ESS-F', 'Xuân-Hè', 'Essentials', 'Cotton stretch', 'Trắng', 'S-XL', '144000', '46000', '50000', '0.443', '2021-05-01', 'Active'),
('PRD-EF-028', 'Áo phông in họa tiết nữ - Đen', 'CAT-ESS-F', '4 Mùa', 'Essentials', 'Cotton blend', 'Đen', 'S-XL', '205000', '65000', '70000', '0.608', '2022-03-01', 'Active'),
('PRD-EF-029', 'Áo phông in họa tiết nữ - Xám nhạt', 'CAT-ESS-F', '4 Mùa', 'Essentials', 'Cotton blend', 'Xám nhạt', 'S-XL', '257000', '70000', '76000', '0.358', '2020-03-01', 'Active'),
('PRD-EF-030', 'Áo phông in họa tiết nữ - Be', 'CAT-ESS-F', '4 Mùa', 'Essentials', 'Cotton blend', 'Be', 'S-XL', '208000', '76000', '82000', '1.841', '2021-09-01', 'Active'),
('PRD-EF-031', 'Áo phông in họa tiết nữ - Xám', 'CAT-ESS-F', '4 Mùa', 'Essentials', 'Cotton blend', 'Xám', 'S-XL', '222000', '83000', '90000', '0.554', '2023-05-01', 'Active'),
('PRD-EF-032', 'Áo phông in họa tiết nữ - Trắng', 'CAT-ESS-F', '4 Mùa', 'Essentials', 'Cotton blend', 'Trắng', 'S-XL', '233000', '66000', '71000', '2.322', '2022-11-01', 'Active'),
('PRD-EF-033', 'Áo phông in họa tiết nữ - Navy', 'CAT-ESS-F', '4 Mùa', 'Essentials', 'Cotton blend', 'Navy', 'S-XL', '204000', '70000', '76000', '1.077', '2023-08-01', 'Active'),
('PRD-EF-034', 'Áo phông oversize nữ - Be', 'CAT-ESS-F', '4 Mùa', 'Essentials', 'Cotton USA', 'Be', 'S-XL', '243000', '77000', '83000', '0.647', '2021-07-01', 'Active'),
('PRD-EF-035', 'Áo phông oversize nữ - Navy', 'CAT-ESS-F', '4 Mùa', 'Essentials', 'Cotton USA', 'Navy', 'S-XL', '235000', '76000', '82000', '0.563', '2021-02-01', 'Active'),
('PRD-EF-036', 'Áo phông oversize nữ - Trắng', 'CAT-ESS-F', '4 Mùa', 'Essentials', 'Cotton USA', 'Trắng', 'S-XL', '232000', '86000', '93000', '1.914', '2022-08-01', 'Active'),
('PRD-EF-037', 'Áo phông oversize nữ - Đen', 'CAT-ESS-F', '4 Mùa', 'Essentials', 'Cotton USA', 'Đen', 'S-XL', '235000', '84000', '91000', '1.001', '2020-10-01', 'Active'),
('PRD-EF-038', 'Áo phông oversize nữ - Xám', 'CAT-ESS-F', '4 Mùa', 'Essentials', 'Cotton USA', 'Xám', 'S-XL', '231000', '80000', '86000', '0.752', '2020-04-01', 'Active'),
('PRD-EF-039', 'Áo phông dài tay nữ - Be', 'CAT-ESS-F', '4 Mùa', 'Essentials', 'Cotton USA', 'Be', 'S-XL', '267000', '75000', '81000', '1.042', '2022-03-01', 'Active'),
('PRD-EF-040', 'Áo phông dài tay nữ - Đen', 'CAT-ESS-F', '4 Mùa', 'Essentials', 'Cotton USA', 'Đen', 'S-XL', '279000', '80000', '86000', '0.941', '2022-11-01', 'Active'),
('PRD-EF-041', 'Áo phông dài tay nữ - Xám', 'CAT-ESS-F', '4 Mùa', 'Essentials', 'Cotton USA', 'Xám', 'S-XL', '234000', '75000', '81000', '0.810', '2023-09-01', 'Active'),
('PRD-EF-042', 'Áo phông dài tay nữ - Trắng', 'CAT-ESS-F', '4 Mùa', 'Essentials', 'Cotton USA', 'Trắng', 'S-XL', '231000', '74000', '80000', '0.714', '2023-09-01', 'Active'),
('PRD-EF-043', 'Áo phông dài tay nữ - Navy', 'CAT-ESS-F', '4 Mùa', 'Essentials', 'Cotton USA', 'Navy', 'S-XL', '270000', '72000', '78000', '2.281', '2020-04-01', 'Active'),
('PRD-EF-044', 'Áo thun body nữ - Be', 'CAT-ESS-F', '4 Mùa', 'Essentials', 'Cotton stretch', 'Be', 'S-L', '200000', '64000', '69000', '0.454', '2022-08-01', 'Active'),
('PRD-EF-045', 'Áo thun body nữ - Xám', 'CAT-ESS-F', '4 Mùa', 'Essentials', 'Cotton stretch', 'Xám', 'S-L', '213000', '60000', '65000', '3.450', '2022-09-01', 'Active'),
('PRD-EF-046', 'Áo thun body nữ - Navy', 'CAT-ESS-F', '4 Mùa', 'Essentials', 'Cotton stretch', 'Navy', 'S-L', '170000', '59000', '64000', '1.233', '2022-09-01', 'Active'),
('PRD-EF-047', 'Áo thun body nữ - Trắng', 'CAT-ESS-F', '4 Mùa', 'Essentials', 'Cotton stretch', 'Trắng', 'S-L', '204000', '59000', '64000', '0.961', '2023-09-01', 'Active'),
('PRD-EF-048', 'Áo lót cotton nữ - Trắng', 'CAT-ESS-F', '4 Mùa', 'Essentials', 'Cotton USA', 'Trắng', 'S-XL', '124000', '31000', '33000', '1.813', '2022-01-01', 'Active'),
('PRD-EF-049', 'Áo lót cotton nữ - Navy', 'CAT-ESS-F', '4 Mùa', 'Essentials', 'Cotton USA', 'Navy', 'S-XL', '100000', '32000', '35000', '0.985', '2023-06-01', 'Active'),
('PRD-EF-050', 'Áo lót cotton nữ - Đen', 'CAT-ESS-F', '4 Mùa', 'Essentials', 'Cotton USA', 'Đen', 'S-XL', '102000', '37000', '40000', '0.111', '2021-12-01', 'Active'),
('PRD-EF-051', 'Áo lót cotton nữ - Xám', 'CAT-ESS-F', '4 Mùa', 'Essentials', 'Cotton USA', 'Xám', 'S-XL', '99000', '33000', '36000', '2.066', '2022-12-01', 'Active'),
('PRD-EF-052', 'Áo phông raglan nữ - Navy', 'CAT-ESS-F', '4 Mùa', 'Essentials', 'Cotton blend', 'Navy', 'S-XL', '224000', '63000', '68000', '1.007', '2020-08-01', 'Active'),
('PRD-EF-053', 'Áo phông raglan nữ - Be', 'CAT-ESS-F', '4 Mùa', 'Essentials', 'Cotton blend', 'Be', 'S-XL', '204000', '78000', '84000', '0.473', '2023-11-01', 'Active'),
('PRD-EF-054', 'Áo phông raglan nữ - Trắng', 'CAT-ESS-F', '4 Mùa', 'Essentials', 'Cotton blend', 'Trắng', 'S-XL', '203000', '68000', '73000', '1.567', '2022-11-01', 'Active'),
('PRD-EF-055', 'Áo phông raglan nữ - Đen', 'CAT-ESS-F', '4 Mùa', 'Essentials', 'Cotton blend', 'Đen', 'S-XL', '235000', '76000', '82000', '1.688', '2020-11-01', 'Active'),
('PRD-EM-001', 'Áo phông cổ tròn nam - Trắng', 'CAT-ESS-M', '4 Mùa', 'Essentials', 'Cotton USA', 'Trắng', 'S-XXL', '233000', '83000', '90000', '0.424', '2020-02-01', 'Active'),
('PRD-EM-002', 'Áo phông cổ tròn nam - Đen', 'CAT-ESS-M', '4 Mùa', 'Essentials', 'Cotton USA', 'Đen', 'S-XXL', '210000', '75000', '81000', '1.485', '2021-08-01', 'Active'),
('PRD-EM-003', 'Áo phông cổ tròn nam - Xanh rêu', 'CAT-ESS-M', '4 Mùa', 'Essentials', 'Cotton USA', 'Xanh rêu', 'S-XXL', '228000', '81000', '87000', '1.434', '2021-04-01', 'Active'),
('PRD-EM-004', 'Áo phông cổ tròn nam - Xám', 'CAT-ESS-M', '4 Mùa', 'Essentials', 'Cotton USA', 'Xám', 'S-XXL', '247000', '72000', '78000', '2.866', '2020-12-01', 'Active'),
('PRD-EM-005', 'Áo phông cổ tròn nam - Xám nhạt', 'CAT-ESS-M', '4 Mùa', 'Essentials', 'Cotton USA', 'Xám nhạt', 'S-XXL', '222000', '67000', '72000', '0.512', '2022-10-01', 'Active'),
('PRD-EM-006', 'Áo phông cổ tròn nam - Be', 'CAT-ESS-M', '4 Mùa', 'Essentials', 'Cotton USA', 'Be', 'S-XXL', '209000', '66000', '71000', '2.348', '2020-04-01', 'Active'),
('PRD-EM-007', 'Áo phông cổ tròn nam - Đỏ đô', 'CAT-ESS-M', '4 Mùa', 'Essentials', 'Cotton USA', 'Đỏ đô', 'S-XXL', '242000', '73000', '79000', '0.714', '2021-06-01', 'Active'),
('PRD-EM-008', 'Áo phông cổ tròn nam - Nâu', 'CAT-ESS-M', '4 Mùa', 'Essentials', 'Cotton USA', 'Nâu', 'S-XXL', '217000', '78000', '84000', '2.151', '2020-10-01', 'Active'),
('PRD-EM-009', 'Áo phông cổ V nam - Trắng', 'CAT-ESS-M', '4 Mùa', 'Essentials', 'Cotton USA', 'Trắng', 'S-XXL', '212000', '84000', '91000', '1.336', '2022-01-01', 'Active'),
('PRD-EM-010', 'Áo phông cổ V nam - Be', 'CAT-ESS-M', '4 Mùa', 'Essentials', 'Cotton USA', 'Be', 'S-XXL', '210000', '66000', '71000', '0.739', '2021-10-01', 'Active'),
('PRD-EM-011', 'Áo phông cổ V nam - Đen', 'CAT-ESS-M', '4 Mùa', 'Essentials', 'Cotton USA', 'Đen', 'S-XXL', '243000', '71000', '77000', '1.362', '2023-03-01', 'Active'),
('PRD-EM-012', 'Áo phông cổ V nam - Navy', 'CAT-ESS-M', '4 Mùa', 'Essentials', 'Cotton USA', 'Navy', 'S-XXL', '212000', '70000', '76000', '1.105', '2023-10-01', 'Active'),
('PRD-EM-013', 'Áo phông cổ V nam - Xám', 'CAT-ESS-M', '4 Mùa', 'Essentials', 'Cotton USA', 'Xám', 'S-XXL', '219000', '69000', '75000', '0.284', '2023-10-01', 'Active'),
('PRD-EM-014', 'Áo phông in họa tiết nam - Trắng', 'CAT-ESS-M', '4 Mùa', 'Essentials', 'Cotton blend', 'Trắng', 'S-XXL', '271000', '70000', '76000', '2.300', '2022-11-01', 'Active'),
('PRD-EM-015', 'Áo phông in họa tiết nam - Nâu', 'CAT-ESS-M', '4 Mùa', 'Essentials', 'Cotton blend', 'Nâu', 'S-XXL', '239000', '77000', '83000', '2.589', '2021-09-01', 'Active'),
('PRD-EM-016', 'Áo phông in họa tiết nam - Navy', 'CAT-ESS-M', '4 Mùa', 'Essentials', 'Cotton blend', 'Navy', 'S-XXL', '274000', '92000', '99000', '0.512', '2021-03-01', 'Active'),
('PRD-EM-017', 'Áo phông in họa tiết nam - Be', 'CAT-ESS-M', '4 Mùa', 'Essentials', 'Cotton blend', 'Be', 'S-XXL', '241000', '74000', '80000', '3.501', '2023-01-01', 'Active'),
('PRD-EM-018', 'Áo phông in họa tiết nam - Đỏ đô', 'CAT-ESS-M', '4 Mùa', 'Essentials', 'Cotton blend', 'Đỏ đô', 'S-XXL', '226000', '79000', '85000', '0.662', '2020-02-01', 'Active'),
('PRD-EM-019', 'Áo phông in họa tiết nam - Xám', 'CAT-ESS-M', '4 Mùa', 'Essentials', 'Cotton blend', 'Xám', 'S-XXL', '263000', '90000', '97000', '0.267', '2021-05-01', 'Active'),
('PRD-EM-020', 'Áo phông in họa tiết nam - Xanh rêu', 'CAT-ESS-M', '4 Mùa', 'Essentials', 'Cotton blend', 'Xanh rêu', 'S-XXL', '251000', '85000', '92000', '2.687', '2022-07-01', 'Active'),
('PRD-EM-021', 'Áo polo basic nam - Xanh rêu', 'CAT-ESS-M', '4 Mùa', 'Essentials', 'Cotton Pique', 'Xanh rêu', 'S-XXL', '310000', '103000', '111000', '1.148', '2021-01-01', 'Active'),
('PRD-EM-022', 'Áo polo basic nam - Đỏ đô', 'CAT-ESS-M', '4 Mùa', 'Essentials', 'Cotton Pique', 'Đỏ đô', 'S-XXL', '303000', '111000', '120000', '0.387', '2021-09-01', 'Active'),
('PRD-EM-023', 'Áo polo basic nam - Be', 'CAT-ESS-M', '4 Mùa', 'Essentials', 'Cotton Pique', 'Be', 'S-XXL', '306000', '118000', '127000', '1.176', '2023-07-01', 'Active'),
('PRD-EM-024', 'Áo polo basic nam - Navy', 'CAT-ESS-M', '4 Mùa', 'Essentials', 'Cotton Pique', 'Navy', 'S-XXL', '309000', '97000', '105000', '0.866', '2023-12-01', 'Active'),
('PRD-EM-025', 'Áo polo basic nam - Đen', 'CAT-ESS-M', '4 Mùa', 'Essentials', 'Cotton Pique', 'Đen', 'S-XXL', '302000', '111000', '120000', '1.205', '2022-02-01', 'Active'),
('PRD-EM-026', 'Áo polo basic nam - Trắng', 'CAT-ESS-M', '4 Mùa', 'Essentials', 'Cotton Pique', 'Trắng', 'S-XXL', '311000', '100000', '108000', '0.899', '2022-08-01', 'Active'),
('PRD-EM-027', 'Áo polo kẻ sọc nam - Trắng', 'CAT-ESS-M', '4 Mùa', 'Essentials', 'Cotton Pique', 'Trắng', 'S-XXL', '375000', '119000', '129000', '1.490', '2023-08-01', 'Active'),
('PRD-EM-028', 'Áo polo kẻ sọc nam - Đen', 'CAT-ESS-M', '4 Mùa', 'Essentials', 'Cotton Pique', 'Đen', 'S-XXL', '363000', '130000', '140000', '1.783', '2020-07-01', 'Active'),
('PRD-EM-029', 'Áo polo kẻ sọc nam - Be', 'CAT-ESS-M', '4 Mùa', 'Essentials', 'Cotton Pique', 'Be', 'S-XXL', '348000', '127000', '137000', '0.911', '2023-03-01', 'Active'),
('PRD-EM-030', 'Áo polo kẻ sọc nam - Navy', 'CAT-ESS-M', '4 Mùa', 'Essentials', 'Cotton Pique', 'Navy', 'S-XXL', '342000', '108000', '117000', '0.464', '2020-10-01', 'Active'),
('PRD-EM-031', 'Áo polo kẻ sọc nam - Xám', 'CAT-ESS-M', '4 Mùa', 'Essentials', 'Cotton Pique', 'Xám', 'S-XXL', '362000', '132000', '143000', '1.040', '2020-03-01', 'Active'),
('PRD-EM-032', 'Áo polo thể thao nam - Đen', 'CAT-ESS-M', '4 Mùa', 'Essentials', 'Cotton Pique', 'Đen', 'S-XXL', '349000', '124000', '134000', '1.220', '2020-10-01', 'Active'),
('PRD-EM-033', 'Áo polo thể thao nam - Be', 'CAT-ESS-M', '4 Mùa', 'Essentials', 'Cotton Pique', 'Be', 'S-XXL', '333000', '116000', '125000', '1.121', '2022-04-01', 'Active'),
('PRD-EM-034', 'Áo polo thể thao nam - Xám', 'CAT-ESS-M', '4 Mùa', 'Essentials', 'Cotton Pique', 'Xám', 'S-XXL', '362000', '108000', '117000', '0.723', '2022-08-01', 'Active'),
('PRD-EM-035', 'Áo polo thể thao nam - Navy', 'CAT-ESS-M', '4 Mùa', 'Essentials', 'Cotton Pique', 'Navy', 'S-XXL', '345000', '119000', '129000', '0.388', '2020-02-01', 'Active'),
('PRD-EM-036', 'Áo tank top nam - Be', 'CAT-ESS-M', 'Xuân-Hè', 'Essentials', 'Cotton stretch', 'Be', 'S-XXL', '156000', '52000', '56000', '0.504', '2022-03-01', 'Active'),
('PRD-EM-037', 'Áo tank top nam - Trắng', 'CAT-ESS-M', 'Xuân-Hè', 'Essentials', 'Cotton stretch', 'Trắng', 'S-XXL', '171000', '56000', '60000', '2.188', '2022-11-01', 'Active'),
('PRD-EM-038', 'Áo tank top nam - Xám', 'CAT-ESS-M', 'Xuân-Hè', 'Essentials', 'Cotton stretch', 'Xám', 'S-XXL', '154000', '63000', '68000', '1.412', '2022-10-01', 'Active'),
('PRD-EM-039', 'Áo tank top nam - Navy', 'CAT-ESS-M', 'Xuân-Hè', 'Essentials', 'Cotton stretch', 'Navy', 'S-XXL', '160000', '52000', '56000', '4.622', '2023-05-01', 'Active'),
('PRD-EM-040', 'Áo phông oversize nam - Đen', 'CAT-ESS-M', '4 Mùa', 'Essentials', 'Cotton USA', 'Đen', 'M-XXL', '251000', '87000', '94000', '0.483', '2023-09-01', 'Active'),
('PRD-EM-041', 'Áo phông oversize nam - Be', 'CAT-ESS-M', '4 Mùa', 'Essentials', 'Cotton USA', 'Be', 'M-XXL', '249000', '82000', '89000', '1.392', '2021-07-01', 'Active'),
('PRD-EM-042', 'Áo phông oversize nam - Xám', 'CAT-ESS-M', '4 Mùa', 'Essentials', 'Cotton USA', 'Xám', 'M-XXL', '255000', '86000', '93000', '0.629', '2020-06-01', 'Active'),
('PRD-EM-043', 'Áo phông oversize nam - Trắng', 'CAT-ESS-M', '4 Mùa', 'Essentials', 'Cotton USA', 'Trắng', 'M-XXL', '288000', '98000', '106000', '0.744', '2021-04-01', 'Active'),
('PRD-EM-044', 'Áo phông oversize nam - Navy', 'CAT-ESS-M', '4 Mùa', 'Essentials', 'Cotton USA', 'Navy', 'M-XXL', '292000', '100000', '108000', '1.664', '2020-07-01', 'Active'),
('PRD-EM-045', 'Áo phông thể thao nam - Đen', 'CAT-ESS-M', '4 Mùa', 'Essentials', 'Cotton blend', 'Đen', 'S-XXL', '270000', '82000', '89000', '0.319', '2021-04-01', 'Active'),
('PRD-EM-046', 'Áo phông thể thao nam - Navy', 'CAT-ESS-M', '4 Mùa', 'Essentials', 'Cotton blend', 'Navy', 'S-XXL', '230000', '78000', '84000', '0.219', '2022-06-01', 'Active'),
('PRD-EM-047', 'Áo phông thể thao nam - Be', 'CAT-ESS-M', '4 Mùa', 'Essentials', 'Cotton blend', 'Be', 'S-XXL', '261000', '81000', '87000', '2.130', '2020-10-01', 'Active'),
('PRD-EM-048', 'Áo phông thể thao nam - Xám', 'CAT-ESS-M', '4 Mùa', 'Essentials', 'Cotton blend', 'Xám', 'S-XXL', '251000', '86000', '93000', '0.567', '2020-07-01', 'Active'),
('PRD-EM-049', 'Áo phông Henley nam - Be', 'CAT-ESS-M', '4 Mùa', 'Essentials', 'Cotton USA', 'Be', 'S-XXL', '284000', '80000', '86000', '3.026', '2021-06-01', 'Active'),
('PRD-EM-050', 'Áo phông Henley nam - Trắng', 'CAT-ESS-M', '4 Mùa', 'Essentials', 'Cotton USA', 'Trắng', 'S-XXL', '271000', '99000', '107000', '3.822', '2020-12-01', 'Active'),
('PRD-EM-051', 'Áo phông Henley nam - Navy', 'CAT-ESS-M', '4 Mùa', 'Essentials', 'Cotton USA', 'Navy', 'S-XXL', '294000', '90000', '97000', '1.346', '2022-09-01', 'Active'),
('PRD-EM-052', 'Áo phông Henley nam - Đen', 'CAT-ESS-M', '4 Mùa', 'Essentials', 'Cotton USA', 'Đen', 'S-XXL', '255000', '88000', '95000', '3.519', '2022-07-01', 'Active'),
('PRD-EM-053', 'Áo lót cotton nam - Be', 'CAT-ESS-M', '4 Mùa', 'Essentials', 'Cotton USA', 'Be', 'S-XXL', '110000', '42000', '45000', '1.208', '2023-08-01', 'Active'),
('PRD-EM-054', 'Áo lót cotton nam - Đen', 'CAT-ESS-M', '4 Mùa', 'Essentials', 'Cotton USA', 'Đen', 'S-XXL', '133000', '38000', '41000', '2.295', '2022-09-01', 'Active'),
('PRD-EM-055', 'Áo lót cotton nam - Trắng', 'CAT-ESS-M', '4 Mùa', 'Essentials', 'Cotton USA', 'Trắng', 'S-XXL', '132000', '39000', '42000', '0.630', '2021-03-01', 'Active'),
('PRD-EM-056', 'Áo lót cotton nam - Xám', 'CAT-ESS-M', '4 Mùa', 'Essentials', 'Cotton USA', 'Xám', 'S-XXL', '100000', '34000', '37000', '0.820', '2020-08-01', 'Active'),
('PRD-EM-057', 'Áo phông raglan nam - Navy', 'CAT-ESS-M', '4 Mùa', 'Essentials', 'Cotton blend', 'Navy', 'S-XXL', '244000', '75000', '81000', '3.708', '2020-07-01', 'Active'),
('PRD-EM-058', 'Áo phông raglan nam - Trắng', 'CAT-ESS-M', '4 Mùa', 'Essentials', 'Cotton blend', 'Trắng', 'S-XXL', '230000', '86000', '93000', '1.552', '2021-02-01', 'Active'),
('PRD-EM-059', 'Áo phông raglan nam - Xám', 'CAT-ESS-M', '4 Mùa', 'Essentials', 'Cotton blend', 'Xám', 'S-XXL', '242000', '86000', '93000', '5.000', '2023-10-01', 'Active'),
('PRD-EM-060', 'Áo phông raglan nam - Be', 'CAT-ESS-M', '4 Mùa', 'Essentials', 'Cotton blend', 'Be', 'S-XXL', '260000', '88000', '95000', '0.389', '2023-03-01', 'Active'),
('PRD-FW-008', 'Áo len cổ lọ nam - Đen', 'CAT-FW-M', 'Thu-Đông', 'Len truyền thống', 'Wool Merino', 'Đen', 'M-XXL', '700000', '246000', NULL, '0.700', '2021-08-01', 'Active'),
('PRD-FW-012', 'Áo khoác len nữ dáng dài - Đen', 'CAT-FW-F', 'Thu-Đông', 'Len truyền thống', 'Wool blend', 'Đen', 'S-XL', '1123000', '443000', NULL, '0.600', '2021-06-01', 'Active'),
('PRD-FW-013', 'Áo khoác len nữ dáng dài - Xám nhạt', 'CAT-FW-F', 'Thu-Đông', 'Len truyền thống', 'Wool blend', 'Xám nhạt', 'S-XL', '1498000', '447000', NULL, '0.600', '2022-08-01', 'Active'),
('PRD-FW-014', 'Áo khoác len nữ dáng dài - Be', 'CAT-FW-F', 'Thu-Đông', 'Len truyền thống', 'Wool blend', 'Be', 'S-XL', '1370000', '454000', NULL, '0.600', '2023-06-01', 'Active'),
('PRD-FW-022', 'Áo khoác phao trẻ em - Đỏ', 'CAT-KID', 'Thu-Đông', 'Kids', 'Polyester lót bông', 'Đỏ', '1-14Y', '400000', '169000', NULL, '0.500', '2023-03-01', 'Active'),
('PRD-FW-045', 'Áo sơ mi nữ công sở - Be', 'CAT-SMC-F', '4 Mùa', 'Smart Casual', 'Cotton poplin', 'Be', 'S-XL', '422000', '131000', '141000', '2.000', '2022-01-01', 'Active'),
('PRD-JF-001', 'Quần jeans nữ skinny - Navy', 'CAT-JKK-F', '4 Mùa', 'Jeans-Kaki', 'Denim stretch', 'Navy', '25-32', '457000', '138000', '149000', '1.503', '2023-03-01', 'Active'),
('PRD-JF-002', 'Quần jeans nữ skinny - Xám', 'CAT-JKK-F', '4 Mùa', 'Jeans-Kaki', 'Denim stretch', 'Xám', '25-32', '481000', '141000', '152000', '1.338', '2021-01-01', 'Active'),
('PRD-JF-003', 'Quần jeans nữ skinny - Be', 'CAT-JKK-F', '4 Mùa', 'Jeans-Kaki', 'Denim stretch', 'Be', '25-32', '443000', '147000', '159000', '0.877', '2023-12-01', 'Active'),
('PRD-JF-004', 'Quần jeans nữ skinny - Đen', 'CAT-JKK-F', '4 Mùa', 'Jeans-Kaki', 'Denim stretch', 'Đen', '25-32', '472000', '157000', '170000', '1.052', '2023-09-01', 'Active'),
('PRD-JF-005', 'Quần jeans nữ skinny - Trắng', 'CAT-JKK-F', '4 Mùa', 'Jeans-Kaki', 'Denim stretch', 'Trắng', '25-32', '437000', '166000', '179000', '0.901', '2022-11-01', 'Active');

INSERT INTO `products` (product_id, product_name, category_id, season, product_line, material, color, size_range, retail_price, cost_price, cost_price_new, popularity_weight, launch_date, status) VALUES
('PRD-JF-006', 'Quần jeans nữ straight - Xám', 'CAT-JKK-F', '4 Mùa', 'Jeans-Kaki', 'Denim cotton', 'Xám', '25-32', '435000', '133000', '144000', '2.245', '2022-12-01', 'Active'),
('PRD-JF-007', 'Quần jeans nữ straight - Navy', 'CAT-JKK-F', '4 Mùa', 'Jeans-Kaki', 'Denim cotton', 'Navy', '25-32', '400000', '150000', '162000', '0.714', '2022-05-01', 'Active'),
('PRD-JF-008', 'Quần jeans nữ straight - Đen', 'CAT-JKK-F', '4 Mùa', 'Jeans-Kaki', 'Denim cotton', 'Đen', '25-32', '391000', '149000', '161000', '1.675', '2022-12-01', 'Active'),
('PRD-JF-009', 'Quần jeans nữ straight - Be', 'CAT-JKK-F', '4 Mùa', 'Jeans-Kaki', 'Denim cotton', 'Be', '25-32', '387000', '157000', '170000', '2.099', '2021-04-01', 'Active'),
('PRD-JF-010', 'Quần jeans nữ straight - Trắng', 'CAT-JKK-F', '4 Mùa', 'Jeans-Kaki', 'Denim cotton', 'Trắng', '25-32', '462000', '134000', '145000', '1.108', '2020-10-01', 'Active'),
('PRD-JF-011', 'Quần kaki nữ - Be', 'CAT-JKK-F', '4 Mùa', 'Jeans-Kaki', 'Cotton twill', 'Be', '25-32', '393000', '110000', '119000', '0.692', '2020-11-01', 'Active'),
('PRD-JF-012', 'Quần kaki nữ - Trắng', 'CAT-JKK-F', '4 Mùa', 'Jeans-Kaki', 'Cotton twill', 'Trắng', '25-32', '406000', '108000', '117000', '2.346', '2023-11-01', 'Active'),
('PRD-JF-013', 'Quần kaki nữ - Đen', 'CAT-JKK-F', '4 Mùa', 'Jeans-Kaki', 'Cotton twill', 'Đen', '25-32', '423000', '138000', '149000', '0.967', '2022-06-01', 'Active'),
('PRD-JF-014', 'Quần kaki nữ - Xám', 'CAT-JKK-F', '4 Mùa', 'Jeans-Kaki', 'Cotton twill', 'Xám', '25-32', '358000', '110000', '119000', '2.530', '2021-09-01', 'Active'),
('PRD-JF-015', 'Quần kaki nữ - Navy', 'CAT-JKK-F', '4 Mùa', 'Jeans-Kaki', 'Cotton twill', 'Navy', '25-32', '403000', '137000', '148000', '0.545', '2020-07-01', 'Active'),
('PRD-JF-016', 'Quần short nữ - Navy', 'CAT-JKK-F', 'Xuân-Hè', 'Jeans-Kaki', 'Cotton twill', 'Navy', '25-32', '230000', '89000', '96000', '1.108', '2021-09-01', 'Active'),
('PRD-JF-017', 'Quần short nữ - Trắng', 'CAT-JKK-F', 'Xuân-Hè', 'Jeans-Kaki', 'Cotton twill', 'Trắng', '25-32', '262000', '80000', '86000', '0.574', '2023-11-01', 'Active'),
('PRD-JF-018', 'Quần short nữ - Xám', 'CAT-JKK-F', 'Xuân-Hè', 'Jeans-Kaki', 'Cotton twill', 'Xám', '25-32', '247000', '80000', '86000', '3.889', '2021-03-01', 'Active'),
('PRD-JF-019', 'Quần short nữ - Be', 'CAT-JKK-F', 'Xuân-Hè', 'Jeans-Kaki', 'Cotton twill', 'Be', '25-32', '272000', '91000', '98000', '0.820', '2022-02-01', 'Active'),
('PRD-JF-020', 'Quần short nữ - Đen', 'CAT-JKK-F', 'Xuân-Hè', 'Jeans-Kaki', 'Cotton twill', 'Đen', '25-32', '257000', '77000', '83000', '3.025', '2021-01-01', 'Active'),
('PRD-JF-021', 'Quần jogger nữ - Xám', 'CAT-JKK-F', '4 Mùa', 'Jeans-Kaki', 'Cotton french terry', 'Xám', 'S-XL', '365000', '101000', '109000', '1.823', '2020-11-01', 'Active'),
('PRD-JF-022', 'Quần jogger nữ - Navy', 'CAT-JKK-F', '4 Mùa', 'Jeans-Kaki', 'Cotton french terry', 'Navy', 'S-XL', '290000', '101000', '109000', '0.796', '2022-12-01', 'Active'),
('PRD-JF-023', 'Quần jogger nữ - Đen', 'CAT-JKK-F', '4 Mùa', 'Jeans-Kaki', 'Cotton french terry', 'Đen', 'S-XL', '290000', '119000', '129000', '0.528', '2021-03-01', 'Active'),
('PRD-JF-024', 'Quần jogger nữ - Trắng', 'CAT-JKK-F', '4 Mùa', 'Jeans-Kaki', 'Cotton french terry', 'Trắng', 'S-XL', '322000', '106000', '114000', '2.553', '2023-09-01', 'Active'),
('PRD-JF-025', 'Quần jogger nữ - Be', 'CAT-JKK-F', '4 Mùa', 'Jeans-Kaki', 'Cotton french terry', 'Be', 'S-XL', '351000', '117000', '126000', '2.674', '2020-09-01', 'Active'),
('PRD-JF-026', 'Chân váy jeans - Navy', 'CAT-JKK-F', '4 Mùa', 'Jeans-Kaki', 'Denim cotton', 'Navy', '25-32', '382000', '129000', '139000', '0.462', '2021-06-01', 'Active'),
('PRD-JF-027', 'Chân váy jeans - Xám', 'CAT-JKK-F', '4 Mùa', 'Jeans-Kaki', 'Denim cotton', 'Xám', '25-32', '384000', '113000', '122000', '2.149', '2023-02-01', 'Active'),
('PRD-JF-028', 'Chân váy jeans - Đen', 'CAT-JKK-F', '4 Mùa', 'Jeans-Kaki', 'Denim cotton', 'Đen', '25-32', '389000', '113000', '122000', '0.792', '2023-11-01', 'Active'),
('PRD-JF-029', 'Chân váy jeans - Be', 'CAT-JKK-F', '4 Mùa', 'Jeans-Kaki', 'Denim cotton', 'Be', '25-32', '380000', '123000', '133000', '0.506', '2021-10-01', 'Active'),
('PRD-JF-030', 'Chân váy jeans - Trắng', 'CAT-JKK-F', '4 Mùa', 'Jeans-Kaki', 'Denim cotton', 'Trắng', '25-32', '306000', '112000', '121000', '1.690', '2020-02-01', 'Active'),
('PRD-JF-031', 'Quần jeans nữ wide-leg - Navy', 'CAT-JKK-F', '4 Mùa', 'Jeans-Kaki', 'Denim cotton', 'Navy', '25-32', '506000', '167000', '180000', '0.339', '2023-07-01', 'Active'),
('PRD-JF-032', 'Quần jeans nữ wide-leg - Đen', 'CAT-JKK-F', '4 Mùa', 'Jeans-Kaki', 'Denim cotton', 'Đen', '25-32', '437000', '174000', '188000', '1.680', '2022-02-01', 'Active'),
('PRD-JF-033', 'Quần jeans nữ wide-leg - Trắng', 'CAT-JKK-F', '4 Mùa', 'Jeans-Kaki', 'Denim cotton', 'Trắng', '25-32', '447000', '159000', '172000', '1.136', '2021-01-01', 'Active'),
('PRD-JF-034', 'Quần jeans nữ wide-leg - Xám', 'CAT-JKK-F', '4 Mùa', 'Jeans-Kaki', 'Denim cotton', 'Xám', '25-32', '505000', '174000', '188000', '0.854', '2023-09-01', 'Active'),
('PRD-JF-035', 'Quần jeans nữ wide-leg - Be', 'CAT-JKK-F', '4 Mùa', 'Jeans-Kaki', 'Denim cotton', 'Be', '25-32', '467000', '148000', '160000', '0.946', '2021-12-01', 'Active'),
('PRD-JM-001', 'Quần jeans nam slim - Navy', 'CAT-JKK-M', '4 Mùa', 'Jeans-Kaki', 'Denim cotton', 'Navy', '29-36', '522000', '153000', '165000', '1.999', '2022-06-01', 'Active'),
('PRD-JM-002', 'Quần jeans nam slim - Be', 'CAT-JKK-M', '4 Mùa', 'Jeans-Kaki', 'Denim cotton', 'Be', '29-36', '459000', '161000', '174000', '0.642', '2023-03-01', 'Active'),
('PRD-JM-003', 'Quần jeans nam slim - Trắng', 'CAT-JKK-M', '4 Mùa', 'Jeans-Kaki', 'Denim cotton', 'Trắng', '29-36', '518000', '162000', '175000', '1.296', '2021-01-01', 'Active'),
('PRD-JM-004', 'Quần jeans nam slim - Xám', 'CAT-JKK-M', '4 Mùa', 'Jeans-Kaki', 'Denim cotton', 'Xám', '29-36', '463000', '171000', '185000', '0.771', '2020-10-01', 'Active'),
('PRD-JM-005', 'Quần jeans nam slim - Đen', 'CAT-JKK-M', '4 Mùa', 'Jeans-Kaki', 'Denim cotton', 'Đen', '29-36', '464000', '166000', '179000', '0.757', '2020-10-01', 'Active'),
('PRD-JM-006', 'Quần jeans nam regular - Trắng', 'CAT-JKK-M', '4 Mùa', 'Jeans-Kaki', 'Denim cotton', 'Trắng', '29-36', '424000', '139000', '150000', '1.759', '2023-09-01', 'Active'),
('PRD-JM-007', 'Quần jeans nam regular - Xám', 'CAT-JKK-M', '4 Mùa', 'Jeans-Kaki', 'Denim cotton', 'Xám', '29-36', '411000', '161000', '174000', '1.366', '2022-12-01', 'Active'),
('PRD-JM-008', 'Quần jeans nam regular - Be', 'CAT-JKK-M', '4 Mùa', 'Jeans-Kaki', 'Denim cotton', 'Be', '29-36', '491000', '151000', '163000', '0.566', '2023-02-01', 'Active'),
('PRD-JM-009', 'Quần jeans nam regular - Navy', 'CAT-JKK-M', '4 Mùa', 'Jeans-Kaki', 'Denim cotton', 'Navy', '29-36', '480000', '167000', '180000', '1.749', '2022-05-01', 'Active'),
('PRD-JM-010', 'Quần jeans nam regular - Đen', 'CAT-JKK-M', '4 Mùa', 'Jeans-Kaki', 'Denim cotton', 'Đen', '29-36', '484000', '158000', '171000', '2.050', '2020-04-01', 'Active'),
('PRD-JM-011', 'Quần kaki nam - Trắng', 'CAT-JKK-M', '4 Mùa', 'Jeans-Kaki', 'Cotton twill', 'Trắng', '29-36', '404000', '128000', '138000', '2.255', '2020-02-01', 'Active'),
('PRD-JM-012', 'Quần kaki nam - Be', 'CAT-JKK-M', '4 Mùa', 'Jeans-Kaki', 'Cotton twill', 'Be', '29-36', '380000', '150000', '162000', '1.740', '2023-10-01', 'Active'),
('PRD-JM-013', 'Quần kaki nam - Navy', 'CAT-JKK-M', '4 Mùa', 'Jeans-Kaki', 'Cotton twill', 'Navy', '29-36', '356000', '149000', '161000', '1.364', '2022-03-01', 'Active'),
('PRD-JM-014', 'Quần kaki nam - Đen', 'CAT-JKK-M', '4 Mùa', 'Jeans-Kaki', 'Cotton twill', 'Đen', '29-36', '437000', '142000', '153000', '1.228', '2021-07-01', 'Active'),
('PRD-JM-015', 'Quần kaki nam - Xám', 'CAT-JKK-M', '4 Mùa', 'Jeans-Kaki', 'Cotton twill', 'Xám', '29-36', '399000', '145000', '157000', '2.284', '2022-03-01', 'Active'),
('PRD-JM-016', 'Quần jogger nam - Trắng', 'CAT-JKK-M', '4 Mùa', 'Jeans-Kaki', 'Cotton french terry', 'Trắng', 'S-XXL', '394000', '116000', '125000', '0.755', '2021-11-01', 'Active'),
('PRD-JM-017', 'Quần jogger nam - Xám', 'CAT-JKK-M', '4 Mùa', 'Jeans-Kaki', 'Cotton french terry', 'Xám', 'S-XXL', '395000', '107000', '116000', '1.476', '2020-09-01', 'Active'),
('PRD-JM-018', 'Quần jogger nam - Navy', 'CAT-JKK-M', '4 Mùa', 'Jeans-Kaki', 'Cotton french terry', 'Navy', 'S-XXL', '363000', '118000', '127000', '1.124', '2022-10-01', 'Active'),
('PRD-JM-019', 'Quần jogger nam - Đen', 'CAT-JKK-M', '4 Mùa', 'Jeans-Kaki', 'Cotton french terry', 'Đen', 'S-XXL', '303000', '127000', '137000', '1.557', '2021-10-01', 'Active'),
('PRD-JM-020', 'Quần jogger nam - Be', 'CAT-JKK-M', '4 Mùa', 'Jeans-Kaki', 'Cotton french terry', 'Be', 'S-XXL', '341000', '120000', '130000', '0.994', '2022-11-01', 'Active'),
('PRD-JM-021', 'Quần short nam - Xám', 'CAT-JKK-M', 'Xuân-Hè', 'Jeans-Kaki', 'Cotton twill', 'Xám', '29-36', '285000', '101000', '109000', '0.495', '2023-04-01', 'Active'),
('PRD-JM-022', 'Quần short nam - Navy', 'CAT-JKK-M', 'Xuân-Hè', 'Jeans-Kaki', 'Cotton twill', 'Navy', '29-36', '276000', '86000', '93000', '1.892', '2022-07-01', 'Active'),
('PRD-JM-023', 'Quần short nam - Đen', 'CAT-JKK-M', 'Xuân-Hè', 'Jeans-Kaki', 'Cotton twill', 'Đen', '29-36', '259000', '92000', '99000', '1.115', '2023-02-01', 'Active'),
('PRD-JM-024', 'Quần short nam - Trắng', 'CAT-JKK-M', 'Xuân-Hè', 'Jeans-Kaki', 'Cotton twill', 'Trắng', '29-36', '270000', '89000', '96000', '0.506', '2023-10-01', 'Active'),
('PRD-JM-025', 'Quần short nam - Be', 'CAT-JKK-M', 'Xuân-Hè', 'Jeans-Kaki', 'Cotton twill', 'Be', '29-36', '282000', '109000', '118000', '0.642', '2023-08-01', 'Active'),
('PRD-JM-026', 'Quần tây nam - Xám', 'CAT-JKK-M', '4 Mùa', 'Jeans-Kaki', 'Polyester blend', 'Xám', '29-36', '475000', '183000', NULL, '0.589', '2020-05-01', 'Active'),
('PRD-JM-027', 'Quần tây nam - Navy', 'CAT-JKK-M', '4 Mùa', 'Jeans-Kaki', 'Polyester blend', 'Navy', '29-36', '473000', '179000', NULL, '1.419', '2020-02-01', 'Active'),
('PRD-JM-028', 'Quần tây nam - Đen', 'CAT-JKK-M', '4 Mùa', 'Jeans-Kaki', 'Polyester blend', 'Đen', '29-36', '464000', '179000', NULL, '3.180', '2022-01-01', 'Active'),
('PRD-JM-029', 'Quần tây nam - Be', 'CAT-JKK-M', '4 Mùa', 'Jeans-Kaki', 'Polyester blend', 'Be', '29-36', '459000', '161000', NULL, '0.440', '2020-07-01', 'Active'),
('PRD-JM-030', 'Quần tây nam - Trắng', 'CAT-JKK-M', '4 Mùa', 'Jeans-Kaki', 'Polyester blend', 'Trắng', '29-36', '475000', '172000', NULL, '1.279', '2020-07-01', 'Active'),
('PRD-JM-031', 'Quần jeans nam skinny - Xám', 'CAT-JKK-M', '4 Mùa', 'Jeans-Kaki', 'Denim stretch', 'Xám', '29-36', '499000', '177000', '191000', '1.000', '2021-12-01', 'Active'),
('PRD-JM-032', 'Quần jeans nam skinny - Be', 'CAT-JKK-M', '4 Mùa', 'Jeans-Kaki', 'Denim stretch', 'Be', '29-36', '512000', '176000', '190000', '0.877', '2021-06-01', 'Active'),
('PRD-JM-033', 'Quần jeans nam skinny - Navy', 'CAT-JKK-M', '4 Mùa', 'Jeans-Kaki', 'Denim stretch', 'Navy', '29-36', '572000', '170000', '184000', '0.715', '2022-10-01', 'Active'),
('PRD-JM-034', 'Quần jeans nam skinny - Trắng', 'CAT-JKK-M', '4 Mùa', 'Jeans-Kaki', 'Denim stretch', 'Trắng', '29-36', '513000', '189000', '204000', '1.143', '2022-08-01', 'Active'),
('PRD-JM-035', 'Quần jeans nam skinny - Đen', 'CAT-JKK-M', '4 Mùa', 'Jeans-Kaki', 'Denim stretch', 'Đen', '29-36', '561000', '172000', '186000', '1.640', '2020-10-01', 'Active'),
('PRD-KD-001', 'Áo phông trẻ em nam - Vàng', 'CAT-KID', '4 Mùa', 'Kids', 'Cotton USA', 'Vàng', '1-14Y', '171000', '47000', '51000', '0.520', '2022-07-01', 'Active'),
('PRD-KD-002', 'Áo phông trẻ em nam - Đỏ', 'CAT-KID', '4 Mùa', 'Kids', 'Cotton USA', 'Đỏ', '1-14Y', '155000', '53000', '57000', '0.389', '2023-09-01', 'Active'),
('PRD-KD-003', 'Áo phông trẻ em nam - Navy', 'CAT-KID', '4 Mùa', 'Kids', 'Cotton USA', 'Navy', '1-14Y', '166000', '46000', '50000', '0.793', '2021-02-01', 'Active'),
('PRD-KD-004', 'Áo phông trẻ em nam - Trắng', 'CAT-KID', '4 Mùa', 'Kids', 'Cotton USA', 'Trắng', '1-14Y', '130000', '55000', '59000', '1.857', '2020-10-01', 'Active'),
('PRD-KD-005', 'Áo phông trẻ em nam - Xanh dương', 'CAT-KID', '4 Mùa', 'Kids', 'Cotton USA', 'Xanh dương', '1-14Y', '158000', '57000', '62000', '0.359', '2021-02-01', 'Active'),
('PRD-KD-006', 'Áo phông trẻ em nam - Xanh lá', 'CAT-KID', '4 Mùa', 'Kids', 'Cotton USA', 'Xanh lá', '1-14Y', '174000', '55000', '59000', '0.810', '2023-01-01', 'Active'),
('PRD-KD-007', 'Áo phông trẻ em nữ - Vàng', 'CAT-KID', '4 Mùa', 'Kids', 'Cotton USA', 'Vàng', '1-14Y', '148000', '49000', '53000', '0.148', '2022-05-01', 'Active'),
('PRD-KD-008', 'Áo phông trẻ em nữ - Cam', 'CAT-KID', '4 Mùa', 'Kids', 'Cotton USA', 'Cam', '1-14Y', '151000', '44000', '48000', '1.430', '2022-08-01', 'Active'),
('PRD-KD-009', 'Áo phông trẻ em nữ - Xanh lá', 'CAT-KID', '4 Mùa', 'Kids', 'Cotton USA', 'Xanh lá', '1-14Y', '150000', '51000', '55000', '0.481', '2021-07-01', 'Active'),
('PRD-KD-010', 'Áo phông trẻ em nữ - Navy', 'CAT-KID', '4 Mùa', 'Kids', 'Cotton USA', 'Navy', '1-14Y', '139000', '56000', '60000', '1.088', '2020-07-01', 'Active'),
('PRD-KD-011', 'Áo phông trẻ em nữ - Đỏ', 'CAT-KID', '4 Mùa', 'Kids', 'Cotton USA', 'Đỏ', '1-14Y', '168000', '48000', '52000', '1.109', '2022-07-01', 'Active'),
('PRD-KD-012', 'Áo phông trẻ em nữ - Xanh dương', 'CAT-KID', '4 Mùa', 'Kids', 'Cotton USA', 'Xanh dương', '1-14Y', '143000', '42000', '45000', '1.128', '2022-01-01', 'Active'),
('PRD-KD-013', 'Áo polo trẻ em - Trắng', 'CAT-KID', '4 Mùa', 'Kids', 'Cotton Pique', 'Trắng', '1-14Y', '247000', '60000', '65000', '1.293', '2020-04-01', 'Active'),
('PRD-KD-014', 'Áo polo trẻ em - Cam', 'CAT-KID', '4 Mùa', 'Kids', 'Cotton Pique', 'Cam', '1-14Y', '219000', '82000', '89000', '0.126', '2021-03-01', 'Active'),
('PRD-KD-015', 'Áo polo trẻ em - Vàng', 'CAT-KID', '4 Mùa', 'Kids', 'Cotton Pique', 'Vàng', '1-14Y', '196000', '66000', '71000', '1.562', '2020-12-01', 'Active'),
('PRD-KD-016', 'Áo polo trẻ em - Đỏ', 'CAT-KID', '4 Mùa', 'Kids', 'Cotton Pique', 'Đỏ', '1-14Y', '228000', '81000', '87000', '1.191', '2021-08-01', 'Active'),
('PRD-KD-017', 'Áo polo trẻ em - Hồng', 'CAT-KID', '4 Mùa', 'Kids', 'Cotton Pique', 'Hồng', '1-14Y', '217000', '62000', '67000', '1.133', '2023-01-01', 'Active'),
('PRD-KD-018', 'Quần jeans trẻ em - Navy', 'CAT-KID', '4 Mùa', 'Kids', 'Denim stretch', 'Navy', '1-14Y', '271000', '97000', '105000', '1.843', '2020-03-01', 'Active'),
('PRD-KD-019', 'Quần jeans trẻ em - Cam', 'CAT-KID', '4 Mùa', 'Kids', 'Denim stretch', 'Cam', '1-14Y', '258000', '97000', '105000', '0.870', '2022-06-01', 'Active'),
('PRD-KD-020', 'Quần jeans trẻ em - Hồng', 'CAT-KID', '4 Mùa', 'Kids', 'Denim stretch', 'Hồng', '1-14Y', '213000', '71000', '77000', '1.558', '2021-07-01', 'Active'),
('PRD-KD-021', 'Quần jeans trẻ em - Trắng', 'CAT-KID', '4 Mùa', 'Kids', 'Denim stretch', 'Trắng', '1-14Y', '230000', '89000', '96000', '4.745', '2021-11-01', 'Active'),
('PRD-KD-022', 'Quần jeans trẻ em - Vàng', 'CAT-KID', '4 Mùa', 'Kids', 'Denim stretch', 'Vàng', '1-14Y', '256000', '98000', '106000', '4.366', '2023-01-01', 'Active'),
('PRD-KD-023', 'Quần kaki trẻ em - Cam', 'CAT-KID', '4 Mùa', 'Kids', 'Cotton twill', 'Cam', '1-14Y', '204000', '77000', '83000', '1.321', '2023-12-01', 'Active'),
('PRD-KD-024', 'Quần kaki trẻ em - Hồng', 'CAT-KID', '4 Mùa', 'Kids', 'Cotton twill', 'Hồng', '1-14Y', '208000', '62000', '67000', '0.418', '2022-09-01', 'Active'),
('PRD-KD-025', 'Quần kaki trẻ em - Đỏ', 'CAT-KID', '4 Mùa', 'Kids', 'Cotton twill', 'Đỏ', '1-14Y', '205000', '78000', '84000', '2.274', '2021-03-01', 'Active'),
('PRD-KD-026', 'Quần kaki trẻ em - Xanh dương', 'CAT-KID', '4 Mùa', 'Kids', 'Cotton twill', 'Xanh dương', '1-14Y', '211000', '77000', '83000', '0.726', '2022-03-01', 'Active'),
('PRD-KD-028', 'Áo khoác phao trẻ em - Hồng', 'CAT-KID', 'Thu-Đông', 'Kids', 'Polyester lót bông', 'Hồng', '1-14Y', '357000', '137000', NULL, '2.623', '2022-11-01', 'Active'),
('PRD-KD-029', 'Áo khoác phao trẻ em - Navy', 'CAT-KID', 'Thu-Đông', 'Kids', 'Polyester lót bông', 'Navy', '1-14Y', '391000', '132000', NULL, '0.283', '2023-03-01', 'Active'),
('PRD-KD-030', 'Áo khoác phao trẻ em - Xanh dương', 'CAT-KID', 'Thu-Đông', 'Kids', 'Polyester lót bông', 'Xanh dương', '1-14Y', '357000', '120000', NULL, '1.335', '2020-01-01', 'Active'),
('PRD-KD-031', 'Áo khoác phao trẻ em - Cam', 'CAT-KID', 'Thu-Đông', 'Kids', 'Polyester lót bông', 'Cam', '1-14Y', '380000', '152000', NULL, '2.969', '2020-05-01', 'Active'),
('PRD-KD-032', 'Áo len trẻ em - Đỏ', 'CAT-KID', 'Thu-Đông', 'Kids', 'Wool blend', 'Đỏ', '1-14Y', '345000', '104000', NULL, '0.778', '2021-08-01', 'Active'),
('PRD-KD-033', 'Áo len trẻ em - Xanh lá', 'CAT-KID', 'Thu-Đông', 'Kids', 'Wool blend', 'Xanh lá', '1-14Y', '256000', '107000', NULL, '0.175', '2020-03-01', 'Active'),
('PRD-KD-034', 'Áo len trẻ em - Trắng', 'CAT-KID', 'Thu-Đông', 'Kids', 'Wool blend', 'Trắng', '1-14Y', '362000', '118000', NULL, '0.469', '2023-10-01', 'Active'),
('PRD-KD-035', 'Áo len trẻ em - Vàng', 'CAT-KID', 'Thu-Đông', 'Kids', 'Wool blend', 'Vàng', '1-14Y', '283000', '88000', NULL, '0.753', '2023-10-01', 'Active'),
('PRD-KD-036', 'Áo len trẻ em - Xanh dương', 'CAT-KID', 'Thu-Đông', 'Kids', 'Wool blend', 'Xanh dương', '1-14Y', '381000', '109000', NULL, '1.677', '2021-02-01', 'Active');

INSERT INTO `products` (product_id, product_name, category_id, season, product_line, material, color, size_range, retail_price, cost_price, cost_price_new, popularity_weight, launch_date, status) VALUES
('PRD-KD-037', 'Áo hoodie trẻ em - Trắng', 'CAT-KID', 'Thu-Đông', 'Kids', 'Cotton fleece', 'Trắng', '1-14Y', '242000', '90000', '97000', '2.825', '2021-10-01', 'Active'),
('PRD-KD-038', 'Áo hoodie trẻ em - Hồng', 'CAT-KID', 'Thu-Đông', 'Kids', 'Cotton fleece', 'Hồng', '1-14Y', '255000', '107000', '116000', '0.800', '2022-05-01', 'Active'),
('PRD-KD-039', 'Áo hoodie trẻ em - Đỏ', 'CAT-KID', 'Thu-Đông', 'Kids', 'Cotton fleece', 'Đỏ', '1-14Y', '281000', '107000', '116000', '1.619', '2020-07-01', 'Active'),
('PRD-KD-040', 'Áo hoodie trẻ em - Navy', 'CAT-KID', 'Thu-Đông', 'Kids', 'Cotton fleece', 'Navy', '1-14Y', '244000', '95000', '103000', '4.791', '2022-07-01', 'Active'),
('PRD-KD-041', 'Áo hoodie trẻ em - Cam', 'CAT-KID', 'Thu-Đông', 'Kids', 'Cotton fleece', 'Cam', '1-14Y', '255000', '98000', '106000', '1.178', '2021-05-01', 'Active'),
('PRD-KD-042', 'Set đồ trẻ em nam - Đỏ', 'CAT-KID', '4 Mùa', 'Kids', 'Cotton blend', 'Đỏ', '1-14Y', '253000', '111000', '120000', '0.767', '2023-05-01', 'Active'),
('PRD-KD-043', 'Set đồ trẻ em nam - Hồng', 'CAT-KID', '4 Mùa', 'Kids', 'Cotton blend', 'Hồng', '1-14Y', '339000', '83000', '90000', '1.728', '2022-08-01', 'Active'),
('PRD-KD-044', 'Set đồ trẻ em nam - Cam', 'CAT-KID', '4 Mùa', 'Kids', 'Cotton blend', 'Cam', '1-14Y', '335000', '105000', '113000', '0.393', '2022-05-01', 'Active'),
('PRD-KD-045', 'Set đồ trẻ em nam - Navy', 'CAT-KID', '4 Mùa', 'Kids', 'Cotton blend', 'Navy', '1-14Y', '322000', '102000', '110000', '0.413', '2023-12-01', 'Active'),
('PRD-KD-046', 'Set đồ trẻ em nam - Xanh lá', 'CAT-KID', '4 Mùa', 'Kids', 'Cotton blend', 'Xanh lá', '1-14Y', '297000', '99000', '107000', '0.852', '2021-02-01', 'Active'),
('PRD-KD-047', 'Set đồ trẻ em nữ - Cam', 'CAT-KID', '4 Mùa', 'Kids', 'Cotton blend', 'Cam', '1-14Y', '327000', '99000', '107000', '1.105', '2021-01-01', 'Active'),
('PRD-KD-048', 'Set đồ trẻ em nữ - Navy', 'CAT-KID', '4 Mùa', 'Kids', 'Cotton blend', 'Navy', '1-14Y', '274000', '97000', '105000', '0.215', '2023-11-01', 'Active'),
('PRD-KD-049', 'Set đồ trẻ em nữ - Trắng', 'CAT-KID', '4 Mùa', 'Kids', 'Cotton blend', 'Trắng', '1-14Y', '341000', '104000', '112000', '0.545', '2023-03-01', 'Active'),
('PRD-KD-050', 'Set đồ trẻ em nữ - Xanh lá', 'CAT-KID', '4 Mùa', 'Kids', 'Cotton blend', 'Xanh lá', '1-14Y', '345000', '98000', '106000', '1.099', '2022-12-01', 'Active'),
('PRD-KD-051', 'Set đồ trẻ em nữ - Hồng', 'CAT-KID', '4 Mùa', 'Kids', 'Cotton blend', 'Hồng', '1-14Y', '332000', '85000', '92000', '0.644', '2021-11-01', 'Active'),
('PRD-KD-052', 'Quần short trẻ em - Xanh lá', 'CAT-KID', 'Xuân-Hè', 'Kids', 'Cotton twill', 'Xanh lá', '1-14Y', '165000', '62000', '67000', '0.965', '2021-10-01', 'Active'),
('PRD-KD-053', 'Quần short trẻ em - Vàng', 'CAT-KID', 'Xuân-Hè', 'Kids', 'Cotton twill', 'Vàng', '1-14Y', '185000', '47000', '51000', '5.000', '2022-07-01', 'Active'),
('PRD-KD-054', 'Quần short trẻ em - Navy', 'CAT-KID', 'Xuân-Hè', 'Kids', 'Cotton twill', 'Navy', '1-14Y', '192000', '62000', '67000', '0.939', '2022-11-01', 'Active'),
('PRD-KD-055', 'Quần short trẻ em - Trắng', 'CAT-KID', 'Xuân-Hè', 'Kids', 'Cotton twill', 'Trắng', '1-14Y', '165000', '56000', '60000', '1.108', '2022-09-01', 'Active'),
('PRD-KD-056', 'Váy trẻ em - Cam', 'CAT-KID', '4 Mùa', 'Kids', 'Cotton blend', 'Cam', '1-14Y', '185000', '92000', '99000', '3.384', '2022-11-01', 'Active'),
('PRD-KD-057', 'Váy trẻ em - Vàng', 'CAT-KID', '4 Mùa', 'Kids', 'Cotton blend', 'Vàng', '1-14Y', '250000', '88000', '95000', '0.753', '2021-01-01', 'Active'),
('PRD-KD-058', 'Váy trẻ em - Navy', 'CAT-KID', '4 Mùa', 'Kids', 'Cotton blend', 'Navy', '1-14Y', '260000', '85000', '92000', '1.425', '2021-12-01', 'Active'),
('PRD-KD-059', 'Váy trẻ em - Xanh dương', 'CAT-KID', '4 Mùa', 'Kids', 'Cotton blend', 'Xanh dương', '1-14Y', '182000', '75000', '81000', '0.647', '2021-06-01', 'Active'),
('PRD-KD-060', 'Váy trẻ em - Xanh lá', 'CAT-KID', '4 Mùa', 'Kids', 'Cotton blend', 'Xanh lá', '1-14Y', '252000', '66000', '71000', '1.213', '2022-09-01', 'Active'),
('PRD-KD-061', 'Áo phông Dry-Tech trẻ em - Cam', 'CAT-KID', '4 Mùa', 'Kids', 'Polyester Dry-Tech', 'Cam', '1-14Y', '163000', '51000', NULL, '0.547', '2021-11-01', 'Active'),
('PRD-KD-062', 'Áo phông Dry-Tech trẻ em - Đỏ', 'CAT-KID', '4 Mùa', 'Kids', 'Polyester Dry-Tech', 'Đỏ', '1-14Y', '221000', '66000', NULL, '0.651', '2022-07-01', 'Active'),
('PRD-KD-063', 'Áo phông Dry-Tech trẻ em - Hồng', 'CAT-KID', '4 Mùa', 'Kids', 'Polyester Dry-Tech', 'Hồng', '1-14Y', '212000', '57000', NULL, '0.665', '2020-08-01', 'Active'),
('PRD-KD-064', 'Áo phông Dry-Tech trẻ em - Trắng', 'CAT-KID', '4 Mùa', 'Kids', 'Polyester Dry-Tech', 'Trắng', '1-14Y', '153000', '65000', NULL, '1.289', '2023-04-01', 'Active'),
('PRD-KD-065', 'Quần jogger trẻ em - Hồng', 'CAT-KID', '4 Mùa', 'Kids', 'Cotton french terry', 'Hồng', '1-14Y', '216000', '68000', '73000', '1.689', '2021-06-01', 'Active'),
('PRD-KD-066', 'Quần jogger trẻ em - Đỏ', 'CAT-KID', '4 Mùa', 'Kids', 'Cotton french terry', 'Đỏ', '1-14Y', '208000', '72000', '78000', '2.460', '2022-12-01', 'Active'),
('PRD-KD-067', 'Quần jogger trẻ em - Navy', 'CAT-KID', '4 Mùa', 'Kids', 'Cotton french terry', 'Navy', '1-14Y', '192000', '60000', '65000', '0.788', '2023-05-01', 'Active'),
('PRD-KD-068', 'Quần jogger trẻ em - Xanh lá', 'CAT-KID', '4 Mùa', 'Kids', 'Cotton french terry', 'Xanh lá', '1-14Y', '194000', '77000', '83000', '1.115', '2020-03-01', 'Active'),
('PRD-KD-069', 'Áo khoác gió trẻ em - Đỏ', 'CAT-KID', '4 Mùa', 'Kids', 'Nylon', 'Đỏ', '1-14Y', '292000', '97000', NULL, '0.973', '2021-12-01', 'Active'),
('PRD-KD-070', 'Áo khoác gió trẻ em - Navy', 'CAT-KID', '4 Mùa', 'Kids', 'Nylon', 'Navy', '1-14Y', '286000', '83000', NULL, '0.278', '2021-01-01', 'Active'),
('PRD-MT-001', 'Áo phông Dry-Tech nam - Đen', 'CAT-ACT', '4 Mùa', 'Activewear', 'Polyester Dry-Tech', 'Đen', 'S-XXL', '284000', '92000', NULL, '4.500', '2021-02-01', 'Active'),
('PRD-SF-002', 'Áo sơ mi nữ công sở - Navy', 'CAT-SMC-F', '4 Mùa', 'Smart Casual', 'Cotton poplin', 'Navy', 'S-XL', '401000', '159000', '172000', '1.563', '2020-01-01', 'Active'),
('PRD-SF-003', 'Áo sơ mi nữ công sở - Nâu', 'CAT-SMC-F', '4 Mùa', 'Smart Casual', 'Cotton poplin', 'Nâu', 'S-XL', '429000', '137000', '148000', '0.386', '2021-09-01', 'Active'),
('PRD-SF-004', 'Áo sơ mi nữ công sở - Xám nhạt', 'CAT-SMC-F', '4 Mùa', 'Smart Casual', 'Cotton poplin', 'Xám nhạt', 'S-XL', '435000', '147000', '159000', '0.748', '2020-07-01', 'Active'),
('PRD-SF-005', 'Áo sơ mi nữ công sở - Đen', 'CAT-SMC-F', '4 Mùa', 'Smart Casual', 'Cotton poplin', 'Đen', 'S-XL', '381000', '157000', '170000', '2.787', '2023-12-01', 'Active'),
('PRD-SF-006', 'Áo sơ mi nữ công sở - Xám', 'CAT-SMC-F', '4 Mùa', 'Smart Casual', 'Cotton poplin', 'Xám', 'S-XL', '443000', '132000', '143000', '0.857', '2022-02-01', 'Active'),
('PRD-SF-007', 'Áo sơ mi nữ oversize - Navy', 'CAT-SMC-F', '4 Mùa', 'Smart Casual', 'Cotton blend', 'Navy', 'S-XL', '451000', '145000', '157000', '0.708', '2022-03-01', 'Active'),
('PRD-SF-008', 'Áo sơ mi nữ oversize - Đen', 'CAT-SMC-F', '4 Mùa', 'Smart Casual', 'Cotton blend', 'Đen', 'S-XL', '407000', '154000', '166000', '1.047', '2022-06-01', 'Active'),
('PRD-SF-009', 'Áo sơ mi nữ oversize - Be', 'CAT-SMC-F', '4 Mùa', 'Smart Casual', 'Cotton blend', 'Be', 'S-XL', '472000', '161000', '174000', '1.641', '2021-05-01', 'Active'),
('PRD-SF-010', 'Áo sơ mi nữ oversize - Trắng', 'CAT-SMC-F', '4 Mùa', 'Smart Casual', 'Cotton blend', 'Trắng', 'S-XL', '419000', '153000', '165000', '2.477', '2021-11-01', 'Active'),
('PRD-SF-011', 'Áo sơ mi nữ oversize - Xám', 'CAT-SMC-F', '4 Mùa', 'Smart Casual', 'Cotton blend', 'Xám', 'S-XL', '448000', '159000', '172000', '1.762', '2022-11-01', 'Active'),
('PRD-SF-012', 'Váy liền thân - Xám', 'CAT-SMC-F', 'Xuân-Hè', 'Smart Casual', 'Polyester chiffon', 'Xám', 'S-XL', '515000', '164000', NULL, '0.751', '2020-05-01', 'Active'),
('PRD-SF-013', 'Váy liền thân - Trắng', 'CAT-SMC-F', 'Xuân-Hè', 'Smart Casual', 'Polyester chiffon', 'Trắng', 'S-XL', '518000', '150000', NULL, '0.802', '2020-10-01', 'Active'),
('PRD-SF-014', 'Váy liền thân - Navy', 'CAT-SMC-F', 'Xuân-Hè', 'Smart Casual', 'Polyester chiffon', 'Navy', 'S-XL', '538000', '168000', NULL, '5.000', '2020-08-01', 'Active'),
('PRD-SF-015', 'Váy liền thân - Đen', 'CAT-SMC-F', 'Xuân-Hè', 'Smart Casual', 'Polyester chiffon', 'Đen', 'S-XL', '585000', '178000', NULL, '0.388', '2021-01-01', 'Active'),
('PRD-SF-016', 'Váy liền thân - Be', 'CAT-SMC-F', 'Xuân-Hè', 'Smart Casual', 'Polyester chiffon', 'Be', 'S-XL', '517000', '190000', NULL, '0.244', '2020-04-01', 'Active'),
('PRD-SF-017', 'Đầm suông nữ - Navy', 'CAT-SMC-F', '4 Mùa', 'Smart Casual', 'Cotton blend', 'Navy', 'S-XL', '555000', '181000', '195000', '0.847', '2020-11-01', 'Active'),
('PRD-SF-018', 'Đầm suông nữ - Be', 'CAT-SMC-F', '4 Mùa', 'Smart Casual', 'Cotton blend', 'Be', 'S-XL', '596000', '169000', '183000', '0.391', '2021-06-01', 'Active'),
('PRD-SF-019', 'Đầm suông nữ - Xám', 'CAT-SMC-F', '4 Mùa', 'Smart Casual', 'Cotton blend', 'Xám', 'S-XL', '511000', '201000', '217000', '2.066', '2023-03-01', 'Active'),
('PRD-SF-020', 'Đầm suông nữ - Đen', 'CAT-SMC-F', '4 Mùa', 'Smart Casual', 'Cotton blend', 'Đen', 'S-XL', '588000', '217000', '234000', '0.693', '2022-03-01', 'Active'),
('PRD-SF-021', 'Đầm suông nữ - Trắng', 'CAT-SMC-F', '4 Mùa', 'Smart Casual', 'Cotton blend', 'Trắng', 'S-XL', '600000', '211000', '228000', '2.488', '2020-11-01', 'Active'),
('PRD-SF-022', 'Áo khoác nhẹ nữ - Navy', 'CAT-SMC-F', '4 Mùa', 'Smart Casual', 'Polyester', 'Navy', 'S-XL', '545000', '213000', NULL, '0.444', '2021-04-01', 'Active'),
('PRD-SF-023', 'Áo khoác nhẹ nữ - Xám', 'CAT-SMC-F', '4 Mùa', 'Smart Casual', 'Polyester', 'Xám', 'S-XL', '649000', '173000', NULL, '0.314', '2020-11-01', 'Active'),
('PRD-SF-024', 'Áo khoác nhẹ nữ - Đen', 'CAT-SMC-F', '4 Mùa', 'Smart Casual', 'Polyester', 'Đen', 'S-XL', '550000', '203000', NULL, '0.491', '2021-03-01', 'Active'),
('PRD-SF-025', 'Áo khoác nhẹ nữ - Trắng', 'CAT-SMC-F', '4 Mùa', 'Smart Casual', 'Polyester', 'Trắng', 'S-XL', '624000', '204000', NULL, '1.560', '2023-01-01', 'Active'),
('PRD-SF-026', 'Áo blazer nữ - Navy', 'CAT-SMC-F', '4 Mùa', 'Smart Casual', 'Polyester blend', 'Navy', 'S-XL', '843000', '258000', NULL, '4.063', '2021-09-01', 'Active'),
('PRD-SF-027', 'Áo blazer nữ - Xám', 'CAT-SMC-F', '4 Mùa', 'Smart Casual', 'Polyester blend', 'Xám', 'S-XL', '697000', '283000', NULL, '0.319', '2023-08-01', 'Active'),
('PRD-SF-028', 'Áo blazer nữ - Be', 'CAT-SMC-F', '4 Mùa', 'Smart Casual', 'Polyester blend', 'Be', 'S-XL', '803000', '269000', NULL, '1.006', '2021-04-01', 'Active'),
('PRD-SF-029', 'Áo blazer nữ - Đen', 'CAT-SMC-F', '4 Mùa', 'Smart Casual', 'Polyester blend', 'Đen', 'S-XL', '809000', '225000', NULL, '0.433', '2022-09-01', 'Active'),
('PRD-SF-030', 'Chân váy chữ A - Đen', 'CAT-SMC-F', '4 Mùa', 'Smart Casual', 'Cotton blend', 'Đen', 'S-XL', '425000', '125000', '135000', '0.246', '2021-08-01', 'Active'),
('PRD-SF-031', 'Chân váy chữ A - Be', 'CAT-SMC-F', '4 Mùa', 'Smart Casual', 'Cotton blend', 'Be', 'S-XL', '437000', '148000', '160000', '0.844', '2022-04-01', 'Active'),
('PRD-SF-032', 'Chân váy chữ A - Trắng', 'CAT-SMC-F', '4 Mùa', 'Smart Casual', 'Cotton blend', 'Trắng', 'S-XL', '388000', '118000', '127000', '0.615', '2020-12-01', 'Active'),
('PRD-SF-033', 'Chân váy chữ A - Navy', 'CAT-SMC-F', '4 Mùa', 'Smart Casual', 'Cotton blend', 'Navy', 'S-XL', '414000', '143000', '154000', '0.543', '2023-12-01', 'Active'),
('PRD-SF-034', 'Áo kiểu nữ - Trắng', 'CAT-SMC-F', '4 Mùa', 'Smart Casual', 'Cotton voile', 'Trắng', 'S-XL', '331000', '115000', '124000', '1.254', '2022-04-01', 'Active'),
('PRD-SF-035', 'Áo kiểu nữ - Navy', 'CAT-SMC-F', '4 Mùa', 'Smart Casual', 'Cotton voile', 'Navy', 'S-XL', '359000', '110000', '119000', '0.627', '2023-02-01', 'Active'),
('PRD-SF-036', 'Áo kiểu nữ - Be', 'CAT-SMC-F', '4 Mùa', 'Smart Casual', 'Cotton voile', 'Be', 'S-XL', '340000', '139000', '150000', '1.125', '2021-12-01', 'Active'),
('PRD-SF-037', 'Áo kiểu nữ - Đen', 'CAT-SMC-F', '4 Mùa', 'Smart Casual', 'Cotton voile', 'Đen', 'S-XL', '343000', '123000', '133000', '1.199', '2023-03-01', 'Active'),
('PRD-SF-038', 'Áo kiểu nữ - Xám', 'CAT-SMC-F', '4 Mùa', 'Smart Casual', 'Cotton voile', 'Xám', 'S-XL', '395000', '111000', '120000', '1.066', '2020-07-01', 'Active'),
('PRD-SF-039', 'Áo sơ mi linen nữ - Navy', 'CAT-SMC-F', 'Xuân-Hè', 'Smart Casual', 'Linen', 'Navy', 'S-XL', '527000', '149000', NULL, '0.498', '2020-10-01', 'Active'),
('PRD-SF-040', 'Áo sơ mi linen nữ - Đen', 'CAT-SMC-F', 'Xuân-Hè', 'Smart Casual', 'Linen', 'Đen', 'S-XL', '503000', '152000', NULL, '0.300', '2021-11-01', 'Active'),
('PRD-SF-041', 'Áo sơ mi linen nữ - Xám', 'CAT-SMC-F', 'Xuân-Hè', 'Smart Casual', 'Linen', 'Xám', 'S-XL', '475000', '164000', NULL, '2.315', '2020-12-01', 'Active'),
('PRD-SF-042', 'Áo sơ mi linen nữ - Trắng', 'CAT-SMC-F', 'Xuân-Hè', 'Smart Casual', 'Linen', 'Trắng', 'S-XL', '507000', '156000', NULL, '0.772', '2021-01-01', 'Active'),
('PRD-SF-043', 'Quần culottes nữ - Xám', 'CAT-SMC-F', 'Xuân-Hè', 'Smart Casual', 'Cotton blend', 'Xám', 'S-XL', '389000', '144000', '156000', '0.967', '2021-05-01', 'Active'),
('PRD-SF-044', 'Quần culottes nữ - Be', 'CAT-SMC-F', 'Xuân-Hè', 'Smart Casual', 'Cotton blend', 'Be', 'S-XL', '385000', '142000', '153000', '1.930', '2020-06-01', 'Active'),
('PRD-SF-045', 'Quần culottes nữ - Navy', 'CAT-SMC-F', 'Xuân-Hè', 'Smart Casual', 'Cotton blend', 'Navy', 'S-XL', '393000', '129000', '139000', '0.190', '2022-03-01', 'Active'),
('PRD-SM-001', 'Áo sơ mi dài tay nam - Trắng', 'CAT-SMC-M', '4 Mùa', 'Smart Casual', 'Cotton poplin', 'Trắng', 'S-XXL', '404000', '162000', '175000', '0.672', '2021-04-01', 'Active'),
('PRD-SM-002', 'Áo sơ mi dài tay nam - Đỏ đô', 'CAT-SMC-M', '4 Mùa', 'Smart Casual', 'Cotton poplin', 'Đỏ đô', 'S-XXL', '452000', '153000', '165000', '1.527', '2020-10-01', 'Active'),
('PRD-SM-003', 'Áo sơ mi dài tay nam - Xám nhạt', 'CAT-SMC-M', '4 Mùa', 'Smart Casual', 'Cotton poplin', 'Xám nhạt', 'S-XXL', '486000', '155000', '167000', '0.451', '2022-08-01', 'Active'),
('PRD-SM-004', 'Áo sơ mi dài tay nam - Xanh rêu', 'CAT-SMC-M', '4 Mùa', 'Smart Casual', 'Cotton poplin', 'Xanh rêu', 'S-XXL', '425000', '130000', '140000', '1.288', '2023-06-01', 'Active'),
('PRD-SM-005', 'Áo sơ mi dài tay nam - Xám', 'CAT-SMC-M', '4 Mùa', 'Smart Casual', 'Cotton poplin', 'Xám', 'S-XXL', '498000', '142000', '153000', '0.928', '2023-08-01', 'Active'),
('PRD-SM-006', 'Áo sơ mi dài tay nam - Đen', 'CAT-SMC-M', '4 Mùa', 'Smart Casual', 'Cotton poplin', 'Đen', 'S-XXL', '410000', '145000', '157000', '0.786', '2022-01-01', 'Active'),
('PRD-SM-007', 'Áo sơ mi ngắn tay nam - Navy', 'CAT-SMC-M', 'Xuân-Hè', 'Smart Casual', 'Cotton poplin', 'Navy', 'S-XXL', '437000', '147000', '159000', '1.537', '2022-04-01', 'Active'),
('PRD-SM-008', 'Áo sơ mi ngắn tay nam - Xám', 'CAT-SMC-M', 'Xuân-Hè', 'Smart Casual', 'Cotton poplin', 'Xám', 'S-XXL', '424000', '139000', '150000', '2.149', '2021-11-01', 'Active'),
('PRD-SM-009', 'Áo sơ mi ngắn tay nam - Đen', 'CAT-SMC-M', 'Xuân-Hè', 'Smart Casual', 'Cotton poplin', 'Đen', 'S-XXL', '386000', '139000', '150000', '0.414', '2021-02-01', 'Active'),
('PRD-SM-010', 'Áo sơ mi ngắn tay nam - Be', 'CAT-SMC-M', 'Xuân-Hè', 'Smart Casual', 'Cotton poplin', 'Be', 'S-XXL', '443000', '130000', '140000', '0.881', '2022-09-01', 'Active'),
('PRD-SM-011', 'Áo sơ mi ngắn tay nam - Trắng', 'CAT-SMC-M', 'Xuân-Hè', 'Smart Casual', 'Cotton poplin', 'Trắng', 'S-XXL', '414000', '128000', '138000', '0.150', '2020-08-01', 'Active'),
('PRD-SM-012', 'Áo sơ mi kẻ sọc nam - Đen', 'CAT-SMC-M', '4 Mùa', 'Smart Casual', 'Cotton oxford', 'Đen', 'S-XXL', '438000', '156000', '168000', '0.724', '2022-11-01', 'Active'),
('PRD-SM-013', 'Áo sơ mi kẻ sọc nam - Trắng', 'CAT-SMC-M', '4 Mùa', 'Smart Casual', 'Cotton oxford', 'Trắng', 'S-XXL', '504000', '150000', '162000', '0.673', '2022-02-01', 'Active'),
('PRD-SM-014', 'Áo sơ mi kẻ sọc nam - Be', 'CAT-SMC-M', '4 Mùa', 'Smart Casual', 'Cotton oxford', 'Be', 'S-XXL', '496000', '159000', '172000', '0.589', '2020-11-01', 'Active'),
('PRD-SM-015', 'Áo sơ mi kẻ sọc nam - Navy', 'CAT-SMC-M', '4 Mùa', 'Smart Casual', 'Cotton oxford', 'Navy', 'S-XXL', '511000', '176000', '190000', '0.669', '2021-01-01', 'Active'),
('PRD-SM-016', 'Áo sơ mi kẻ sọc nam - Xám', 'CAT-SMC-M', '4 Mùa', 'Smart Casual', 'Cotton oxford', 'Xám', 'S-XXL', '524000', '152000', '164000', '0.990', '2021-07-01', 'Active'),
('PRD-SM-017', 'Áo sơ mi công sở nam - Navy', 'CAT-SMC-M', '4 Mùa', 'Smart Casual', 'Cotton blend', 'Navy', 'S-XXL', '538000', '171000', '185000', '2.837', '2022-01-01', 'Active'),
('PRD-SM-018', 'Áo sơ mi công sở nam - Xám', 'CAT-SMC-M', '4 Mùa', 'Smart Casual', 'Cotton blend', 'Xám', 'S-XXL', '518000', '154000', '166000', '0.917', '2022-02-01', 'Active'),
('PRD-SM-019', 'Áo sơ mi công sở nam - Be', 'CAT-SMC-M', '4 Mùa', 'Smart Casual', 'Cotton blend', 'Be', 'S-XXL', '547000', '160000', '173000', '3.889', '2020-07-01', 'Active'),
('PRD-SM-020', 'Áo sơ mi công sở nam - Trắng', 'CAT-SMC-M', '4 Mùa', 'Smart Casual', 'Cotton blend', 'Trắng', 'S-XXL', '477000', '184000', '199000', '0.537', '2020-01-01', 'Active'),
('PRD-SM-021', 'Áo sơ mi công sở nam - Đen', 'CAT-SMC-M', '4 Mùa', 'Smart Casual', 'Cotton blend', 'Đen', 'S-XXL', '528000', '155000', '167000', '0.356', '2020-09-01', 'Active');

INSERT INTO `products` (product_id, product_name, category_id, season, product_line, material, color, size_range, retail_price, cost_price, cost_price_new, popularity_weight, launch_date, status) VALUES
('PRD-SM-022', 'Áo khoác bomber nam - Trắng', 'CAT-SMC-M', '4 Mùa', 'Smart Casual', 'Polyester lót cotton', 'Trắng', 'M-XXL', '715000', '247000', NULL, '1.173', '2021-03-01', 'Active'),
('PRD-SM-023', 'Áo khoác bomber nam - Be', 'CAT-SMC-M', '4 Mùa', 'Smart Casual', 'Polyester lót cotton', 'Be', 'M-XXL', '680000', '248000', NULL, '0.502', '2021-10-01', 'Active'),
('PRD-SM-024', 'Áo khoác bomber nam - Đen', 'CAT-SMC-M', '4 Mùa', 'Smart Casual', 'Polyester lót cotton', 'Đen', 'M-XXL', '648000', '210000', NULL, '1.131', '2023-08-01', 'Active'),
('PRD-SM-025', 'Áo khoác bomber nam - Navy', 'CAT-SMC-M', '4 Mùa', 'Smart Casual', 'Polyester lót cotton', 'Navy', 'M-XXL', '716000', '231000', NULL, '0.388', '2020-12-01', 'Active'),
('PRD-SM-026', 'Áo khoác gió nam - Be', 'CAT-SMC-M', '4 Mùa', 'Smart Casual', 'Nylon chống nước', 'Be', 'M-XXL', '508000', '191000', NULL, '0.686', '2023-12-01', 'Active'),
('PRD-SM-027', 'Áo khoác gió nam - Xám', 'CAT-SMC-M', '4 Mùa', 'Smart Casual', 'Nylon chống nước', 'Xám', 'M-XXL', '635000', '169000', NULL, '0.277', '2020-03-01', 'Active'),
('PRD-SM-028', 'Áo khoác gió nam - Trắng', 'CAT-SMC-M', '4 Mùa', 'Smart Casual', 'Nylon chống nước', 'Trắng', 'M-XXL', '540000', '200000', NULL, '1.090', '2022-08-01', 'Active'),
('PRD-SM-029', 'Áo khoác gió nam - Đen', 'CAT-SMC-M', '4 Mùa', 'Smart Casual', 'Nylon chống nước', 'Đen', 'M-XXL', '575000', '189000', NULL, '1.488', '2021-07-01', 'Active'),
('PRD-SM-030', 'Áo blazer nam - Navy', 'CAT-SMC-M', '4 Mùa', 'Smart Casual', 'Polyester blend', 'Navy', 'M-XXL', '864000', '262000', NULL, '1.493', '2022-11-01', 'Active'),
('PRD-SM-031', 'Áo blazer nam - Trắng', 'CAT-SMC-M', '4 Mùa', 'Smart Casual', 'Polyester blend', 'Trắng', 'M-XXL', '750000', '306000', NULL, '1.532', '2020-02-01', 'Active'),
('PRD-SM-032', 'Áo blazer nam - Be', 'CAT-SMC-M', '4 Mùa', 'Smart Casual', 'Polyester blend', 'Be', 'M-XXL', '718000', '238000', NULL, '4.588', '2020-10-01', 'Active'),
('PRD-SM-033', 'Áo blazer nam - Xám', 'CAT-SMC-M', '4 Mùa', 'Smart Casual', 'Polyester blend', 'Xám', 'M-XXL', '890000', '275000', NULL, '1.414', '2023-12-01', 'Active'),
('PRD-SM-034', 'Áo vest nam - Đen', 'CAT-SMC-M', '4 Mùa', 'Smart Casual', 'Polyester blend', 'Đen', 'M-XXL', '661000', '207000', NULL, '1.011', '2023-04-01', 'Active'),
('PRD-SM-035', 'Áo vest nam - Xám', 'CAT-SMC-M', '4 Mùa', 'Smart Casual', 'Polyester blend', 'Xám', 'M-XXL', '768000', '225000', NULL, '1.079', '2022-10-01', 'Active'),
('PRD-SM-036', 'Áo vest nam - Navy', 'CAT-SMC-M', '4 Mùa', 'Smart Casual', 'Polyester blend', 'Navy', 'M-XXL', '644000', '230000', NULL, '1.370', '2020-10-01', 'Active'),
('PRD-SM-037', 'Áo sơ mi linen nam - Xám', 'CAT-SMC-M', 'Xuân-Hè', 'Smart Casual', 'Linen', 'Xám', 'S-XXL', '519000', '159000', NULL, '2.785', '2023-02-01', 'Active'),
('PRD-SM-038', 'Áo sơ mi linen nam - Đen', 'CAT-SMC-M', 'Xuân-Hè', 'Smart Casual', 'Linen', 'Đen', 'S-XXL', '463000', '171000', NULL, '0.555', '2022-03-01', 'Active'),
('PRD-SM-039', 'Áo sơ mi linen nam - Navy', 'CAT-SMC-M', 'Xuân-Hè', 'Smart Casual', 'Linen', 'Navy', 'S-XXL', '486000', '175000', NULL, '2.157', '2020-01-01', 'Active'),
('PRD-SM-040', 'Áo sơ mi linen nam - Trắng', 'CAT-SMC-M', 'Xuân-Hè', 'Smart Casual', 'Linen', 'Trắng', 'S-XXL', '465000', '176000', NULL, '0.888', '2023-07-01', 'Active'),
('PRD-WF-001', 'Áo len cổ tròn nữ - Navy', 'CAT-FW-F', 'Thu-Đông', 'Len truyền thống', 'Wool blend', 'Navy', 'S-XL', '568000', '181000', NULL, '0.507', '2023-06-01', 'Active'),
('PRD-WF-002', 'Áo len cổ tròn nữ - Đen', 'CAT-FW-F', 'Thu-Đông', 'Len truyền thống', 'Wool blend', 'Đen', 'S-XL', '605000', '191000', NULL, '2.175', '2023-11-01', 'Active'),
('PRD-WF-003', 'Áo len cổ tròn nữ - Be', 'CAT-FW-F', 'Thu-Đông', 'Len truyền thống', 'Wool blend', 'Be', 'S-XL', '625000', '177000', NULL, '0.592', '2023-06-01', 'Active'),
('PRD-WF-004', 'Áo len cổ tròn nữ - Nâu', 'CAT-FW-F', 'Thu-Đông', 'Len truyền thống', 'Wool blend', 'Nâu', 'S-XL', '523000', '208000', NULL, '0.975', '2021-06-01', 'Active'),
('PRD-WF-005', 'Áo len cổ tròn nữ - Đỏ đô', 'CAT-FW-F', 'Thu-Đông', 'Len truyền thống', 'Wool blend', 'Đỏ đô', 'S-XL', '535000', '215000', NULL, '0.865', '2021-10-01', 'Active'),
('PRD-WF-006', 'Áo len cổ tròn nữ - Xám', 'CAT-FW-F', 'Thu-Đông', 'Len truyền thống', 'Wool blend', 'Xám', 'S-XL', '629000', '180000', NULL, '0.178', '2020-07-01', 'Active'),
('PRD-WF-007', 'Áo len cổ lọ nữ - Đỏ đô', 'CAT-FW-F', 'Thu-Đông', 'Len truyền thống', 'Wool Merino', 'Đỏ đô', 'S-XL', '617000', '209000', NULL, '0.862', '2023-10-01', 'Active'),
('PRD-WF-008', 'Áo len cổ lọ nữ - Navy', 'CAT-FW-F', 'Thu-Đông', 'Len truyền thống', 'Wool Merino', 'Navy', 'S-XL', '651000', '224000', NULL, '1.105', '2023-09-01', 'Active'),
('PRD-WF-009', 'Áo len cổ lọ nữ - Xám', 'CAT-FW-F', 'Thu-Đông', 'Len truyền thống', 'Wool Merino', 'Xám', 'S-XL', '585000', '258000', NULL, '3.633', '2020-02-01', 'Active'),
('PRD-WF-010', 'Áo len cổ lọ nữ - Be', 'CAT-FW-F', 'Thu-Đông', 'Len truyền thống', 'Wool Merino', 'Be', 'S-XL', '694000', '239000', NULL, '0.611', '2020-10-01', 'Active'),
('PRD-WF-011', 'Áo len cổ lọ nữ - Đen', 'CAT-FW-F', 'Thu-Đông', 'Len truyền thống', 'Wool Merino', 'Đen', 'S-XL', '727000', '241000', NULL, '0.614', '2023-02-01', 'Active'),
('PRD-WF-015', 'Áo khoác len nữ dáng dài - Xám', 'CAT-FW-F', 'Thu-Đông', 'Len truyền thống', 'Wool blend', 'Xám', 'S-XL', '939000', '359000', NULL, '0.809', '2021-12-01', 'Active'),
('PRD-WF-016', 'Áo khoác len nữ dáng dài - Nâu', 'CAT-FW-F', 'Thu-Đông', 'Len truyền thống', 'Wool blend', 'Nâu', 'S-XL', '1045000', '385000', NULL, '0.396', '2023-04-01', 'Active'),
('PRD-WF-017', 'Áo khoác len nữ dáng dài - Đỏ đô', 'CAT-FW-F', 'Thu-Đông', 'Len truyền thống', 'Wool blend', 'Đỏ đô', 'S-XL', '1378000', '476000', NULL, '0.333', '2023-01-01', 'Active'),
('PRD-WF-018', 'Áo khoác len nữ dáng dài - Navy', 'CAT-FW-F', 'Thu-Đông', 'Len truyền thống', 'Wool blend', 'Navy', 'S-XL', '1341000', '527000', NULL, '0.899', '2020-12-01', 'Active'),
('PRD-WF-019', 'Áo khoác phao nữ - Xám', 'CAT-FW-F', 'Thu-Đông', 'Thu-Đông', 'Polyester lót bông', 'Xám', 'S-XL', '680000', '347000', NULL, '0.573', '2023-02-01', 'Active'),
('PRD-WF-020', 'Áo khoác phao nữ - Xám nhạt', 'CAT-FW-F', 'Thu-Đông', 'Thu-Đông', 'Polyester lót bông', 'Xám nhạt', 'S-XL', '728000', '346000', NULL, '1.097', '2023-10-01', 'Active'),
('PRD-WF-021', 'Áo khoác phao nữ - Be', 'CAT-FW-F', 'Thu-Đông', 'Thu-Đông', 'Polyester lót bông', 'Be', 'S-XL', '767000', '271000', NULL, '0.720', '2021-11-01', 'Active'),
('PRD-WF-022', 'Áo khoác phao nữ - Đen', 'CAT-FW-F', 'Thu-Đông', 'Thu-Đông', 'Polyester lót bông', 'Đen', 'S-XL', '861000', '290000', NULL, '1.162', '2021-06-01', 'Active'),
('PRD-WF-023', 'Áo khoác phao nữ - Nâu', 'CAT-FW-F', 'Thu-Đông', 'Thu-Đông', 'Polyester lót bông', 'Nâu', 'S-XL', '684000', '291000', NULL, '0.289', '2023-07-01', 'Active'),
('PRD-WF-024', 'Áo cardigan dài nữ - Nâu', 'CAT-FW-F', 'Thu-Đông', 'Len truyền thống', 'Wool blend', 'Nâu', 'S-XL', '634000', '232000', NULL, '1.742', '2021-09-01', 'Active'),
('PRD-WF-025', 'Áo cardigan dài nữ - Xám', 'CAT-FW-F', 'Thu-Đông', 'Len truyền thống', 'Wool blend', 'Xám', 'S-XL', '582000', '217000', NULL, '2.905', '2020-08-01', 'Active'),
('PRD-WF-026', 'Áo cardigan dài nữ - Xám nhạt', 'CAT-FW-F', 'Thu-Đông', 'Len truyền thống', 'Wool blend', 'Xám nhạt', 'S-XL', '576000', '256000', NULL, '3.084', '2023-07-01', 'Active'),
('PRD-WF-027', 'Áo cardigan dài nữ - Navy', 'CAT-FW-F', 'Thu-Đông', 'Len truyền thống', 'Wool blend', 'Navy', 'S-XL', '686000', '226000', NULL, '2.222', '2020-10-01', 'Active'),
('PRD-WF-028', 'Áo hoodie nữ - Đen', 'CAT-FW-F', 'Thu-Đông', 'Thu-Đông', 'Cotton fleece', 'Đen', 'S-XL', '401000', '138000', '149000', '2.173', '2023-09-01', 'Active'),
('PRD-WF-029', 'Áo hoodie nữ - Xám', 'CAT-FW-F', 'Thu-Đông', 'Thu-Đông', 'Cotton fleece', 'Xám', 'S-XL', '430000', '147000', '159000', '0.543', '2022-09-01', 'Active'),
('PRD-WF-030', 'Áo hoodie nữ - Be', 'CAT-FW-F', 'Thu-Đông', 'Thu-Đông', 'Cotton fleece', 'Be', 'S-XL', '461000', '129000', '139000', '1.785', '2023-02-01', 'Active'),
('PRD-WF-031', 'Áo hoodie nữ - Xám nhạt', 'CAT-FW-F', 'Thu-Đông', 'Thu-Đông', 'Cotton fleece', 'Xám nhạt', 'S-XL', '453000', '150000', '162000', '0.467', '2020-08-01', 'Active'),
('PRD-WF-032', 'Áo hoodie nữ - Đỏ đô', 'CAT-FW-F', 'Thu-Đông', 'Thu-Đông', 'Cotton fleece', 'Đỏ đô', 'S-XL', '466000', '132000', '143000', '1.606', '2022-12-01', 'Active'),
('PRD-WF-033', 'Áo nỉ nữ - Nâu', 'CAT-FW-F', 'Thu-Đông', 'Thu-Đông', 'Cotton fleece', 'Nâu', 'S-XL', '343000', '117000', '126000', '0.779', '2021-06-01', 'Active'),
('PRD-WF-034', 'Áo nỉ nữ - Đỏ đô', 'CAT-FW-F', 'Thu-Đông', 'Thu-Đông', 'Cotton fleece', 'Đỏ đô', 'S-XL', '427000', '120000', '130000', '5.000', '2020-03-01', 'Active'),
('PRD-WF-035', 'Áo nỉ nữ - Navy', 'CAT-FW-F', 'Thu-Đông', 'Thu-Đông', 'Cotton fleece', 'Navy', 'S-XL', '425000', '137000', '148000', '1.657', '2021-04-01', 'Active'),
('PRD-WF-036', 'Áo nỉ nữ - Xám', 'CAT-FW-F', 'Thu-Đông', 'Thu-Đông', 'Cotton fleece', 'Xám', 'S-XL', '344000', '121000', '131000', '0.861', '2022-11-01', 'Active'),
('PRD-WF-037', 'Áo nỉ nữ - Be', 'CAT-FW-F', 'Thu-Đông', 'Thu-Đông', 'Cotton fleece', 'Be', 'S-XL', '370000', '126000', '136000', '3.814', '2020-07-01', 'Active'),
('PRD-WF-038', 'Áo khoác dạ nữ - Nâu', 'CAT-FW-F', 'Thu-Đông', 'Thu-Đông', 'Wool blend', 'Nâu', 'S-XL', '1081000', '403000', NULL, '2.119', '2020-12-01', 'Active'),
('PRD-WF-039', 'Áo khoác dạ nữ - Đỏ đô', 'CAT-FW-F', 'Thu-Đông', 'Thu-Đông', 'Wool blend', 'Đỏ đô', 'S-XL', '1288000', '423000', NULL, '4.858', '2023-04-01', 'Active'),
('PRD-WF-040', 'Áo khoác dạ nữ - Be', 'CAT-FW-F', 'Thu-Đông', 'Thu-Đông', 'Wool blend', 'Be', 'S-XL', '1286000', '447000', NULL, '0.991', '2022-06-01', 'Active'),
('PRD-WF-041', 'Áo khoác dạ nữ - Xám nhạt', 'CAT-FW-F', 'Thu-Đông', 'Thu-Đông', 'Wool blend', 'Xám nhạt', 'S-XL', '1118000', '357000', NULL, '0.150', '2022-02-01', 'Active'),
('PRD-WF-042', 'Quần nỉ nữ - Đỏ đô', 'CAT-FW-F', 'Thu-Đông', 'Thu-Đông', 'Cotton fleece', 'Đỏ đô', 'S-XL', '304000', '105000', '113000', '1.788', '2023-11-01', 'Active'),
('PRD-WF-043', 'Quần nỉ nữ - Be', 'CAT-FW-F', 'Thu-Đông', 'Thu-Đông', 'Cotton fleece', 'Be', 'S-XL', '310000', '117000', '126000', '0.396', '2020-01-01', 'Active'),
('PRD-WF-044', 'Váy len nữ - Xám', 'CAT-FW-F', 'Thu-Đông', 'Len truyền thống', 'Wool blend', 'Xám', 'S-XL', '511000', '208000', NULL, '1.043', '2020-12-01', 'Active'),
('PRD-WF-045', 'Váy len nữ - Navy', 'CAT-FW-F', 'Thu-Đông', 'Len truyền thống', 'Wool blend', 'Navy', 'S-XL', '551000', '182000', NULL, '4.113', '2023-02-01', 'Active'),
('PRD-WM-001', 'Áo len cổ tròn nam - Xám nhạt', 'CAT-FW-M', 'Thu-Đông', 'Len truyền thống', 'Wool blend', 'Xám nhạt', 'M-XXL', '535000', '183000', NULL, '1.226', '2020-04-01', 'Active'),
('PRD-WM-002', 'Áo len cổ tròn nam - Đen', 'CAT-FW-M', 'Thu-Đông', 'Len truyền thống', 'Wool blend', 'Đen', 'M-XXL', '610000', '200000', NULL, '0.665', '2020-03-01', 'Active'),
('PRD-WM-003', 'Áo len cổ tròn nam - Đỏ đô', 'CAT-FW-M', 'Thu-Đông', 'Len truyền thống', 'Wool blend', 'Đỏ đô', 'M-XXL', '575000', '194000', NULL, '4.106', '2022-10-01', 'Active'),
('PRD-WM-004', 'Áo len cổ tròn nam - Navy', 'CAT-FW-M', 'Thu-Đông', 'Len truyền thống', 'Wool blend', 'Navy', 'M-XXL', '589000', '214000', NULL, '0.735', '2021-11-01', 'Active'),
('PRD-WM-005', 'Áo len cổ tròn nam - Be', 'CAT-FW-M', 'Thu-Đông', 'Len truyền thống', 'Wool blend', 'Be', 'M-XXL', '577000', '201000', NULL, '0.544', '2021-11-01', 'Active'),
('PRD-WM-006', 'Áo len cổ tròn nam - Nâu', 'CAT-FW-M', 'Thu-Đông', 'Len truyền thống', 'Wool blend', 'Nâu', 'M-XXL', '601000', '208000', NULL, '0.436', '2023-09-01', 'Active'),
('PRD-WM-007', 'Áo len cổ lọ nam - Be', 'CAT-FW-M', 'Thu-Đông', 'Len truyền thống', 'Wool Merino', 'Be', 'M-XXL', '644000', '221000', NULL, '1.062', '2021-05-01', 'Active'),
('PRD-WM-008', 'Áo len cổ lọ nam - Đỏ đô', 'CAT-FW-M', 'Thu-Đông', 'Len truyền thống', 'Wool Merino', 'Đỏ đô', 'M-XXL', '728000', '219000', NULL, '0.954', '2023-07-01', 'Active'),
('PRD-WM-009', 'Áo len cổ lọ nam - Navy', 'CAT-FW-M', 'Thu-Đông', 'Len truyền thống', 'Wool Merino', 'Navy', 'M-XXL', '683000', '218000', NULL, '0.679', '2020-08-01', 'Active'),
('PRD-WM-010', 'Áo len cổ lọ nam - Nâu', 'CAT-FW-M', 'Thu-Đông', 'Len truyền thống', 'Wool Merino', 'Nâu', 'M-XXL', '726000', '216000', NULL, '1.395', '2022-07-01', 'Active'),
('PRD-WM-012', 'Áo khoác phao nam - Xám', 'CAT-FW-M', 'Thu-Đông', 'Thu-Đông', 'Polyester lót bông', 'Xám', 'M-XXL', '980000', '376000', NULL, '0.967', '2021-07-01', 'Active'),
('PRD-WM-013', 'Áo khoác phao nam - Be', 'CAT-FW-M', 'Thu-Đông', 'Thu-Đông', 'Polyester lót bông', 'Be', 'M-XXL', '974000', '335000', NULL, '1.706', '2022-05-01', 'Active'),
('PRD-WM-014', 'Áo khoác phao nam - Đỏ đô', 'CAT-FW-M', 'Thu-Đông', 'Thu-Đông', 'Polyester lót bông', 'Đỏ đô', 'M-XXL', '777000', '331000', NULL, '0.996', '2023-06-01', 'Active'),
('PRD-WM-015', 'Áo khoác phao nam - Đen', 'CAT-FW-M', 'Thu-Đông', 'Thu-Đông', 'Polyester lót bông', 'Đen', 'M-XXL', '973000', '317000', NULL, '0.790', '2021-12-01', 'Active'),
('PRD-WM-016', 'Áo khoác phao nam - Navy', 'CAT-FW-M', 'Thu-Đông', 'Thu-Đông', 'Polyester lót bông', 'Navy', 'M-XXL', '743000', '306000', NULL, '3.457', '2023-05-01', 'Active'),
('PRD-WM-017', 'Áo khoác dạ nam - Xám', 'CAT-FW-M', 'Thu-Đông', 'Thu-Đông', 'Wool blend', 'Xám', 'M-XXL', '1051000', '458000', NULL, '0.998', '2022-05-01', 'Active'),
('PRD-WM-018', 'Áo khoác dạ nam - Xám nhạt', 'CAT-FW-M', 'Thu-Đông', 'Thu-Đông', 'Wool blend', 'Xám nhạt', 'M-XXL', '1204000', '414000', NULL, '2.804', '2023-03-01', 'Active'),
('PRD-WM-019', 'Áo khoác dạ nam - Be', 'CAT-FW-M', 'Thu-Đông', 'Thu-Đông', 'Wool blend', 'Be', 'M-XXL', '1192000', '396000', NULL, '0.385', '2021-09-01', 'Active'),
('PRD-WM-020', 'Áo khoác dạ nam - Đỏ đô', 'CAT-FW-M', 'Thu-Đông', 'Thu-Đông', 'Wool blend', 'Đỏ đô', 'M-XXL', '1295000', '474000', NULL, '1.196', '2020-11-01', 'Active'),
('PRD-WM-021', 'Áo len cardigan nam - Đen', 'CAT-FW-M', 'Thu-Đông', 'Len truyền thống', 'Wool blend', 'Đen', 'M-XXL', '675000', '208000', NULL, '1.011', '2023-11-01', 'Active'),
('PRD-WM-022', 'Áo len cardigan nam - Xám nhạt', 'CAT-FW-M', 'Thu-Đông', 'Len truyền thống', 'Wool blend', 'Xám nhạt', 'M-XXL', '622000', '195000', NULL, '1.065', '2022-09-01', 'Active'),
('PRD-WM-023', 'Áo len cardigan nam - Navy', 'CAT-FW-M', 'Thu-Đông', 'Len truyền thống', 'Wool blend', 'Navy', 'M-XXL', '696000', '196000', NULL, '3.170', '2021-02-01', 'Active'),
('PRD-WM-024', 'Áo len cardigan nam - Xám', 'CAT-FW-M', 'Thu-Đông', 'Len truyền thống', 'Wool blend', 'Xám', 'M-XXL', '687000', '224000', NULL, '0.441', '2022-06-01', 'Active'),
('PRD-WM-025', 'Áo hoodie nam - Be', 'CAT-FW-M', 'Thu-Đông', 'Thu-Đông', 'Cotton fleece', 'Be', 'M-XXL', '445000', '144000', '156000', '1.403', '2020-11-01', 'Active'),
('PRD-WM-026', 'Áo hoodie nam - Navy', 'CAT-FW-M', 'Thu-Đông', 'Thu-Đông', 'Cotton fleece', 'Navy', 'M-XXL', '498000', '158000', '171000', '0.388', '2023-09-01', 'Active'),
('PRD-WM-027', 'Áo hoodie nam - Đen', 'CAT-FW-M', 'Thu-Đông', 'Thu-Đông', 'Cotton fleece', 'Đen', 'M-XXL', '447000', '157000', '170000', '1.304', '2023-11-01', 'Active'),
('PRD-WM-028', 'Áo hoodie nam - Xám nhạt', 'CAT-FW-M', 'Thu-Đông', 'Thu-Đông', 'Cotton fleece', 'Xám nhạt', 'M-XXL', '477000', '155000', '167000', '1.036', '2021-12-01', 'Active'),
('PRD-WM-029', 'Áo hoodie nam - Xám', 'CAT-FW-M', 'Thu-Đông', 'Thu-Đông', 'Cotton fleece', 'Xám', 'M-XXL', '488000', '152000', '164000', '1.082', '2022-01-01', 'Active'),
('PRD-WM-030', 'Áo gilet phao nam - Xám', 'CAT-FW-M', 'Thu-Đông', 'Thu-Đông', 'Polyester lót bông', 'Xám', 'M-XXL', '685000', '197000', NULL, '1.194', '2023-11-01', 'Active'),
('PRD-WM-031', 'Áo gilet phao nam - Nâu', 'CAT-FW-M', 'Thu-Đông', 'Thu-Đông', 'Polyester lót bông', 'Nâu', 'M-XXL', '678000', '200000', NULL, '1.429', '2020-09-01', 'Active'),
('PRD-WM-032', 'Áo gilet phao nam - Xám nhạt', 'CAT-FW-M', 'Thu-Đông', 'Thu-Đông', 'Polyester lót bông', 'Xám nhạt', 'M-XXL', '648000', '201000', NULL, '0.533', '2020-06-01', 'Active'),
('PRD-WM-033', 'Áo gilet phao nam - Navy', 'CAT-FW-M', 'Thu-Đông', 'Thu-Đông', 'Polyester lót bông', 'Navy', 'M-XXL', '620000', '221000', NULL, '0.566', '2023-08-01', 'Active'),
('PRD-WM-034', 'Áo nỉ cổ tròn nam - Xám', 'CAT-FW-M', 'Thu-Đông', 'Thu-Đông', 'Cotton fleece', 'Xám', 'M-XXL', '368000', '138000', '149000', '0.531', '2022-04-01', 'Active'),
('PRD-WM-035', 'Áo nỉ cổ tròn nam - Be', 'CAT-FW-M', 'Thu-Đông', 'Thu-Đông', 'Cotton fleece', 'Be', 'M-XXL', '420000', '121000', '131000', '0.237', '2021-12-01', 'Active'),
('PRD-WM-036', 'Áo nỉ cổ tròn nam - Nâu', 'CAT-FW-M', 'Thu-Đông', 'Thu-Đông', 'Cotton fleece', 'Nâu', 'M-XXL', '388000', '130000', '140000', '0.757', '2020-03-01', 'Active'),
('PRD-WM-037', 'Áo nỉ cổ tròn nam - Navy', 'CAT-FW-M', 'Thu-Đông', 'Thu-Đông', 'Cotton fleece', 'Navy', 'M-XXL', '358000', '133000', '144000', '1.151', '2020-01-01', 'Active'),
('PRD-WM-038', 'Áo nỉ cổ tròn nam - Xám nhạt', 'CAT-FW-M', 'Thu-Đông', 'Thu-Đông', 'Cotton fleece', 'Xám nhạt', 'M-XXL', '358000', '137000', '148000', '1.716', '2023-01-01', 'Active'),
('PRD-WM-039', 'Quần nỉ nam - Be', 'CAT-FW-M', 'Thu-Đông', 'Thu-Đông', 'Cotton fleece', 'Be', 'M-XXL', '338000', '101000', '109000', '0.527', '2021-05-01', 'Active'),
('PRD-WM-040', 'Quần nỉ nam - Navy', 'CAT-FW-M', 'Thu-Đông', 'Thu-Đông', 'Cotton fleece', 'Navy', 'M-XXL', '329000', '116000', '125000', '0.395', '2023-05-01', 'Active');

-- stores: 110 records
INSERT INTO `stores` (store_id, store_name, region_id, province, district, address, store_type, area_sqm, monthly_rent, open_date, status) VALUES
('STR-AG-001', 'Canifa An Giang', 'REG-MN', 'An Giang', 'Long Xuyên', NULL, 'Standard', '75.00', '25000000', '2020-08-01', 'Active'),
('STR-BDG-001', 'Canifa Bình Dương Thủ Dầu Một', 'REG-MN', 'Bình Dương', 'Thủ Dầu Một', NULL, 'Standard', '95.00', '40000000', '2013-03-01', 'Active'),
('STR-BDG-002', 'Canifa Bình Dương AEON', 'REG-MN', 'Bình Dương', 'Thuận An', NULL, 'TTTM', '90.00', '55000000', '2017-10-01', 'Active'),
('STR-BDG-003', 'Canifa Bình Dương Thuận An', 'REG-MN', 'Bình Dương', 'Thuận An', NULL, 'Standard', '80.00', '35000000', '2019-06-01', 'Active'),
('STR-BDG-004', 'Canifa Outlet Bình Dương', 'REG-MN', 'Bình Dương', 'Dĩ An', NULL, 'Outlet', '160.00', '30000000', '2021-03-01', 'Active'),
('STR-BDI-001', 'Canifa Bình Định Quy Nhơn', 'REG-MT', 'Bình Định', 'Quy Nhơn', NULL, 'Standard', '80.00', '28000000', '2016-06-01', 'Active'),
('STR-BN-001', 'Canifa Bắc Ninh', 'REG-MB', 'Bắc Ninh', 'TP Bắc Ninh', NULL, 'Standard', '90.00', '35000000', '2015-06-01', 'Active'),
('STR-BN-002', 'Canifa Bắc Ninh AEON', 'REG-MB', 'Bắc Ninh', 'TP Bắc Ninh', NULL, 'TTTM', '85.00', '50000000', '2019-03-01', 'Active'),
('STR-BP-001', 'Canifa Bình Phước', 'REG-TN', 'Bình Phước', 'Đồng Xoài', NULL, 'Standard', '65.00', '18000000', '2019-05-01', 'Active'),
('STR-BTE-001', 'Canifa Bến Tre', 'REG-MN', 'Bến Tre', 'TP Bến Tre', NULL, 'Standard', '70.00', '22000000', '2020-06-01', 'Active'),
('STR-CT-001', 'Canifa Cần Thơ Ninh Kiều', 'REG-MN', 'Cần Thơ', 'Ninh Kiều', NULL, 'Standard', '90.00', '35000000', '2012-08-01', 'Active'),
('STR-CT-002', 'Canifa Cần Thơ Vincom', 'REG-MN', 'Cần Thơ', 'Ninh Kiều', NULL, 'TTTM', '85.00', '50000000', '2018-07-01', 'Active'),
('STR-DB-001', 'Canifa Điện Biên', 'REG-TN', 'Điện Biên', 'TP Điện Biên Phủ', NULL, 'Standard', '60.00', '15000000', '2021-08-01', 'Active'),
('STR-DKN-001', 'Canifa Đắk Nông', 'REG-TN', 'Đắk Nông', 'Gia Nghĩa', NULL, 'Standard', '65.00', '18000000', '2021-04-01', 'Active'),
('STR-DL-001', 'Canifa Đắk Lắk Buôn Ma Thuột', 'REG-TN', 'Đắk Lắk', 'Buôn Ma Thuột', NULL, 'Standard', '80.00', '25000000', '2017-07-01', 'Active'),
('STR-DL-002', 'Canifa Đắk Lắk Vincom', 'REG-TN', 'Đắk Lắk', 'Buôn Ma Thuột', NULL, 'TTTM', '75.00', '35000000', '2020-01-01', 'Active'),
('STR-DN-001', 'Canifa Đà Nẵng Nguyễn Văn Linh', 'REG-MT', 'Đà Nẵng', 'Thanh Khê', NULL, 'Flagship', '160.00', '80000000', '2008-10-01', 'Active'),
('STR-DN-002', 'Canifa Đà Nẵng Vincom', 'REG-MT', 'Đà Nẵng', 'Hải Châu', NULL, 'TTTM', '95.00', '65000000', '2015-12-01', 'Active'),
('STR-DN-003', 'Canifa Đà Nẵng Indochina', 'REG-MT', 'Đà Nẵng', 'Hải Châu', NULL, 'TTTM', '85.00', '55000000', '2017-04-01', 'Active'),
('STR-DN-004', 'Canifa Đà Nẵng Vincom Ngô Quyền', 'REG-MT', 'Đà Nẵng', 'Sơn Trà', NULL, 'TTTM', '80.00', '50000000', '2024-09-01', 'Active'),
('STR-DNI-001', 'Canifa Đồng Nai Biên Hoà', 'REG-MN', 'Đồng Nai', 'Biên Hoà', NULL, 'Standard', '90.00', '35000000', '2014-01-01', 'Active'),
('STR-DNI-002', 'Canifa Đồng Nai Vincom', 'REG-MN', 'Đồng Nai', 'Biên Hoà', NULL, 'TTTM', '85.00', '50000000', '2018-04-01', 'Active'),
('STR-DNI-003', 'Canifa Đồng Nai Long Khánh', 'REG-MN', 'Đồng Nai', 'Long Khánh', NULL, 'Standard', '75.00', '25000000', '2020-02-01', 'Active'),
('STR-GL-001', 'Canifa Gia Lai', 'REG-TN', 'Gia Lai', 'Pleiku', NULL, 'Standard', '70.00', '22000000', '2018-04-01', 'Active'),
('STR-HB-001', 'Canifa Hoà Bình', 'REG-MB', 'Hoà Bình', 'TP Hoà Bình', NULL, 'Standard', '70.00', '20000000', '2019-11-01', 'Active'),
('STR-HCM-001', 'Canifa Nguyễn Trãi Q1', 'REG-HCM', 'TP. Hồ Chí Minh', 'Quận 1', NULL, 'Flagship', '200.00', '150000000', '2006-05-01', 'Active'),
('STR-HCM-002', 'Canifa Vincom Đồng Khởi', 'REG-HCM', 'TP. Hồ Chí Minh', 'Quận 1', NULL, 'TTTM', '110.00', '130000000', '2014-07-01', 'Active'),
('STR-HCM-003', 'Canifa Nguyễn Trãi Q5', 'REG-HCM', 'TP. Hồ Chí Minh', 'Quận 5', NULL, 'Standard', '130.00', '85000000', '2009-03-01', 'Active'),
('STR-HCM-004', 'Canifa Crescent Mall Q7', 'REG-HCM', 'TP. Hồ Chí Minh', 'Quận 7', NULL, 'TTTM', '100.00', '95000000', '2011-09-01', 'Active'),
('STR-HCM-005', 'Canifa SC VivoCity Q7', 'REG-HCM', 'TP. Hồ Chí Minh', 'Quận 7', NULL, 'TTTM', '95.00', '100000000', '2016-01-01', 'Active'),
('STR-HCM-006', 'Canifa Gò Vấp', 'REG-HCM', 'TP. Hồ Chí Minh', 'Gò Vấp', NULL, 'Standard', '110.00', '60000000', '2012-04-01', 'Active'),
('STR-HCM-007', 'Canifa Tân Bình', 'REG-HCM', 'TP. Hồ Chí Minh', 'Tân Bình', NULL, 'Standard', '100.00', '55000000', '2013-06-01', 'Active'),
('STR-HCM-008', 'Canifa Thủ Đức', 'REG-HCM', 'TP. Hồ Chí Minh', 'Thủ Đức', NULL, 'Standard', '110.00', '50000000', '2015-02-01', 'Active'),
('STR-HCM-009', 'Canifa AEON Tân Phú', 'REG-HCM', 'TP. Hồ Chí Minh', 'Tân Phú', NULL, 'TTTM', '95.00', '75000000', '2016-10-01', 'Active'),
('STR-HCM-010', 'Canifa Vincom Thủ Đức', 'REG-HCM', 'TP. Hồ Chí Minh', 'Thủ Đức', NULL, 'TTTM', '90.00', '80000000', '2018-03-01', 'Active'),
('STR-HCM-011', 'Canifa Quận 3', 'REG-HCM', 'TP. Hồ Chí Minh', 'Quận 3', NULL, 'Standard', '100.00', '70000000', '2010-08-01', 'Active'),
('STR-HCM-012', 'Canifa Quận 10', 'REG-HCM', 'TP. Hồ Chí Minh', 'Quận 10', NULL, 'Standard', '95.00', '55000000', '2014-05-01', 'Active'),
('STR-HCM-013', 'Canifa Bình Thạnh', 'REG-HCM', 'TP. Hồ Chí Minh', 'Bình Thạnh', NULL, 'Standard', '105.00', '60000000', '2012-11-01', 'Active'),
('STR-HCM-014', 'Canifa Phú Nhuận', 'REG-HCM', 'TP. Hồ Chí Minh', 'Phú Nhuận', NULL, 'Standard', '90.00', '55000000', '2015-07-01', 'Active'),
('STR-HCM-015', 'Canifa Quận 9', 'REG-HCM', 'TP. Hồ Chí Minh', 'Quận 9', NULL, 'Standard', '100.00', '45000000', '2018-09-01', 'Active'),
('STR-HCM-016', 'Canifa Vincom Landmark', 'REG-HCM', 'TP. Hồ Chí Minh', 'Bình Thạnh', NULL, 'TTTM', '85.00', '120000000', '2019-04-01', 'Active'),
('STR-HCM-017', 'Canifa Lê Văn Sỹ', 'REG-HCM', 'TP. Hồ Chí Minh', 'Quận 3', NULL, 'Standard', '90.00', '65000000', '2011-03-01', 'Active'),
('STR-HCM-018', 'Canifa Emart Phan Văn Trị', 'REG-HCM', 'TP. Hồ Chí Minh', 'Gò Vấp', NULL, 'TTTM', '95.00', '55000000', '2020-02-01', 'Active'),
('STR-HCM-019', 'Canifa Bình Chánh', 'REG-HCM', 'TP. Hồ Chí Minh', 'Bình Chánh', NULL, 'Standard', '110.00', '40000000', '2021-06-01', 'Active'),
('STR-HCM-020', 'Canifa Satra Phạm Hùng', 'REG-HCM', 'TP. Hồ Chí Minh', 'Quận 8', NULL, 'TTTM', '85.00', '50000000', '2019-08-01', 'Active'),
('STR-HCM-021', 'Canifa Nguyễn Huệ', 'REG-HCM', 'TP. Hồ Chí Minh', 'Quận 1', NULL, 'Flagship', '180.00', '140000000', '2007-11-01', 'Active'),
('STR-HCM-022', 'Canifa Outlet Bình Tân', 'REG-HCM', 'TP. Hồ Chí Minh', 'Bình Tân', NULL, 'Outlet', '140.00', '35000000', '2020-09-01', 'Active'),
('STR-HD-001', 'Canifa Hải Dương', 'REG-MB', 'Hải Dương', 'TP Hải Dương', NULL, 'Standard', '80.00', '30000000', '2016-01-01', 'Active'),
('STR-HD-002', 'Canifa Hải Dương Vincom', 'REG-MB', 'Hải Dương', 'TP Hải Dương', NULL, 'TTTM', '75.00', '40000000', '2024-08-01', 'Active'),
('STR-HN-001', 'Canifa Bà Triệu', 'REG-HN', 'Hà Nội', 'Hoàn Kiếm', NULL, 'Flagship', '180.00', '120000000', '2005-03-15', 'Active'),
('STR-HN-002', 'Canifa Chùa Bộc', 'REG-HN', 'Hà Nội', 'Đống Đa', NULL, 'Standard', '120.00', '80000000', '2008-06-01', 'Active'),
('STR-HN-003', 'Canifa Cầu Giấy', 'REG-HN', 'Hà Nội', 'Cầu Giấy', NULL, 'Standard', '140.00', '90000000', '2009-02-01', 'Active'),
('STR-HN-004', 'Canifa AEON Long Biên', 'REG-HN', 'Hà Nội', 'Long Biên', NULL, 'TTTM', '100.00', '70000000', '2015-10-01', 'Active'),
('STR-HN-005', 'Canifa Lotte Đống Đa', 'REG-HN', 'Hà Nội', 'Đống Đa', NULL, 'TTTM', '90.00', '65000000', '2016-03-01', 'Active'),
('STR-HN-006', 'Canifa BigC Thăng Long', 'REG-HN', 'Hà Nội', 'Cầu Giấy', NULL, 'TTTM', '95.00', '60000000', '2014-05-01', 'Active'),
('STR-HN-007', 'Canifa Savico Long Biên', 'REG-HN', 'Hà Nội', 'Long Biên', NULL, 'Standard', '110.00', '55000000', '2013-08-01', 'Active'),
('STR-HN-008', 'Canifa Phố Huế', 'REG-HN', 'Hà Nội', 'Hai Bà Trưng', NULL, 'Standard', '100.00', '75000000', '2010-04-01', 'Active'),
('STR-HN-009', 'Canifa Giảng Võ', 'REG-HN', 'Hà Nội', 'Ba Đình', NULL, 'Standard', '90.00', '70000000', '2011-06-01', 'Active'),
('STR-HN-010', 'Canifa Mỹ Đình', 'REG-HN', 'Hà Nội', 'Nam Từ Liêm', NULL, 'Standard', '110.00', '65000000', '2012-09-01', 'Active'),
('STR-HN-011', 'Canifa Royal City', 'REG-HN', 'Hà Nội', 'Thanh Xuân', NULL, 'TTTM', '95.00', '85000000', '2013-11-01', 'Active'),
('STR-HN-012', 'Canifa Vincom Bà Triệu', 'REG-HN', 'Hà Nội', 'Hai Bà Trưng', NULL, 'TTTM', '100.00', '110000000', '2014-01-01', 'Active'),
('STR-HN-013', 'Canifa Times City', 'REG-HN', 'Hà Nội', 'Hai Bà Trưng', NULL, 'TTTM', '90.00', '80000000', '2016-06-01', 'Active'),
('STR-HN-014', 'Canifa Hà Đông', 'REG-HN', 'Hà Nội', 'Hà Đông', NULL, 'Standard', '100.00', '50000000', '2017-03-01', 'Active'),
('STR-HN-015', 'Canifa Vincom Long Biên', 'REG-HN', 'Hà Nội', 'Long Biên', NULL, 'TTTM', '85.00', '70000000', '2018-05-01', 'Active'),
('STR-HN-016', 'Canifa Thanh Xuân', 'REG-HN', 'Hà Nội', 'Thanh Xuân', NULL, 'Standard', '95.00', '55000000', '2017-08-01', 'Active'),
('STR-HN-017', 'Canifa AEON Hà Đông', 'REG-HN', 'Hà Nội', 'Hà Đông', NULL, 'TTTM', '90.00', '65000000', '2019-11-01', 'Active'),
('STR-HN-018', 'Canifa Tây Hồ', 'REG-HN', 'Hà Nội', 'Tây Hồ', NULL, 'Standard', '100.00', '60000000', '2018-02-01', 'Active'),
('STR-HN-019', 'Canifa Trần Duy Hưng', 'REG-HN', 'Hà Nội', 'Cầu Giấy', NULL, 'Standard', '110.00', '80000000', '2010-07-01', 'Active'),
('STR-HN-020', 'Canifa Nguyễn Trãi HN', 'REG-HN', 'Hà Nội', 'Thanh Xuân', NULL, 'Standard', '105.00', '70000000', '2012-01-01', 'Active'),
('STR-HN-021', 'Canifa Mega Mall', 'REG-HN', 'Hà Nội', 'Hoàng Mai', NULL, 'TTTM', '85.00', '55000000', '2020-06-01', 'Active'),
('STR-HN-022', 'Canifa Hoàng Mai', 'REG-HN', 'Hà Nội', 'Hoàng Mai', NULL, 'Standard', '100.00', '45000000', '2024-07-15', 'Active'),
('STR-HN-023', 'Canifa Đống Đa', 'REG-HN', 'Hà Nội', 'Đống Đa', NULL, 'Standard', '90.00', '50000000', '2019-04-01', 'Active'),
('STR-HN-024', 'Canifa Kim Mã', 'REG-HN', 'Hà Nội', 'Ba Đình', NULL, 'Standard', '85.00', '55000000', '2016-09-01', 'Active'),
('STR-HN-025', 'Canifa Outlet Long Biên', 'REG-HN', 'Hà Nội', 'Long Biên', NULL, 'Outlet', '150.00', '35000000', '2020-01-01', 'Active'),
('STR-HP-001', 'Canifa Hải Phòng Lạch Tray', 'REG-MB', 'Hải Phòng', 'Ngô Quyền', NULL, 'Standard', '100.00', '45000000', '2010-05-01', 'Active'),
('STR-HP-002', 'Canifa Hải Phòng Vincom', 'REG-MB', 'Hải Phòng', 'Lê Chân', NULL, 'TTTM', '90.00', '60000000', '2016-08-01', 'Active'),
('STR-HP-003', 'Canifa Hải Phòng Lê Hồng Phong', 'REG-MB', 'Hải Phòng', 'Ngô Quyền', NULL, 'Standard', '85.00', '40000000', '2014-02-01', 'Active'),
('STR-HT-001', 'Canifa Hà Tĩnh', 'REG-MT', 'Hà Tĩnh', 'TP Hà Tĩnh', NULL, 'Standard', '70.00', '22000000', '2020-05-01', 'Active'),
('STR-HUE-001', 'Canifa Huế Trần Hưng Đạo', 'REG-MT', 'Thừa Thiên Huế', 'TP Huế', NULL, 'Standard', '90.00', '35000000', '2012-05-01', 'Active'),
('STR-HUE-002', 'Canifa Huế Vincom', 'REG-MT', 'Thừa Thiên Huế', 'TP Huế', NULL, 'TTTM', '80.00', '40000000', '2019-01-01', 'Active'),
('STR-HY-001', 'Canifa Hưng Yên', 'REG-MB', 'Hưng Yên', 'TP Hưng Yên', NULL, 'Standard', '70.00', '22000000', '2020-01-01', 'Active'),
('STR-KG-001', 'Canifa Kiên Giang', 'REG-MN', 'Kiên Giang', 'Rạch Giá', NULL, 'Standard', '75.00', '25000000', '2020-04-01', 'Active'),
('STR-KT-001', 'Canifa Kon Tum', 'REG-TN', 'Kon Tum', 'TP Kon Tum', NULL, 'Standard', '65.00', '18000000', '2020-11-01', 'Active'),
('STR-LA-001', 'Canifa Long An', 'REG-MN', 'Long An', 'Tân An', NULL, 'Standard', '75.00', '25000000', '2019-03-01', 'Active'),
('STR-LDG-001', 'Canifa Lâm Đồng Đà Lạt', 'REG-TN', 'Lâm Đồng', 'Đà Lạt', NULL, 'Standard', '85.00', '30000000', '2014-06-01', 'Active'),
('STR-LDG-002', 'Canifa Lâm Đồng Bảo Lộc', 'REG-TN', 'Lâm Đồng', 'Bảo Lộc', NULL, 'Standard', '70.00', '20000000', '2020-09-01', 'Active'),
('STR-LS-001', 'Canifa Lạng Sơn', 'REG-MB', 'Lạng Sơn', 'TP Lạng Sơn', NULL, 'Standard', '65.00', '18000000', '2020-04-01', 'Active'),
('STR-NA-001', 'Canifa Nghệ An Vinh', 'REG-MB', 'Nghệ An', 'TP Vinh', NULL, 'Standard', '90.00', '35000000', '2013-09-01', 'Active'),
('STR-NA-002', 'Canifa Nghệ An Vincom', 'REG-MB', 'Nghệ An', 'TP Vinh', NULL, 'TTTM', '80.00', '45000000', '2019-05-01', 'Active'),
('STR-NB-001', 'Canifa Ninh Bình', 'REG-MB', 'Ninh Bình', 'TP Ninh Bình', NULL, 'Standard', '75.00', '25000000', '2018-08-01', 'Active'),
('STR-ND-001', 'Canifa Nam Định', 'REG-MB', 'Nam Định', 'TP Nam Định', NULL, 'Standard', '75.00', '25000000', '2017-03-01', 'Active'),
('STR-NT-001', 'Canifa Nha Trang', 'REG-MT', 'Khánh Hoà', 'Nha Trang', NULL, 'Standard', '90.00', '35000000', '2013-02-01', 'Active'),
('STR-NT-002', 'Canifa Nha Trang Vincom', 'REG-MT', 'Khánh Hoà', 'Nha Trang', NULL, 'TTTM', '85.00', '50000000', '2018-06-01', 'Active'),
('STR-PT-001', 'Canifa Phú Thọ', 'REG-MB', 'Phú Thọ', 'Việt Trì', NULL, 'Standard', '70.00', '22000000', '2019-06-01', 'Active'),
('STR-PY-001', 'Canifa Phú Yên', 'REG-MT', 'Phú Yên', 'Tuy Hoà', NULL, 'Standard', '70.00', '22000000', '2021-01-01', 'Active'),
('STR-QB-001', 'Canifa Quảng Bình', 'REG-MT', 'Quảng Bình', 'Đồng Hới', NULL, 'Standard', '70.00', '22000000', '2020-03-01', 'Active'),
('STR-QNG-001', 'Canifa Quảng Ngãi', 'REG-MT', 'Quảng Ngãi', 'TP Quảng Ngãi', NULL, 'Standard', '70.00', '22000000', '2019-07-01', 'Active'),
('STR-QNI-001', 'Canifa Quảng Ninh Hạ Long', 'REG-MB', 'Quảng Ninh', 'Hạ Long', NULL, 'Standard', '95.00', '40000000', '2013-04-01', 'Active'),
('STR-QNI-002', 'Canifa Quảng Ninh Vincom', 'REG-MB', 'Quảng Ninh', 'Hạ Long', NULL, 'TTTM', '85.00', '55000000', '2017-09-01', 'Active'),
('STR-QNM-001', 'Canifa Quảng Nam', 'REG-MT', 'Quảng Nam', 'Tam Kỳ', NULL, 'Standard', '75.00', '25000000', '2019-09-01', 'Active');

INSERT INTO `stores` (store_id, store_name, region_id, province, district, address, store_type, area_sqm, monthly_rent, open_date, status) VALUES
('STR-QT-001', 'Canifa Quảng Trị', 'REG-MT', 'Quảng Trị', 'Đông Hà', NULL, 'Standard', '65.00', '20000000', '2020-08-01', 'Active'),
('STR-SL-001', 'Canifa Sơn La', 'REG-MB', 'Sơn La', 'TP Sơn La', NULL, 'Standard', '65.00', '18000000', '2021-02-01', 'Active'),
('STR-TG-001', 'Canifa Tiền Giang', 'REG-MN', 'Tiền Giang', 'Mỹ Tho', NULL, 'Standard', '75.00', '25000000', '2019-10-01', 'Active'),
('STR-TH-001', 'Canifa Thanh Hoá TP', 'REG-MB', 'Thanh Hoá', 'TP Thanh Hoá', NULL, 'Standard', '90.00', '35000000', '2012-07-01', 'Active'),
('STR-TH-002', 'Canifa Thanh Hoá Vincom', 'REG-MB', 'Thanh Hoá', 'TP Thanh Hoá', NULL, 'TTTM', '80.00', '45000000', '2018-11-01', 'Active'),
('STR-TNG-001', 'Canifa Thái Nguyên', 'REG-MB', 'Thái Nguyên', 'TP Thái Nguyên', NULL, 'Standard', '80.00', '28000000', '2017-05-01', 'Active'),
('STR-TV-001', 'Canifa Trà Vinh', 'REG-TN', 'Trà Vinh', 'TP Trà Vinh', NULL, 'Standard', '65.00', '18000000', '2020-06-01', 'Active'),
('STR-VP-001', 'Canifa Vĩnh Phúc', 'REG-MB', 'Vĩnh Phúc', 'Vĩnh Yên', NULL, 'Standard', '75.00', '25000000', '2018-02-01', 'Active'),
('STR-VT-001', 'Canifa Vũng Tàu', 'REG-MN', 'Bà Rịa-Vũng Tàu', 'Vũng Tàu', NULL, 'Standard', '85.00', '30000000', '2015-05-01', 'Active'),
('STR-VT-002', 'Canifa Vũng Tàu Lotte', 'REG-MN', 'Bà Rịa-Vũng Tàu', 'Vũng Tàu', NULL, 'TTTM', '80.00', '45000000', '2019-12-01', 'Active');

-- promotions: 8 records
INSERT INTO `promotions` (promo_id, promo_name, promo_type, start_date, end_date, discount_percent_min, discount_percent_max, applicable_channels, applicable_categories, marketing_spend, platform_fee, description) VALUES
('PRM-001', 'Flash Sale 11/11', 'Flash Sale', '2024-11-09', '2024-11-12', '30.00', '50.00', 'Online', 'All', '800000000', '500000000', 'Flash sale 11/11 trên sàn TMĐT'),
('PRM-002', 'Black Friday', 'Seasonal', '2024-11-22', '2024-11-26', '20.00', '40.00', 'All', 'All', '1500000000', '300000000', 'Black Friday giảm 20-40% toàn hệ thống'),
('PRM-003', 'Flash Sale 12/12', 'Flash Sale', '2024-12-10', '2024-12-13', '40.00', '60.00', 'Online', 'All', '1200000000', '2500000000', 'Flash Sale 12/12 Shopee+TikTok giảm sâu 40-60%'),
('PRM-004', 'Giáng Sinh & Năm Mới', 'Seasonal', '2024-12-20', '2025-01-02', '15.00', '25.00', 'All', 'All', '2000000000', '200000000', 'Giáng Sinh & Năm Mới giảm 15-25%'),
('PRM-005', 'Tết Nguyên Đán', 'Seasonal', '2025-01-10', '2025-02-10', '20.00', '30.00', 'All', 'All', '3000000000', '0', 'Tết Nguyên Đán mua sắm quần áo mới'),
('PRM-006', 'Mua 3 Tặng 1 Essentials', 'Bundle', '2025-02-01', '2025-02-28', '25.00', '25.00', 'All', 'CAT-ESS-M,CAT-ESS-F', '500000000', '0', 'Mua 3 tặng 1 hàng Essentials'),
('PRM-007', 'Xuân Hè Early Bird', 'Seasonal', '2025-03-01', '2025-03-15', '10.00', '15.00', 'All', 'All', '800000000', '0', 'Ưu đãi đầu mùa Xuân Hè 10-15%'),
('PRM-008', 'Sale cuối mùa Đông', 'Clearance', '2025-02-15', '2025-03-15', '40.00', '70.00', 'All', 'CAT-FW-M,CAT-FW-F', '300000000', '0', 'Clearance hàng Thu-Đông giảm 40-70%');


SET FOREIGN_KEY_CHECKS = 1;
