-- 02_metadata.sql | Database: gemadept_bi_demo
-- Metadata for AI engine via MCP: tables, columns, KPI, glossary

USE `gemadept_bi_demo`;

INSERT INTO `_meta_tables` (`table_name`, `description_vi`, `description_en`, `business_context`, `data_source`) VALUES
('ports', 'Danh sách cảng biển/ICD liên quan: Gemadept và đối thủ', 'Catalog of ports/ICDs: Gemadept ports + competitors', 'Phân biệt qua is_gemadept. Cluster gồm: Hải Phòng, CM-TV (Cái Mép-Thị Vải), HCM, Miền Trung.', 'Internal'),
('shipping_lines', '25 hãng tàu container hoạt động tại VN — top 10 global + regional', '25 container shipping lines active in VN — top 10 global + regional', 'Bao gồm fleet size, ranking toàn cầu. Dùng để cross-reference với alliance_membership_history.', 'Internal/Linerlytica'),
('alliances', '7 liên minh: 3 cũ (giải thể 1/2025) + 4 mới (từ 2/2025)', '7 alliances: 3 legacy (dissolved Jan 2025) + 4 current (since Feb 2025)', 'Tái cấu trúc 2/2025: 2M tan rã, THE Alliance → Premier, Ocean Alliance gia hạn, Gemini ra đời, MSC standalone.', 'Industry'),
('alliance_membership_history', 'Lịch sử thành viên liên minh — line × alliance × period', 'Membership history — line × alliance × period', 'Critical cho phân tích trước/sau Feb 2025. Một line có thể thuộc nhiều alliance trong các thời kỳ khác nhau.', 'Industry'),
('vessels', '~120 tàu container thực tế đang hoạt động tuyến VN', '~120 real container vessels operating VN routes', 'Mega ≥200k DWT (chỉ Gemalink đón được), large 100-200k, medium 50-100k, feeder <50k.', 'Internal/IMO'),
('services', '30 tuyến dịch vụ container có ghé VN', '30 container services calling VN ports', 'Bao gồm tên dịch vụ thật (FE1, EC5, AE1, Tropic, ZX2), trade lane, port rotation, alliance vận hành.', 'Industry'),
('news_events', '~60 sự kiện ngành 2024-2026 ảnh hưởng đến hoạt động cảng', '~60 industry events 2024-2026 affecting port operations', 'Categories: alliance, route, regulation, tariff, weather, competitor. Chứa thông tin Feb 2025 reshuffle, Feb 2026 price hike, Trump tariff.', 'Phaata/Vietstock/Lloyd List'),
('customers_shippers', '45 shipper/khách hàng XNK lớn dùng dịch vụ cảng', '45 large shippers/customers using port services', 'Industry: Electronics, Apparel, Textile, Steel, Furniture, Seafood... primary_region cho biết miền chính.', 'Internal CRM'),
('port_calls', 'Transaction-level: mỗi lần tàu cập cảng Gemadept (2024-04 → 2026-03)', 'Transaction-level: every vessel call at Gemadept ports (2024-04 to 2026-03)', 'Grain: 1 row = 1 port call. Bao gồm ETA/ETB/ETD + ATA/ATB/ATD, TEU handled, revenue, cost.', 'Internal SmartPort/CATOS'),
('daily_port_stats', 'Aggregated daily — fast query cho dashboard', 'Daily aggregated stats for dashboard fast queries', 'Chỉ Gemadept ports. Có total_teu, total_calls, total_revenue_vnd, unique_lines_count.', 'Internal (derived from port_calls)'),
('port_vessel_schedule_external', 'Lịch tàu CÔNG KHAI từ cảng vụ — TẤT CẢ cảng (Gemadept + đối thủ)', 'Public vessel schedule from Cảng Vụ — ALL ports (Gemadept + competitors)', 'CRITICAL cho cross-reference. Chứa data đối thủ. Source: cangvuhaiphong, cangvuvungtau, cangvuhcm.', 'Public — Cảng Vụ'),
('pricing_tariff', 'Giá sàn xếp dỡ theo cảng × hãng × thời kỳ', 'Stevedoring tariff by port × line × period', 'Top 5 line: 0.95×base, Medium: 1.00×, Small: 1.05×. Deepsea +10% từ 2026-02-01 (QĐ 810 sửa đổi).', 'Internal');

INSERT INTO `_meta_columns` (`table_name`, `column_name`, `data_type`, `description_vi`, `description_en`, `unit`, `example_values`) VALUES
('ports', 'port_id', 'VARCHAR', 'Mã cảng', 'Port ID', '-', 'P006'),
('ports', 'port_name', 'VARCHAR', 'Tên cảng', 'Port name', '-', 'Gemalink'),
('ports', 'is_gemadept', 'TINYINT', '1 nếu là cảng Gemadept', '1 if Gemadept-operated', '-', '0/1'),
('ports', 'cluster', 'VARCHAR', 'Cụm cảng', 'Port cluster', '-', 'Hải Phòng / CM-TV / HCM / Miền Trung'),
('ports', 'port_type', 'VARCHAR', 'Loại cảng', 'Port type', '-', 'deepsea / river / ICD / bulk'),
('ports', 'capacity_teu_year', 'INT', 'Công suất TEU/năm', 'Annual capacity', 'TEU', '1500000'),
('ports', 'max_dwt', 'INT', 'DWT tối đa tàu cập được', 'Max DWT vessel', 'DWT', '250000'),
('shipping_lines', 'line_id', 'VARCHAR', 'Mã hãng', 'Line ID', '-', 'L02'),
('shipping_lines', 'line_name', 'VARCHAR', 'Tên hãng', 'Line name', '-', 'Maersk'),
('shipping_lines', 'line_code', 'VARCHAR', 'Code SCAC', 'SCAC code', '-', 'MAEU'),
('shipping_lines', 'fleet_capacity_teu', 'INT', 'Tổng TEU đội tàu hãng', 'Fleet TEU capacity', 'TEU', '4300000'),
('shipping_lines', 'global_rank', 'INT', 'Xếp hạng toàn cầu', 'Global ranking', '-', '2'),
('alliances', 'alliance_id', 'VARCHAR', 'Mã liên minh', 'Alliance ID', '-', 'A04'),
('alliances', 'alliance_name', 'VARCHAR', 'Tên liên minh', 'Alliance name', '-', 'Gemini Cooperation'),
('alliances', 'formed_date', 'DATE', 'Ngày thành lập', 'Formation date', '-', '2025-02-01'),
('alliances', 'dissolved_date', 'DATE', 'Ngày giải thể (NULL nếu còn hoạt động)', 'Dissolution date (NULL if active)', '-', '2025-01-31'),
('alliances', 'status', 'VARCHAR', 'Trạng thái', 'Status', '-', 'active / dissolved / restructured'),
('alliance_membership_history', 'line_id', 'VARCHAR', 'Mã hãng', 'Line ID', '-', 'L02'),
('alliance_membership_history', 'alliance_id', 'VARCHAR', 'Mã liên minh', 'Alliance ID', '-', 'A04'),
('alliance_membership_history', 'from_date', 'DATE', 'Ngày bắt đầu', 'Start date', '-', '2025-02-01'),
('alliance_membership_history', 'to_date', 'DATE', 'Ngày kết thúc (NULL = current)', 'End date', '-', 'NULL'),
('vessels', 'vessel_id', 'VARCHAR', 'Mã tàu', 'Vessel ID', '-', 'V001'),
('vessels', 'vessel_name', 'VARCHAR', 'Tên tàu', 'Vessel name', '-', 'MSC GULSUN'),
('vessels', 'imo_number', 'INT', 'Số IMO', 'IMO number', '-', '9839272'),
('vessels', 'dwt', 'INT', 'Trọng tải tàu', 'Deadweight tonnage', 'DWT', '225720'),
('vessels', 'teu_capacity', 'INT', 'Sức chứa TEU', 'TEU capacity', 'TEU', '23756'),
('vessels', 'vessel_type', 'VARCHAR', 'Phân loại', 'Vessel class', '-', 'mega / large / medium / feeder'),
('services', 'service_name', 'VARCHAR', 'Tên tuyến', 'Service name', '-', 'FE1 - Far East Europe 1'),
('services', 'trade_lane', 'VARCHAR', 'Tuyến chính', 'Trade lane', '-', 'Asia-Europe / TransPacific / Intra-Asia / Asia-Middle East / Asia-Americas'),
('services', 'frequency_weekly', 'INT', 'Tần suất chuyến/tuần', 'Weekly frequency', 'calls/week', '1'),
('services', 'port_rotation', 'TEXT', 'Chuỗi cảng ghé', 'Port rotation sequence', '-', 'Ningbo-Shanghai-Yantian-Singapore-Gemalink-...'),
('news_events', 'event_date', 'DATE', 'Ngày sự kiện', 'Event date', '-', '2025-02-01'),
('news_events', 'category', 'VARCHAR', 'Phân loại', 'Category', '-', 'alliance / route / regulation / tariff / weather / competitor'),
('news_events', 'sentiment', 'VARCHAR', 'Tác động tới cảng VN', 'Sentiment for VN ports', '-', 'positive / negative / neutral'),
('news_events', 'affected_lines', 'JSON', 'JSON array các line_id bị ảnh hưởng', 'JSON line_id array', '-', '["L02","L05"]'),
('news_events', 'affected_ports', 'JSON', 'JSON array port_id bị ảnh hưởng', 'JSON port_id array', '-', '["P006","P010"]'),
('port_calls', 'call_id', 'VARCHAR', 'Mã port call', 'Port call ID', '-', 'PC000123'),
('port_calls', 'eta', 'DATETIME', 'Giờ dự kiến tàu đến', 'Estimated time of arrival', '-', '2026-01-15 06:30:00'),
('port_calls', 'etb', 'DATETIME', 'Giờ dự kiến cập bến', 'Estimated time of berthing', '-', '2026-01-15 09:00:00'),
('port_calls', 'etd', 'DATETIME', 'Giờ dự kiến tàu rời', 'Estimated time of departure', '-', '2026-01-17 14:00:00'),
('port_calls', 'ata', 'DATETIME', 'Giờ thực tế tàu đến', 'Actual time of arrival', '-', '2026-01-15 07:15:00'),
('port_calls', 'total_teu_handled', 'INT', 'Tổng TEU bốc dỡ + transship', 'Total TEU handled', 'TEU', '8500'),
('port_calls', 'teu_discharged', 'INT', 'TEU dỡ xuống', 'TEU discharged', 'TEU', '3800'),
('port_calls', 'teu_loaded', 'INT', 'TEU bốc lên', 'TEU loaded', 'TEU', '3700'),
('port_calls', 'teu_transshipment', 'INT', 'TEU trung chuyển', 'Transshipment TEU', 'TEU', '1000'),
('port_calls', 'dwell_time_hours', 'DECIMAL', 'Thời gian tàu nằm bến (giờ)', 'Dwell time hours', 'hours', '45.5'),
('port_calls', 'revenue_vnd', 'BIGINT', 'Doanh thu (VND) — THC + VAS', 'Revenue VND', 'VND', '12750000000'),
('port_calls', 'reefer_teu', 'INT', 'TEU lạnh', 'Reefer TEU', 'TEU', '680'),
('port_calls', 'vas_revenue_vnd', 'BIGINT', 'Doanh thu Value-Added Service', 'VAS revenue', 'VND', '1500000000'),
('port_vessel_schedule_external', 'source', 'VARCHAR', 'Nguồn data cảng vụ', 'Source', '-', 'cangvuhaiphong / cangvuvungtau / cangvuhcm'),
('port_vessel_schedule_external', 'teu_capacity_est', 'INT', 'Sức chứa TEU ước tính', 'Estimated TEU capacity', 'TEU', '15000'),
('pricing_tariff', 'rate_per_teu_vnd', 'INT', 'Giá xếp dỡ/TEU', 'Rate per TEU', 'VND', '1500000'),
('pricing_tariff', 'effective_from', 'DATE', 'Hiệu lực từ', 'Effective from', '-', '2026-02-01'),
('pricing_tariff', 'effective_to', 'DATE', 'Hiệu lực đến (NULL = hiện hành)', 'Effective to (NULL = current)', '-', 'NULL'),
('daily_port_stats', 'total_teu', 'INT', 'Tổng TEU trong ngày', 'Daily total TEU', 'TEU', '12500'),
('daily_port_stats', 'total_calls', 'INT', 'Số call trong ngày', 'Daily call count', '-', '3'),
('daily_port_stats', 'unique_lines_count', 'INT', 'Số hãng khác nhau trong ngày', 'Distinct lines count', '-', '3');

INSERT INTO `_meta_kpi` (`kpi_name`, `formula_sql`, `description_vi`, `related_questions`) VALUES
('TEU Throughput', 'SELECT SUM(total_teu_handled) FROM port_calls WHERE eta BETWEEN ? AND ?', 'Tổng TEU thông qua cảng (load + discharge + transshipment)', 'Câu 1, 2, 5'),
('TEU Throughput by Alliance', 'SELECT a.alliance_name, SUM(pc.total_teu_handled) FROM port_calls pc JOIN alliance_membership_history m ON m.line_id=pc.shipping_line_id AND m.from_date<=DATE(pc.eta) AND (m.to_date IS NULL OR m.to_date>=DATE(pc.eta)) JOIN alliances a ON m.alliance_id=a.alliance_id GROUP BY a.alliance_name', 'TEU theo liên minh hãng tàu (theo thời điểm) — quan trọng cho phân tích trước/sau Feb 2025', 'Câu 1, 5'),
('TEU Throughput by Line', 'SELECT shipping_line_id, SUM(total_teu_handled) FROM port_calls GROUP BY shipping_line_id', 'TEU theo hãng tàu', 'Câu 1, 2, 6'),
('Port Call Frequency', 'SELECT port_id, shipping_line_id, COUNT(*) FROM port_calls GROUP BY port_id, shipping_line_id', 'Số lần tàu cập cảng theo hãng', 'Câu 2, 3, 4'),
('Market Share within Cluster', 'WITH cluster_total AS (SELECT p.cluster, SUM(pvs.teu_capacity_est) total FROM port_vessel_schedule_external pvs JOIN ports p ON pvs.port_id=p.port_id GROUP BY p.cluster) SELECT pvs.port_id, p.port_name, SUM(pvs.teu_capacity_est)/ct.total*100 share FROM port_vessel_schedule_external pvs JOIN ports p ON pvs.port_id=p.port_id JOIN cluster_total ct ON p.cluster=ct.cluster GROUP BY pvs.port_id', 'Thị phần TEU ước tính trong cụm cảng (Gemalink trong CM-TV...)', 'Câu 3'),
('Wallet Share per Line', 'SELECT pc.shipping_line_id, SUM(pc.total_teu_handled) gemadept_teu, (SELECT SUM(pvs.teu_capacity_est) FROM port_vessel_schedule_external pvs WHERE pvs.shipping_line_id=pc.shipping_line_id) total_vn_capacity FROM port_calls pc GROUP BY pc.shipping_line_id', '% sản lượng VN của hãng đi qua Gemadept', 'Câu 4, 6'),
('BD Opportunity Gap', 'WITH cm_tv AS (SELECT pvs.shipping_line_id, COUNT(*) c FROM port_vessel_schedule_external pvs JOIN ports p ON pvs.port_id=p.port_id WHERE p.cluster=\'CM-TV\' AND p.port_name<>\'Gemalink\' AND eta>=DATE_SUB(CURDATE(),INTERVAL 6 MONTH) GROUP BY pvs.shipping_line_id), gml AS (SELECT shipping_line_id, COUNT(*) c FROM port_calls WHERE port_id=\'P006\' AND eta>=DATE_SUB(CURDATE(),INTERVAL 6 MONTH) GROUP BY shipping_line_id) SELECT cm_tv.shipping_line_id, cm_tv.c-COALESCE(gml.c,0) gap FROM cm_tv LEFT JOIN gml USING(shipping_line_id) ORDER BY gap DESC', 'Gap port_call: hãng đang ghé CM-TV nhưng ít/không ghé Gemalink', 'Câu 4'),
('Revenue THC', 'SELECT SUM(revenue_vnd-vas_revenue_vnd) FROM port_calls', 'Doanh thu xếp dỡ (THC) — không tính VAS', 'Câu 7, 8'),
('Total Revenue', 'SELECT SUM(revenue_vnd) FROM port_calls', 'Tổng doanh thu (THC + VAS)', 'Câu 1, 6, 7'),
('Gross Margin', 'SELECT (SUM(revenue_vnd)-SUM(cost_vnd))/SUM(revenue_vnd)*100 FROM port_calls', 'Biên lợi nhuận gộp — Gemalink target ~44%', 'Câu 6, 7'),
('Reefer Mix', 'SELECT SUM(reefer_teu)/SUM(total_teu_handled)*100 FROM port_calls', '% TEU lạnh trong tổng TEU', 'Operational'),
('Avg Dwell Time', 'SELECT AVG(dwell_time_hours) FROM port_calls', 'Thời gian tàu nằm bến trung bình (giờ)', 'Operational efficiency');

INSERT INTO `_meta_glossary` (`term_vi`, `term_en`, `definition`, `related_tables`) VALUES
('TEU', 'Twenty-foot Equivalent Unit', 'Đơn vị quy đổi 1 container 20 feet. Tàu mega có sức chứa 23k TEU.', 'vessels, port_calls'),
('DWT', 'Deadweight Tonnage', 'Trọng tải toàn phần tàu (tonne). Gemalink đón tàu tới 250k DWT.', 'vessels, ports'),
('Port Call', 'Vessel Port Call', 'Một lần tàu cập cảng để xếp dỡ.', 'port_calls, port_vessel_schedule_external'),
('THC', 'Terminal Handling Charge', 'Phí xếp dỡ tại cảng — chiếm 60-70% doanh thu cảng.', 'pricing_tariff, port_calls.revenue_vnd'),
('VAS', 'Value-Added Service', 'Dịch vụ giá trị gia tăng (CFS, đóng rút cont, reefer monitoring).', 'port_calls.vas_revenue_vnd'),
('Liên minh hãng tàu', 'Shipping Alliance', 'Nhóm các hãng chia sẻ slot/space, phối hợp lịch trình. Tái cấu trúc 2/2025.', 'alliances, alliance_membership_history'),
('Gemini Cooperation', 'Gemini Cooperation', 'Liên minh mới Maersk + Hapag-Lloyd, từ 2/2025, mô hình hub-and-spoke. TCIT là hub VN.', 'alliances'),
('Premier Alliance', 'Premier Alliance', 'Liên minh ONE+HMM+YM từ 2/2025 (tái cấu trúc từ THE Alliance).', 'alliances'),
('Ocean Alliance', 'Ocean Alliance', 'CMA CGM+COSCO+EV+OOCL — gia hạn đến 2032. Lớn nhất toàn cầu.', 'alliances'),
('CM-TV', 'Cái Mép - Thị Vải', 'Cụm cảng nước sâu BRVT — gồm Gemalink, TCIT, CMIT, SSIT, SP-PSA, TCCT, TCTT.', 'ports.cluster'),
('ICD', 'Inland Container Depot', 'Cảng cạn — depot container nội địa.', 'ports.port_type'),
('Hub-and-spoke', 'Hub-and-spoke model', 'Mô hình tàu mẹ chỉ ghé 1-2 hub chính, feeder phân phối tới các port phụ.', 'services'),
('Cảng vụ', 'Maritime Administration', 'Cơ quan quản lý nhà nước về hàng hải, công bố lịch tàu công khai.', 'port_vessel_schedule_external.source'),
('Trade lane', 'Trade Lane', 'Tuyến thương mại chính: Asia-Europe, TransPacific, Intra-Asia, Asia-Middle East, Asia-Americas.', 'services.trade_lane'),
('Pareto 80/20', '80/20 Rule', 'Top 5 hãng tàu chiếm ~72% sản lượng Gemadept.', 'port_calls'),
('SAIDI', '-', 'Không áp dụng cho ngành cảng.', '-'),
('Reefer', 'Reefer Container', 'Container lạnh dùng cho hàng đông lạnh.', 'port_calls.reefer_teu'),
('Megaship', 'Mega Vessel', 'Tàu container ≥ 18,000 TEU. Chỉ Gemalink ở VN đón được megaship 250k DWT.', 'vessels.vessel_type');

