-- 03_master_data.sql | Database: gemadept_bi_demo
-- Master/dimension tables: ports, shipping_lines, alliances, alliance_membership_history, vessels, services, news_events, customers_shippers

USE `gemadept_bi_demo`;

INSERT INTO `ports` (`port_id`, `port_name`, `port_code`, `is_gemadept`, `region`, `cluster`, `port_type`, `capacity_teu_year`, `max_dwt`, `operator_company`, `latitude`, `longitude`) VALUES
('P001', 'Nam Đình Vũ', 'NDV', 1, 'Bắc', 'Hải Phòng', 'river', 2000000, 55000, 'Gemadept', 20.82, 106.78),
('P002', 'Nam Hải ICD', 'NHICD', 1, 'Bắc', 'Hải Phòng', 'ICD', 400000, 30000, 'Gemadept', 20.85, 106.73),
('P003', 'Cảng Dung Quất', 'DQ', 1, 'Trung', 'Miền Trung', 'bulk', 150000, 70000, 'Gemadept', 15.40, 108.78),
('P004', 'Phước Long ICD', 'PLICD', 1, 'Nam', 'HCM', 'ICD', 300000, 20000, 'Gemadept', 10.84, 106.75),
('P005', 'Cảng Bình Dương', 'BDP', 1, 'Nam', 'HCM', 'river', 250000, 30000, 'Gemadept', 10.93, 106.71),
('P006', 'Gemalink', 'GML', 1, 'Nam', 'CM-TV', 'deepsea', 1500000, 250000, 'Gemadept-CMA', 10.55, 107.05),
('P007', 'Nam Đình Vũ GĐ3', 'NDV3', 1, 'Bắc', 'Hải Phòng', 'river', 800000, 55000, 'Gemadept', 20.82, 106.79),
('P010', 'TCIT', 'TCIT', 0, 'Nam', 'CM-TV', 'deepsea', 1500000, 200000, 'Tân Cảng SG', 10.53, 107.03),
('P011', 'TCCT', 'TCCT', 0, 'Nam', 'CM-TV', 'deepsea', 800000, 160000, 'Tân Cảng SG', 10.54, 107.04),
('P012', 'TCTT', 'TCTT', 0, 'Nam', 'CM-TV', 'deepsea', 700000, 160000, 'Tân Cảng SG', 10.56, 107.04),
('P013', 'CMIT', 'CMIT', 0, 'Nam', 'CM-TV', 'deepsea', 1200000, 200000, 'CMIT JV', 10.52, 107.03),
('P014', 'SSIT', 'SSIT', 0, 'Nam', 'CM-TV', 'deepsea', 1200000, 200000, 'SSA Marine', 10.50, 107.02),
('P015', 'SP-PSA', 'SPPSA', 0, 'Nam', 'CM-TV', 'deepsea', 1100000, 160000, 'PSA-Saigon', 10.49, 107.01),
('P020', 'Lạch Huyện HIT', 'HIT', 0, 'Bắc', 'Hải Phòng', 'deepsea', 1100000, 140000, 'Hateco', 20.80, 106.88),
('P021', 'Lạch Huyện HICT', 'HICT', 0, 'Bắc', 'Hải Phòng', 'deepsea', 1100000, 160000, 'Hateco-Itochu', 20.80, 106.89),
('P022', 'Lạch Huyện TC-HICT', 'TCHICT', 0, 'Bắc', 'Hải Phòng', 'deepsea', 1100000, 160000, 'Tân Cảng SG', 20.81, 106.90),
('P023', 'VIP Green Port', 'VIPGP', 0, 'Bắc', 'Hải Phòng', 'river', 500000, 45000, 'VIP Group', 20.84, 106.78),
('P024', 'Nam Hải Đình Vũ', 'NHDV', 0, 'Bắc', 'Hải Phòng', 'river', 400000, 40000, 'VIMC', 20.83, 106.76),
('P025', 'Tân Cảng 128', 'TC128', 0, 'Bắc', 'Hải Phòng', 'river', 350000, 40000, 'Tân Cảng SG', 20.85, 106.74),
('P030', 'Cát Lái', 'CLI', 0, 'Nam', 'HCM', 'river', 4500000, 45000, 'Tân Cảng SG', 10.78, 106.78),
('P031', 'ICD Transimex', 'ICDTR', 0, 'Nam', 'HCM', 'ICD', 300000, 20000, 'Transimex', 10.83, 106.77),
('P032', 'ICD Sotrans', 'ICDST', 0, 'Nam', 'HCM', 'ICD', 280000, 20000, 'Sotrans', 10.83, 106.76);

INSERT INTO `shipping_lines` (`line_id`, `line_name`, `line_code`, `country`, `fleet_size_vessels`, `fleet_capacity_teu`, `global_rank`, `vietnam_presence_since`) VALUES
('L01', 'MSC', 'MSCU', 'Thụy Sĩ/Italy', 830, 6400000, 1, 1995),
('L02', 'Maersk', 'MAEU', 'Đan Mạch', 700, 4300000, 2, 1991),
('L03', 'CMA CGM', 'CMDU', 'Pháp', 620, 3800000, 3, 1996),
('L04', 'COSCO', 'COSU', 'Trung Quốc', 490, 3100000, 4, 1998),
('L05', 'Hapag-Lloyd', 'HLCU', 'Đức', 300, 2200000, 5, 2000),
('L06', 'ONE', 'ONEY', 'Nhật/Singapore', 220, 1900000, 6, 2018),
('L07', 'Evergreen', 'EGLV', 'Đài Loan', 215, 1800000, 7, 1997),
('L08', 'HMM', 'HDMU', 'Hàn Quốc', 80, 810000, 8, 1999),
('L09', 'Yang Ming', 'YMLU', 'Đài Loan', 90, 720000, 9, 2002),
('L10', 'ZIM', 'ZIMU', 'Israel', 145, 800000, 10, 2005),
('L11', 'Wan Hai', 'WHLC', 'Đài Loan', 150, 540000, 11, 1998),
('L12', 'SITC', 'SITC', 'Trung Quốc', 115, 200000, 12, 2003),
('L13', 'KMTC', 'KMTU', 'Hàn Quốc', 68, 150000, 13, 2001),
('L14', 'TS Lines', 'TSLL', 'Đài Loan', 50, 130000, 14, 2006),
('L15', 'PIL', 'PABV', 'Singapore', 95, 400000, 15, 1997),
('L16', 'OOCL', 'OOLU', 'Hong Kong', 110, 800000, 16, 1996),
('L17', 'RCL', 'RCLU', 'Thái Lan', 38, 65000, 17, 2004),
('L18', 'SM Line', 'SMLM', 'Hàn Quốc', 48, 90000, 18, 2017),
('L19', 'Interasia', 'IALS', 'Đài Loan', 30, 55000, 19, 2010),
('L20', 'CNC', 'CNCA', 'Pháp', 22, 45000, 20, 2008),
('L21', 'Dongjin', 'DJSM', 'Hàn Quốc', 16, 20000, 21, 2013),
('L22', 'Nam Sung', 'NSRU', 'Hàn Quốc', 15, 25000, 22, 2011),
('L23', 'MCC', 'MCCQ', 'Đan Mạch', 40, 100000, 23, 2005),
('L24', 'APL', 'APLU', 'Singapore', 60, 590000, 24, 1997),
('L25', 'Sinokor', 'SKLU', 'Hàn Quốc', 55, 90000, 25, 2002);

INSERT INTO `alliances` (`alliance_id`, `alliance_name`, `formed_date`, `dissolved_date`, `combined_teu`, `market_share_pct`, `trade_focus`, `status`) VALUES
('A01', '2M Alliance', '2015-01-01', '2025-01-31', 8700000, 34, 'Asia-Europe, TransPacific', 'dissolved'),
('A02', 'THE Alliance', '2017-04-01', '2025-01-31', 4900000, 19, 'Asia-Europe, TransPacific', 'dissolved'),
('A03', 'Ocean Alliance (pre-2025)', '2017-04-01', '2025-01-31', 7400000, 29, 'Asia-Europe, TransPacific', 'restructured'),
('A04', 'Gemini Cooperation', '2025-02-01', NULL, 3400000, 20, 'Asia-Europe, TransPacific — hub-and-spoke', 'active'),
('A05', 'Premier Alliance', '2025-02-01', NULL, 1900000, 12, 'Asia-Europe, TransPacific', 'active'),
('A06', 'Ocean Alliance', '2025-02-01', NULL, 7900000, 30, 'Asia-Europe, TransPacific (gia hạn 2032)', 'active'),
('A07', 'MSC Standalone', '2025-02-01', NULL, 6400000, 20, 'Global independent', 'active');

INSERT INTO `alliance_membership_history` (`membership_id`, `line_id`, `alliance_id`, `from_date`, `to_date`) VALUES
('M001', 'L02', 'A01', '2015-01-01', '2025-01-31'),
('M002', 'L01', 'A01', '2015-01-01', '2025-01-31'),
('M003', 'L05', 'A02', '2017-04-01', '2025-01-31'),
('M004', 'L06', 'A02', '2018-04-01', '2025-01-31'),
('M005', 'L09', 'A02', '2017-04-01', '2025-01-31'),
('M006', 'L08', 'A02', '2017-04-01', '2025-01-31'),
('M007', 'L03', 'A03', '2017-04-01', '2025-01-31'),
('M008', 'L04', 'A03', '2017-04-01', '2025-01-31'),
('M009', 'L07', 'A03', '2017-04-01', '2025-01-31'),
('M010', 'L16', 'A03', '2017-04-01', '2025-01-31'),
('M011', 'L02', 'A04', '2025-02-01', NULL),
('M012', 'L05', 'A04', '2025-02-01', NULL),
('M013', 'L06', 'A05', '2025-02-01', NULL),
('M014', 'L09', 'A05', '2025-02-01', NULL),
('M015', 'L08', 'A05', '2025-02-01', NULL),
('M016', 'L03', 'A06', '2025-02-01', NULL),
('M017', 'L04', 'A06', '2025-02-01', NULL),
('M018', 'L07', 'A06', '2025-02-01', NULL),
('M019', 'L16', 'A06', '2025-02-01', NULL),
('M020', 'L01', 'A07', '2025-02-01', NULL);

INSERT INTO `vessels` (`vessel_id`, `vessel_name`, `imo_number`, `flag`, `owner_line_id`, `dwt`, `teu_capacity`, `length_meters`, `year_built`, `vessel_type`) VALUES
('V001', 'MSC OSCAR', 9703291, 'Liberia', 'L01', 192672, 19224, 395, 2015, 'large'),
('V002', 'MSC GULSUN', 9839272, 'Liberia', 'L01', 225720, 23756, 400, 2019, 'mega'),
('V003', 'MSC ISABELLA', 9854494, 'Liberia', 'L01', 225000, 23656, 400, 2020, 'mega'),
('V004', 'MSC MIA', 9839260, 'Liberia', 'L01', 225000, 23756, 400, 2019, 'mega'),
('V005', 'MSC SAMAR', 9857769, 'Liberia', 'L01', 225000, 23656, 400, 2020, 'mega'),
('V006', 'MSC DANIELA', 9398290, 'Liberia', 'L01', 165500, 14000, 366, 2009, 'large'),
('V007', 'MSC NICOLA MASTRO', 9839284, 'Liberia', 'L01', 218960, 23362, 400, 2019, 'mega'),
('V008', 'MSC DITTE', 9839298, 'Liberia', 'L01', 218960, 23362, 400, 2019, 'mega'),
('V009', 'MSC SIXIN', 9857745, 'Liberia', 'L01', 225000, 23656, 400, 2020, 'mega'),
('V010', 'MSC LEANNE', 9857757, 'Liberia', 'L01', 225000, 23656, 400, 2020, 'mega'),
('V011', 'MSC REEF', 9615157, 'Liberia', 'L01', 140000, 13092, 366, 2013, 'large'),
('V012', 'MSC CLARA', 9461104, 'Liberia', 'L01', 110000, 10081, 300, 2011, 'large'),
('V013', 'MADRID MAERSK', 9778791, 'Đan Mạch', 'L02', 194153, 20568, 400, 2017, 'large'),
('V014', 'MUNICH MAERSK', 9778806, 'Đan Mạch', 'L02', 194153, 20568, 400, 2017, 'large'),
('V015', 'MOSCOW MAERSK', 9778818, 'Đan Mạch', 'L02', 194153, 20568, 400, 2017, 'large'),
('V016', 'MANCHESTER MAERSK', 9778820, 'Đan Mạch', 'L02', 194153, 20568, 400, 2017, 'large'),
('V017', 'MAASTRICHT MAERSK', 9778832, 'Đan Mạch', 'L02', 194153, 20568, 400, 2017, 'large'),
('V018', 'MATZ MAERSK', 9778844, 'Đan Mạch', 'L02', 194153, 20568, 400, 2017, 'large'),
('V019', 'MARSEILLE MAERSK', 9778856, 'Đan Mạch', 'L02', 194153, 20568, 400, 2017, 'large'),
('V020', 'MARIBO MAERSK', 9778868, 'Đan Mạch', 'L02', 194153, 20568, 400, 2017, 'large'),
('V021', 'EDITH MAERSK', 9321500, 'Đan Mạch', 'L02', 157000, 15500, 397, 2007, 'large'),
('V022', 'ELEONORA MAERSK', 9321512, 'Đan Mạch', 'L02', 157000, 15500, 397, 2007, 'large'),
('V023', 'MAERSK HORSBURGH', 9784740, 'Đan Mạch', 'L02', 85000, 8500, 300, 2017, 'medium'),
('V024', 'CMA CGM JACQUES SAADE', 9839002, 'Pháp', 'L03', 236583, 23112, 400, 2020, 'mega'),
('V025', 'CMA CGM CHAMPS ELYSEES', 9839014, 'Pháp', 'L03', 236583, 23112, 400, 2020, 'mega'),
('V026', 'CMA CGM PALAIS ROYAL', 9839026, 'Pháp', 'L03', 236583, 23112, 400, 2020, 'mega'),
('V027', 'CMA CGM MONTMARTRE', 9839038, 'Pháp', 'L03', 236583, 23112, 400, 2021, 'mega'),
('V028', 'CMA CGM LOUVRE', 9839040, 'Pháp', 'L03', 236583, 23112, 400, 2020, 'mega'),
('V029', 'CMA CGM MARCO POLO', 9454436, 'Pháp', 'L03', 187000, 16020, 396, 2012, 'large'),
('V030', 'CMA CGM BENJAMIN FRANKLIN', 9780456, 'Pháp', 'L03', 180000, 18000, 398, 2015, 'large'),
('V031', 'CMA CGM GEORG FORSTER', 9454412, 'Pháp', 'L03', 176000, 16020, 396, 2013, 'large'),
('V032', 'CMA CGM TAGE', 9465096, 'Pháp', 'L03', 150000, 14000, 366, 2012, 'large'),
('V033', 'CMA CGM COTE D IVOIRE', 9839052, 'Pháp', 'L03', 150000, 14812, 366, 2020, 'large'),
('V034', 'CMA CGM RIGEL', 9780466, 'Pháp', 'L03', 110000, 10500, 337, 2016, 'large'),
('V035', 'COSCO SHIPPING UNIVERSE', 9795580, 'Hong Kong', 'L04', 197500, 21237, 400, 2018, 'large'),
('V036', 'COSCO SHIPPING GALAXY', 9795592, 'Hong Kong', 'L04', 197500, 21237, 400, 2018, 'large'),
('V037', 'COSCO SHIPPING SOLAR', 9795607, 'Hong Kong', 'L04', 197500, 21237, 400, 2018, 'large'),
('V038', 'COSCO SHIPPING NEBULA', 9795619, 'Hong Kong', 'L04', 197500, 21237, 400, 2019, 'large'),
('V039', 'COSCO SHIPPING STAR', 9795621, 'Hong Kong', 'L04', 197500, 21237, 400, 2018, 'large'),
('V040', 'COSCO SHIPPING ARIES', 9783033, 'Hong Kong', 'L04', 183000, 20119, 400, 2018, 'large'),
('V041', 'COSCO SHIPPING VIRGO', 9783045, 'Hong Kong', 'L04', 183000, 20119, 400, 2018, 'large'),
('V042', 'COSCO SHIPPING DENALI', 9448411, 'Hong Kong', 'L04', 141000, 13386, 366, 2011, 'large'),
('V043', 'COSCO BEIJING', 9448423, 'Hong Kong', 'L04', 140000, 13092, 366, 2011, 'large'),
('V044', 'HAMBURG EXPRESS', 9501499, 'Đức', 'L05', 151600, 13169, 366, 2012, 'large'),
('V045', 'HONG KONG EXPRESS', 9501475, 'Đức', 'L05', 151600, 13169, 366, 2012, 'large'),
('V046', 'SHANGHAI EXPRESS', 9501487, 'Đức', 'L05', 151600, 13169, 366, 2012, 'large'),
('V047', 'BERLIN EXPRESS', 9811892, 'Đức', 'L05', 240000, 23660, 400, 2023, 'mega'),
('V048', 'TOKYO EXPRESS', 9812006, 'Đức', 'L05', 240000, 23660, 400, 2024, 'mega'),
('V049', 'SOFIA EXPRESS', 9811907, 'Đức', 'L05', 240000, 23660, 400, 2024, 'mega'),
('V050', 'OSAKA EXPRESS', 9501504, 'Đức', 'L05', 151600, 13169, 366, 2012, 'large'),
('V051', 'LEVERKUSEN EXPRESS', 9501516, 'Đức', 'L05', 151600, 13169, 366, 2013, 'large'),
('V052', 'ONE INNOVATION', 9806756, 'Singapore', 'L06', 192672, 20150, 400, 2019, 'large'),
('V053', 'ONE INSPIRATION', 9806768, 'Singapore', 'L06', 192672, 20150, 400, 2019, 'large'),
('V054', 'ONE INTEGRITY', 9806770, 'Singapore', 'L06', 192672, 20150, 400, 2019, 'large'),
('V055', 'ONE INTELLIGENCE', 9806782, 'Singapore', 'L06', 192672, 20150, 400, 2019, 'large'),
('V056', 'ONE STORK', 9741858, 'Singapore', 'L06', 150000, 14000, 366, 2018, 'large'),
('V057', 'ONE SWAN', 9741860, 'Singapore', 'L06', 150000, 14000, 366, 2018, 'large'),
('V058', 'ONE HAWK', 9312377, 'Singapore', 'L06', 98000, 8500, 323, 2006, 'medium'),
('V059', 'EVER ACE', 9893890, 'Panama', 'L07', 235579, 23992, 400, 2021, 'mega'),
('V060', 'EVER APEX', 9893905, 'Panama', 'L07', 235579, 23992, 400, 2022, 'mega'),
('V061', 'EVER ACME', 9893917, 'Panama', 'L07', 235579, 23992, 400, 2022, 'mega'),
('V062', 'EVER GIVEN', 9811000, 'Panama', 'L07', 199629, 20124, 400, 2018, 'large'),
('V063', 'EVER GOLDEN', 9811012, 'Panama', 'L07', 199629, 20124, 400, 2018, 'large'),
('V064', 'EVER GENIUS', 9811024, 'Panama', 'L07', 199629, 20124, 400, 2019, 'large'),
('V065', 'EVER LAUREL', 9605607, 'Panama', 'L07', 150000, 13808, 368, 2013, 'large'),
('V066', 'EVER LEADING', 9605619, 'Panama', 'L07', 150000, 13808, 368, 2013, 'large'),
('V067', 'HMM ALGECIRAS', 9863297, 'Hàn Quốc', 'L08', 232311, 23964, 400, 2020, 'mega'),
('V068', 'HMM OSLO', 9863302, 'Hàn Quốc', 'L08', 232311, 23964, 400, 2020, 'mega'),
('V069', 'HMM COPENHAGEN', 9863314, 'Hàn Quốc', 'L08', 232311, 23964, 400, 2020, 'mega'),
('V070', 'HMM HAMBURG', 9863326, 'Hàn Quốc', 'L08', 232311, 23964, 400, 2020, 'mega'),
('V071', 'HMM HONG KONG', 9863338, 'Hàn Quốc', 'L08', 150000, 11000, 300, 2020, 'large'),
('V072', 'YM WITNESS', 9708928, 'Đài Loan', 'L09', 150000, 14220, 368, 2015, 'large'),
('V073', 'YM WARMTH', 9708930, 'Đài Loan', 'L09', 150000, 14220, 368, 2015, 'large'),
('V074', 'YM WARRANTY', 9708942, 'Đài Loan', 'L09', 150000, 14220, 368, 2015, 'large'),
('V075', 'YM WONDROUS', 9708954, 'Đài Loan', 'L09', 150000, 14220, 368, 2016, 'large'),
('V076', 'YM MANDATE', 9318915, 'Đài Loan', 'L09', 90000, 8204, 335, 2007, 'medium'),
('V077', 'ZIM USA', 9924821, 'Israel', 'L10', 140000, 15000, 366, 2023, 'large'),
('V078', 'ZIM MONACO', 9924833, 'Israel', 'L10', 140000, 15000, 366, 2023, 'large'),
('V079', 'ZIM SAMMY OFER', 9924845, 'Israel', 'L10', 140000, 15000, 366, 2023, 'large'),
('V080', 'ZIM AMBER', 9346457, 'Israel', 'L10', 50000, 4250, 260, 2007, 'medium'),
('V081', 'ZIM CROWN', 9346469, 'Israel', 'L10', 50000, 4250, 260, 2008, 'medium'),
('V082', 'WAN HAI 805', 9849138, 'Đài Loan', 'L11', 130000, 13100, 335, 2023, 'large'),
('V083', 'WAN HAI 806', 9849140, 'Đài Loan', 'L11', 130000, 13100, 335, 2023, 'large'),
('V084', 'WAN HAI 511', 9345257, 'Đài Loan', 'L11', 40000, 4250, 262, 2007, 'feeder'),
('V085', 'WAN HAI 512', 9345269, 'Đài Loan', 'L11', 40000, 4250, 262, 2007, 'feeder'),
('V086', 'WAN HAI 313', 9345271, 'Đài Loan', 'L11', 30000, 2646, 215, 2006, 'feeder'),
('V087', 'SITC YOKKAICHI', 9823273, 'Panama', 'L12', 24000, 1800, 172, 2018, 'feeder'),
('V088', 'SITC HAKATA', 9823285, 'Panama', 'L12', 24000, 1800, 172, 2018, 'feeder'),
('V089', 'SITC INCHON', 9823297, 'Panama', 'L12', 24000, 1800, 172, 2018, 'feeder'),
('V090', 'SITC SHANGHAI', 9823302, 'Panama', 'L12', 24000, 1800, 172, 2019, 'feeder'),
('V091', 'KMTC SHANGHAI', 9631498, 'Hàn Quốc', 'L13', 22000, 1800, 170, 2013, 'feeder'),
('V092', 'KMTC JAKARTA', 9631503, 'Hàn Quốc', 'L13', 22000, 1800, 170, 2013, 'feeder'),
('V093', 'KMTC DELHI', 9631515, 'Hàn Quốc', 'L13', 25000, 2300, 200, 2014, 'feeder'),
('V094', 'TS TAIPEI', 9443241, 'Đài Loan', 'L14', 32000, 2800, 213, 2011, 'feeder'),
('V095', 'TS KAOHSIUNG', 9443253, 'Đài Loan', 'L14', 32000, 2800, 213, 2011, 'feeder'),
('V096', 'TS KEELUNG', 9443265, 'Đài Loan', 'L14', 25000, 2300, 200, 2010, 'feeder'),
('V097', 'KOTA PAHLAWAN', 9786891, 'Singapore', 'L15', 60000, 11900, 334, 2017, 'medium'),
('V098', 'KOTA PEKARANG', 9786906, 'Singapore', 'L15', 60000, 11900, 334, 2018, 'medium'),
('V099', 'KOTA LAGU', 9610262, 'Singapore', 'L15', 40000, 4300, 260, 2012, 'feeder'),
('V100', 'KOTA LAMBAI', 9610274, 'Singapore', 'L15', 40000, 4300, 260, 2012, 'feeder'),
('V101', 'OOCL HONG KONG', 9776171, 'Hong Kong', 'L16', 210890, 21413, 400, 2017, 'mega'),
('V102', 'OOCL GERMANY', 9776183, 'Hong Kong', 'L16', 210890, 21413, 400, 2017, 'mega'),
('V103', 'OOCL INDONESIA', 9776195, 'Hong Kong', 'L16', 210890, 21413, 400, 2018, 'mega'),
('V104', 'OOCL JAPAN', 9776200, 'Hong Kong', 'L16', 210890, 21413, 400, 2018, 'mega'),
('V105', 'OOCL SCANDINAVIA', 9776212, 'Hong Kong', 'L16', 210890, 21413, 400, 2018, 'mega'),
('V106', 'RCL HO CHI MINH', 9450181, 'Thái Lan', 'L17', 25000, 2500, 200, 2010, 'feeder'),
('V107', 'RCL BANGKOK', 9450193, 'Thái Lan', 'L17', 25000, 2500, 200, 2011, 'feeder'),
('V108', 'SM LONG BEACH', 9315602, 'Hàn Quốc', 'L18', 65000, 5100, 280, 2006, 'medium'),
('V109', 'SM SHANGHAI', 9315614, 'Hàn Quốc', 'L18', 65000, 5100, 280, 2007, 'medium'),
('V110', 'INTERASIA INSPIRATION', 9435890, 'Đài Loan', 'L19', 18000, 1700, 170, 2010, 'feeder'),
('V111', 'INTERASIA INTREPID', 9435905, 'Đài Loan', 'L19', 18000, 1700, 170, 2010, 'feeder'),
('V112', 'CNC MERCURY', 9460069, 'Pháp', 'L20', 18000, 1700, 170, 2011, 'feeder'),
('V113', 'CNC NEPTUNE', 9460071, 'Pháp', 'L20', 18000, 1700, 170, 2011, 'feeder'),
('V114', 'DONGJIN VOYAGER', 9283435, 'Hàn Quốc', 'L21', 12000, 1000, 140, 2005, 'feeder'),
('V115', 'DONGJIN VENUS', 9283447, 'Hàn Quốc', 'L21', 12000, 1000, 140, 2005, 'feeder'),
('V116', 'NAMSUNG ADMIRAL', 9293074, 'Hàn Quốc', 'L22', 15000, 1100, 147, 2005, 'feeder'),
('V117', 'NAMSUNG BRAVE', 9293086, 'Hàn Quốc', 'L22', 15000, 1100, 147, 2005, 'feeder'),
('V118', 'MCC YOKOHAMA', 9784685, 'Đan Mạch', 'L23', 28000, 2500, 200, 2017, 'feeder'),
('V119', 'MCC TOKYO', 9784697, 'Đan Mạch', 'L23', 28000, 2500, 200, 2017, 'feeder'),
('V120', 'APL SOUTHAMPTON', 9632129, 'Singapore', 'L24', 150000, 14000, 368, 2014, 'large'),
('V121', 'APL TEMASEK', 9632131, 'Singapore', 'L24', 150000, 14000, 368, 2014, 'large'),
('V122', 'APL VANDA', 9461506, 'Singapore', 'L24', 80000, 8000, 320, 2011, 'medium'),
('V123', 'SINOKOR HONG KONG', 9404211, 'Hàn Quốc', 'L25', 18000, 1700, 170, 2009, 'feeder'),
('V124', 'SINOKOR SHANGHAI', 9404223, 'Hàn Quốc', 'L25', 18000, 1700, 170, 2009, 'feeder');

INSERT INTO `services` (`service_id`, `service_name`, `operator_alliance_id`, `trade_lane`, `frequency_weekly`, `port_rotation`, `active_from`, `active_to`) VALUES
('S01', 'FE1 - Far East Europe 1', 'A06', 'Asia-Europe', 1, 'Ningbo-Shanghai-Yantian-Singapore-Gemalink-Port Klang-Suez-Rotterdam-Hamburg-Antwerp', '2023-01-01', NULL),
('S02', 'FE2 - Far East Europe 2', 'A06', 'Asia-Europe', 1, 'Qingdao-Ningbo-Shanghai-Yantian-Gemalink-Singapore-Jeddah-Piraeus-Genoa', '2023-04-01', NULL),
('S03', 'FE4 - Far East Europe 4', 'A06', 'Asia-Europe', 1, 'Shanghai-Ningbo-Nansha-Yantian-Gemalink-Singapore-Suez-Algeciras-Rotterdam', '2024-01-01', NULL),
('S04', 'Gemini AE1 - Asia Europe Shuttle', 'A04', 'Asia-Europe', 1, 'Shanghai-Ningbo-Xiamen-Yantian-Singapore-Tangier-Rotterdam-Bremerhaven', '2025-02-01', NULL),
('S05', 'Gemini AE2 - Asia Europe Direct', 'A04', 'Asia-Europe', 1, 'Qingdao-Ningbo-Shanghai-Yantian-Tanjung Pelepas-Algeciras-Rotterdam', '2025-02-01', NULL),
('S06', 'Premier AE3', 'A05', 'Asia-Europe', 1, 'Kaohsiung-Xiamen-Ningbo-Shanghai-Singapore-Port Klang-Colombo-Rotterdam', '2025-02-01', NULL),
('S07', 'EC1 - East Coast 1', 'A06', 'TransPacific', 1, 'Ningbo-Shanghai-Busan-Gemalink-Singapore-Colombo-Suez-New York-Savannah', '2023-01-01', NULL),
('S08', 'EC2 - East Coast 2', 'A06', 'TransPacific', 1, 'Yantian-Ningbo-Shanghai-Gemalink-Suez-Norfolk-New York-Charleston', '2024-01-01', NULL),
('S09', 'EC5 - TransPacific via Panama', 'A06', 'TransPacific', 1, 'Gemalink-Shekou-Yantian-Busan-Panama-Savannah-Charleston', '2024-06-01', NULL),
('S10', 'PN1 - Pacific North 1 (US West)', 'A07', 'TransPacific', 1, 'Ningbo-Shanghai-Busan-Los Angeles-Oakland', '2025-02-01', NULL),
('S11', 'Gemini TP8', 'A04', 'TransPacific', 1, 'Yantian-Ningbo-Shanghai-Los Angeles-Oakland', '2025-02-01', NULL),
('S12', 'Premier PS1', 'A05', 'TransPacific', 1, 'Kaohsiung-Xiamen-Hong Kong-Los Angeles-Long Beach', '2025-02-01', NULL),
('S13', 'Tropic 1 - Southeast Asia Loop', NULL, 'Intra-Asia', 2, 'Nam Đình Vũ-Hong Kong-Shekou-Singapore-Port Klang', '2022-01-01', NULL),
('S14', 'Tropic 2', NULL, 'Intra-Asia', 1, 'Nam Đình Vũ-Cát Lái-Gemalink-Singapore-Port Klang', '2023-01-01', NULL),
('S15', 'Korea Vietnam Express (KVX)', NULL, 'Intra-Asia', 1, 'Busan-Incheon-Nam Đình Vũ-Cát Lái', '2021-01-01', NULL),
('S16', 'Japan Vietnam Service (JVS)', NULL, 'Intra-Asia', 1, 'Tokyo-Kobe-Nam Đình Vũ-Cát Lái', '2021-01-01', NULL),
('S17', 'China Vietnam Shuttle 1', NULL, 'Intra-Asia', 2, 'Shekou-Xiamen-Nam Đình Vũ', '2021-01-01', NULL),
('S18', 'China Vietnam Shuttle 2', NULL, 'Intra-Asia', 2, 'Shanghai-Ningbo-Nam Đình Vũ-Cát Lái', '2020-01-01', NULL),
('S19', 'Taiwan Vietnam Express', NULL, 'Intra-Asia', 1, 'Kaohsiung-Keelung-Nam Đình Vũ-Cát Lái', '2020-01-01', NULL),
('S20', 'SITC China-Vietnam Direct', NULL, 'Intra-Asia', 2, 'Qingdao-Shanghai-Ningbo-Gemalink-Nam Đình Vũ', '2021-01-01', NULL),
('S21', 'Wan Hai AX1', NULL, 'Intra-Asia', 1, 'Kaohsiung-Hong Kong-Shekou-Cát Lái-Gemalink', '2022-01-01', NULL),
('S22', 'Intra-Asia Feeder NDV-GML', NULL, 'Intra-Asia', 2, 'Nam Đình Vũ-Cát Lái-Gemalink', '2020-01-01', NULL),
('S23', 'IMX - India Middle East Express', 'A06', 'Asia-Middle East', 1, 'Ningbo-Shanghai-Singapore-Gemalink-Colombo-Mundra-Jebel Ali', '2023-01-01', NULL),
('S24', 'Asia Gulf Express', 'A07', 'Asia-Middle East', 1, 'Shanghai-Yantian-Gemalink-Singapore-Jebel Ali-Dammam', '2025-02-01', NULL),
('S25', 'WC1 - West Coast 1', 'A04', 'Asia-Americas', 1, 'Shanghai-Ningbo-Gemalink-Busan-Los Angeles', '2025-02-01', NULL),
('S26', 'WC2 - Pacific Shuttle', 'A06', 'Asia-Americas', 1, 'Yantian-Ningbo-Gemalink-Los Angeles-Oakland', '2024-01-01', NULL),
('S27', 'AE10 - 2M Asia Europe (legacy)', 'A01', 'Asia-Europe', 1, 'Yantian-Ningbo-Singapore-Rotterdam-Hamburg', '2020-01-01', '2025-01-31'),
('S28', 'TP2 - THE Alliance TransPacific (legacy)', 'A02', 'TransPacific', 1, 'Yantian-Ningbo-Gemalink-Los Angeles', '2019-01-01', '2025-01-31'),
('S29', 'ZIM-MSC ZX2 TransPacific', 'A07', 'TransPacific', 1, 'Ningbo-Shanghai-Xiamen-Hong Kong-Yantian-Los Angeles', '2025-02-15', NULL),
('S30', 'NEMO Asia-Pacific', 'A06', 'Intra-Asia', 1, 'Shanghai-Xiamen-Hong Kong-Gemalink-Port Klang', '2024-03-01', NULL);

INSERT INTO `news_events` (`event_id`, `event_date`, `title_vi`, `title_en`, `summary_vi`, `source`, `category`, `sentiment`, `affected_lines`, `affected_ports`, `affected_regions`) VALUES
('N001', '2024-05-20', 'Maersk và Hapag-Lloyd công bố liên minh Gemini — kỷ nguyên 2M kết thúc', 'Maersk and Hapag-Lloyd announce Gemini Cooperation — 2M era ends', 'Maersk và Hapag-Lloyd công bố liên minh Gemini Cooperation có hiệu lực 2/2025. Dự kiến vận hành 290 tàu, 3.4M TEU theo mô hình hub-and-spoke, giảm port call lẻ tại cảng phụ.', 'Phaata', 'alliance', 'neutral', '["L02", "L05"]', '["P006"]', '["global"]'),
('N002', '2024-06-10', 'THE Alliance tái cấu trúc thành Premier Alliance', 'THE Alliance restructures into Premier Alliance', 'ONE, HMM, Yang Ming công bố lập Premier Alliance từ 2/2025 sau khi Hapag rời đi. Quy mô 240 tàu 1.9M TEU.', 'Alphaliner', 'alliance', 'neutral', '["L06", "L08", "L09"]', '[]', '["global"]'),
('N003', '2024-08-15', 'Ocean Alliance gia hạn hợp tác đến 2032', 'Ocean Alliance extends cooperation to 2032', 'CMA CGM, COSCO, Evergreen và OOCL gia hạn Ocean Alliance thêm 5 năm đến 2032 — lớn nhất toàn cầu ~6M TEU, 30% thị phần Asia-Europe.', 'Linerlytica', 'alliance', 'positive', '["L03", "L04", "L07", "L16"]', '["P006"]', '["global"]'),
('N004', '2024-09-05', 'MSC độc lập — kế hoạch mở rộng 5 triệu TEU', 'MSC goes independent — expands to 5M TEU', 'MSC xác nhận sẽ độc lập từ 2/2025, khai thác đội tàu 5M TEU (19.8% thị phần toàn cầu) không qua liên minh. Hãng đang tìm đối tác cảng Việt Nam.', 'Alphaliner', 'alliance', 'neutral', '["L01"]', '[]', '["global"]'),
('N005', '2024-11-12', 'Giá sàn bốc xếp sẽ tăng 10% cho cảng nước sâu từ 2/2026', 'Stevedoring price floor to rise 10% for deepsea ports from Feb 2026', 'Bộ Xây dựng đề xuất sửa đổi QĐ 810/QĐ-BGTVT, tăng 10% khung giá sàn cho cảng nước sâu áp dụng từ 1/2/2026 — hỗ trợ đầu tư cảng.', 'Cổng thông tin Bộ XD', 'regulation', 'positive', '[]', '["P006", "P014", "P015", "P021", "P022"]', '["VN"]'),
('N006', '2024-12-15', 'TCIT ký MOU với Gemini Cooperation làm hub miền Nam', 'TCIT signs MOU with Gemini as southern hub', 'Tân Cảng - Cái Mép Thị Vải (TCIT) ký Biên bản ghi nhớ với Gemini Cooperation, dự kiến là hub chính tại Việt Nam cho Maersk và Hapag-Lloyd từ 2/2025.', 'Phaata', 'route', 'negative', '["L02", "L05"]', '["P010", "P006"]', '["CM-TV"]'),
('N007', '2025-01-31', '2M Alliance chính thức giải thể', '2M Alliance officially dissolves', 'Sau 10 năm, liên minh 2M giữa Maersk và MSC chính thức giải thể. Hai hãng chọn chiến lược riêng.', 'Lloyd List', 'alliance', 'neutral', '["L01", "L02"]', '[]', '["global"]'),
('N008', '2025-02-01', 'Gemini Cooperation chính thức vận hành', 'Gemini Cooperation officially launches', 'Maersk và Hapag-Lloyd bắt đầu vận hành liên minh Gemini Cooperation theo mô hình hub-and-spoke. Các tuyến chính giảm số port call, tăng reliability.', 'Lloyd List', 'alliance', 'neutral', '["L02", "L05"]', '["P006", "P010"]', '["global"]'),
('N009', '2025-02-01', 'Premier Alliance khai trương', 'Premier Alliance starts operations', 'ONE, HMM, Yang Ming vận hành Premier Alliance từ hôm nay. 240 tàu phục vụ Asia-Europe và TransPacific.', 'Lloyd List', 'alliance', 'neutral', '["L06", "L08", "L09"]', '[]', '["global"]'),
('N010', '2025-02-01', 'Ocean Alliance bước vào chu kỳ mới', 'Ocean Alliance enters new cycle', 'CMA CGM, COSCO, Evergreen, OOCL chính thức khởi động Ocean Alliance gia hạn — cam kết đầu tư tuyến mới.', 'Alphaliner', 'alliance', 'positive', '["L03", "L04", "L07", "L16"]', '["P006"]', '["global"]'),
('N011', '2025-02-10', 'ZIM ký thoả thuận slot với MSC trên tuyến xuyên Thái Bình Dương', 'ZIM partners with MSC on TransPacific slots', 'ZIM và MSC công bố thoả thuận chia sẻ slot trên tuyến Asia-Americas. ZIM tăng hiện diện CM-TV để kết nối hub US West Coast.', 'Alphaliner', 'alliance', 'positive', '["L01", "L10"]', '["P010", "P013", "P006"]', '["CM-TV"]'),
('N012', '2025-02-18', 'Maersk xác nhận chuyển hub miền Nam Việt Nam sang TCIT', 'Maersk confirms shift of southern VN hub to TCIT', 'Trong briefing đầu tiên của Gemini tại VN, Maersk xác nhận Gemalink sẽ giảm call, TCIT thành hub chính.', 'Phaata', 'route', 'negative', '["L02"]', '["P006", "P010"]', '["CM-TV"]'),
('N013', '2025-03-05', 'Gemalink công suất mới: giai đoạn 2A vận hành thử', 'Gemalink Phase 2A begins trial operations', 'Gemalink bắt đầu chạy thử bến Phase 2A, nâng công suất từ 1.5M lên 2.0M TEU/năm.', 'Gemadept IR', 'competitor', 'positive', '[]', '["P006"]', '["CM-TV"]'),
('N014', '2025-04-15', 'Nam Đình Vũ GĐ3 khánh thành', 'Nam Dinh Vu Phase 3 inaugurated', 'Cụm Nam Đình Vũ khánh thành GĐ3 — công suất cảng cộng dồn đạt 2M TEU/năm, lớn nhất miền Bắc về cảng sông.', 'Gemadept IR', 'competitor', 'positive', '[]', '["P001", "P007"]', '["Hải Phòng"]'),
('N015', '2025-05-20', 'CMA CGM mở dịch vụ NEMO kết nối Việt Nam-Nam Á-Úc', 'CMA CGM launches NEMO service Vietnam-South Asia-Australia', 'CMA CGM công bố tuyến NEMO mới, ghé Gemalink 1 lần/tuần, phục vụ hàng xuất Úc và Nam Á.', 'Phaata', 'route', 'positive', '["L03"]', '["P006"]', '["CM-TV"]'),
('N016', '2025-06-10', 'Wan Hai mở tuyến AX1 ghé Cái Mép', 'Wan Hai launches AX1 calling Cai Mep', 'Wan Hai Lines mở tuyến AX1 mới, tăng tần suất ghé CM-TV từ 3 lên 5 chuyến/tháng, dùng cả TCIT và Gemalink.', 'Linerlytica', 'route', 'positive', '["L11"]', '["P010", "P006"]', '["CM-TV"]'),
('N017', '2025-07-03', 'Mỹ công bố thuế mới với hàng xuất khẩu Việt Nam', 'US announces new tariffs on Vietnamese imports', 'Chính phủ Mỹ công bố điều chỉnh thuế quan đối với một số mặt hàng Việt Nam. Các doanh nghiệp dệt may, điện tử lo ngại ảnh hưởng.', 'Vietstock', 'tariff', 'negative', '[]', '[]', '["US-VN"]'),
('N018', '2025-07-22', 'ZIM tăng cường hiện diện tại Cát Mép với 6 call/tháng', 'ZIM ramps CM-TV presence to 6 calls/month', 'Sau thoả thuận slot với MSC, ZIM đẩy mạnh ghé TCIT và CMIT, 6 chuyến/tháng. Chưa có kế hoạch ghé Gemalink.', 'Phaata', 'competitor', 'neutral', '["L10"]', '["P010", "P013"]', '["CM-TV"]'),
('N019', '2025-08-15', 'HMM tăng tuyến Asia-Europe qua CM-TV', 'HMM increases Asia-Europe via CM-TV', 'HMM công bố tăng 2 tuyến Asia-Europe mới qua TCIT, mục tiêu tăng sản lượng VN 30% năm 2025.', 'Phaata', 'route', 'positive', '["L08"]', '["P010", "P006"]', '["CM-TV"]'),
('N020', '2025-09-02', 'Bão số 3 đổ bộ miền Trung — Dung Quất đóng 36h', 'Typhoon #3 hits Central VN — Dung Quat closed 36h', 'Bão số 3 gây ảnh hưởng cảng Dung Quất và Quy Nhơn. Dung Quất tạm đóng cửa 36 giờ, hoạt động trở lại bình thường 5/9.', 'CafeF', 'weather', 'negative', '[]', '["P003"]', '["Miền Trung"]'),
('N021', '2025-10-01', 'Gemadept công bố Q3/2025 doanh thu tăng 28% YoY', 'Gemadept Q3 2025 revenue +28% YoY', 'Doanh thu Q3/2025 đạt 1,580 tỷ đồng, tăng 28% YoY nhờ Gemalink full công suất.', 'Vietstock', 'competitor', 'positive', '[]', '["P006"]', '["CM-TV"]'),
('N022', '2025-10-15', 'Nam Đình Vũ GĐ3 vận hành thương mại đầy đủ', 'Nam Dinh Vu Phase 3 fully operational', 'GĐ3 Nam Đình Vũ bàn giao cần trục STS và RTG, bắt đầu vận hành thương mại 10/2025 sau thử nghiệm 6 tháng.', 'Gemadept IR', 'competitor', 'positive', '[]', '["P001", "P007"]', '["Hải Phòng"]'),
('N023', '2025-11-20', 'Maersk giảm call tại Gemalink — chuyển hub về TCIT theo mô hình Gemini', 'Maersk reduces Gemalink calls — shifts hub to TCIT under Gemini model', 'Dữ liệu cảng vụ cho thấy Maersk đã giảm port call tại Gemalink 25% so với Q1/2025, đồng thời tăng tương ứng tại TCIT. Đây là bước đi phù hợp mô hình Gemini hub-and-spoke.', 'Phaata', 'competitor', 'negative', '["L02"]', '["P006", "P010"]', '["CM-TV"]'),
('N024', '2025-12-05', 'OOCL mở thêm tuyến Asia-Europe qua Gemalink', 'OOCL adds Asia-Europe service via Gemalink', 'OOCL (Ocean Alliance) mở tuyến FE4 mới, ghé Gemalink hàng tuần, mức tăng 1 call/tuần cho Gemalink.', 'Phaata', 'route', 'positive', '["L16"]', '["P006"]', '["CM-TV"]'),
('N025', '2025-12-20', 'TCIT hoàn thành mở rộng bến C4, đón tàu 200k DWT', 'TCIT completes berth C4 expansion — 200k DWT ready', 'TCIT hoàn thành bến C4 dài 400m, chính thức đón tàu mega 200k DWT. Cạnh tranh trực tiếp với Gemalink.', 'Phaata', 'competitor', 'negative', '[]', '["P010", "P006"]', '["CM-TV"]'),
('N026', '2026-01-08', 'Gemini vận hành ổn định — Maersk tiếp tục giảm Gemalink', 'Gemini stabilizes — Maersk further reduces Gemalink', 'Sau 1 năm vận hành Gemini Cooperation, Maersk chính thức rút 3 tuyến ra khỏi Gemalink, chuyển toàn bộ về TCIT. Sản lượng Maersk tại Gemalink giảm mạnh từ Q1/2026.', 'Lloyd List', 'competitor', 'negative', '["L02"]', '["P006", "P010"]', '["CM-TV"]'),
('N027', '2026-01-20', 'ZIM-MSC mở tuyến ZX2 TransPacific qua CMIT', 'ZIM-MSC launches ZX2 TransPacific via CMIT', 'Liên minh slot ZIM-MSC chính thức vận hành tuyến ZX2 qua CMIT, 1 chuyến/tuần sang Los Angeles. Gemalink không có trong rotation.', 'Linerlytica', 'route', 'positive', '["L01", "L10"]', '["P013"]', '["CM-TV"]'),
('N028', '2026-02-01', 'Khung giá sàn bốc xếp cảng nước sâu tăng 10%', 'Deepsea stevedoring price floor raised 10%', 'Quyết định 810/QĐ-BGTVT sửa đổi có hiệu lực 1/2/2026 — tăng 10% giá sàn cho cảng nước sâu (Gemalink, CMIT, SSIT, HICT, TC-HICT). Cảng sông không thay đổi.', 'Cổng thông tin Bộ XD', 'regulation', 'positive', '[]', '["P006", "P013", "P014", "P015", "P021", "P022"]', '["VN"]'),
('N029', '2026-02-15', 'Hapag-Lloyd tăng call Gemalink theo Gemini', 'Hapag-Lloyd increases Gemalink calls under Gemini', 'Dù Maersk giảm, Hapag-Lloyd lại tăng call Gemalink lên 6/tháng — cân bằng phần nào mất mát từ Maersk. Gemadept đang tích cực tiếp cận Hapag.', 'Phaata', 'competitor', 'positive', '["L05"]', '["P006"]', '["CM-TV"]'),
('N030', '2026-03-02', 'Mỹ đe doạ thuế 25% hàng Việt Nam từ Q2/2026', 'US threatens 25% tariff on VN goods from Q2 2026', 'Chính quyền Mỹ công bố sẽ áp thuế bổ sung 25% lên một số mặt hàng Việt Nam từ Q2/2026 nếu không đạt được thoả thuận thương mại. Hàng điện tử, dệt may, gỗ đứng trước rủi ro.', 'Vietstock', 'tariff', 'negative', '[]', '[]', '["US-VN"]'),
('N031', '2018-07-06', 'Trump áp thuế 25% lên 34 tỷ USD hàng Trung Quốc — bắt đầu thương chiến', 'Trump imposes 25% tariff on $34B Chinese goods — trade war starts', 'Chính quyền Trump áp thuế 25% lên 34 tỷ USD hàng Trung Quốc, mở đầu thương chiến Mỹ-Trung. Dòng hàng dịch chuyển sang VN bắt đầu từ đây.', 'Reuters', 'tariff', 'neutral', '[]', '[]', '["US-China"]'),
('N032', '2019-05-10', 'Trump tăng thuế lên 25% với 200 tỷ USD hàng Trung Quốc', 'Trump raises tariff to 25% on $200B Chinese goods', 'Leo thang thương chiến, thuế tăng lên 25% với 200 tỷ USD hàng TQ — VN hưởng lợi dòng hàng dịch chuyển.', 'Reuters', 'tariff', 'positive', '[]', '[]', '["US-China"]'),
('N033', '2024-12-08', 'Sương mù dày đặc Hải Phòng — nhiều tàu chờ luồng', 'Dense fog in Hai Phong — vessels wait channel', 'Sương mù giảm tầm nhìn tại luồng Lạch Huyện, nhiều tàu chờ cập bến. Nam Đình Vũ ảnh hưởng nhẹ.', 'CafeF', 'weather', 'negative', '[]', '["P001", "P020", "P021"]', '["Hải Phòng"]'),
('N034', '2025-01-28', 'Sương mù Hải Phòng — chậm trễ 1-2 ngày', 'Hai Phong fog — 1-2 day delays', 'Đợt sương mù thứ 2 mùa đông gây chậm cập tàu tại Hải Phòng 1-2 ngày. Không ảnh hưởng đáng kể sản lượng.', 'CafeF', 'weather', 'negative', '[]', '["P001", "P007", "P020", "P021", "P025"]', '["Hải Phòng"]'),
('N035', '2026-02-10', 'Sương mù mùa đông Hải Phòng nặng — ảnh hưởng lịch tàu', 'Dense winter fog in Hai Phong affects vessel schedules', 'Sương mù dày đặc miền Bắc giai đoạn trước Tết gây chậm cập tàu đồng loạt các cảng Hải Phòng 2-3 ngày.', 'CafeF', 'weather', 'negative', '[]', '["P001", "P007", "P020", "P021"]', '["Hải Phòng"]'),
('N036', '2025-05-02', 'Alphaliner: Gemini có thể tái cấu trúc năm 2', 'Alphaliner: Gemini may restructure year 2', 'Alphaliner dự báo Gemini Cooperation có thể cần tái cấu trúc năm thứ 2 nếu các tuyến Asia-Europe không đạt target reliability 90%.', 'Alphaliner', 'alliance', 'neutral', '["L02", "L05"]', '[]', '["global"]'),
('N037', '2025-08-28', 'COSCO mở rộng tuyến Ấn Độ qua Gemalink', 'COSCO expands India routes via Gemalink', 'COSCO mở rộng tuyến IMX Asia-Ấn Độ, tăng tần suất ghé Gemalink lên 2 chuyến/tuần.', 'Phaata', 'route', 'positive', '["L04"]', '["P006"]', '["CM-TV"]'),
('N038', '2025-09-20', 'Evergreen đầu tư terminal mới tại CM-TV', 'Evergreen invests new CM-TV terminal', 'Evergreen công bố ký kết đầu tư vào dự án cảng mới khu vực Cái Mép, công suất 2M TEU/năm, dự kiến 2028.', 'Vietstock', 'competitor', 'neutral', '["L07"]', '[]', '["CM-TV"]'),
('N039', '2024-04-25', 'SITC mở rộng đội tàu 24 chiếc mới', 'SITC expands fleet with 24 new vessels', 'SITC công bố đầu tư 24 tàu feeder 1,800 TEU mới, ưu tiên tuyến Việt Nam - Hàn - Nhật - TQ.', 'Linerlytica', 'competitor', 'positive', '["L12"]', '[]', '["Intra-Asia"]'),
('N040', '2024-07-08', 'Phí cảng biển TP.HCM đề xuất tăng', 'HCMC port fees proposed to rise', 'UBND TP.HCM đề xuất tăng phí hạ tầng cảng biển 30% từ 2025, áp dụng cho Cát Lái và các ICD.', 'CafeF', 'regulation', 'negative', '[]', '["P030", "P031", "P032", "P004"]', '["HCM"]'),
('N041', '2024-10-18', 'CMA CGM và Gemadept gia hạn thoả thuận liên doanh Gemalink', 'CMA CGM and Gemadept extend Gemalink JV', 'CMA Terminals (CMA CGM) và Gemadept chính thức gia hạn hợp tác liên doanh Gemalink thêm 25 năm, cam kết tăng vốn cho GĐ2.', 'Gemadept IR', 'route', 'positive', '["L03"]', '["P006"]', '["CM-TV"]'),
('N042', '2025-06-25', 'Hapag-Lloyd cân nhắc làm thêm call Gemalink', 'Hapag-Lloyd considers additional Gemalink call', 'Briefing Q2: Hapag-Lloyd cân nhắc bổ sung 1 call/tuần tại Gemalink trong khuôn khổ Gemini để bù đắp giảm call do hub chính chuyển sang TCIT.', 'Phaata', 'route', 'positive', '["L05"]', '["P006"]', '["CM-TV"]'),
('N043', '2025-11-04', 'TCIT vượt Gemalink về số call hãng lớn Q3/2025', 'TCIT surpasses Gemalink in major line calls Q3 2025', 'Theo dữ liệu cảng vụ Vũng Tàu, TCIT đón nhiều port call của top-10 hãng tàu hơn Gemalink lần đầu tiên Q3/2025.', 'Phaata', 'competitor', 'negative', '[]', '["P006", "P010"]', '["CM-TV"]'),
('N044', '2024-08-22', 'Cát Lái đạt kỷ lục 5.8M TEU năm 2024 (ước tính)', 'Cat Lai estimated 5.8M TEU record 2024', 'Cát Lái (Tân Cảng SG) ước thông qua 5.8M TEU năm 2024, tiếp tục là cảng container lớn nhất VN.', 'Vietstock', 'competitor', 'neutral', '[]', '["P030"]', '["HCM"]'),
('N045', '2024-09-28', 'MSC tìm đối tác cảng VN sau tan rã 2M', 'MSC seeks VN port partner post-2M', 'MSC phát tín hiệu tìm đối tác cảng chiến lược tại VN để chuẩn bị standalone 2/2025. Gemalink, CMIT, SSIT đều trong radar.', 'Alphaliner', 'alliance', 'neutral', '["L01"]', '["P006", "P013", "P014"]', '["CM-TV"]'),
('N046', '2025-03-20', 'MSC tăng 3 call/tháng tại Gemalink', 'MSC adds 3 calls/month at Gemalink', 'MSC chính thức tăng tần suất call Gemalink từ 3 lên 6/tháng bắt đầu 3/2025, trong chiến lược standalone.', 'Phaata', 'route', 'positive', '["L01"]', '["P006"]', '["CM-TV"]'),
('N047', '2024-05-30', 'Hãng tàu cân nhắc hub lại tại CM-TV', 'Lines re-considering CM-TV hub strategy', 'Linerlytica: Nhiều hãng tàu đang đánh giá lại chiến lược hub tại CM-TV trước thềm tái cấu trúc liên minh 2/2025.', 'Linerlytica', 'alliance', 'neutral', '[]', '["P006", "P010", "P013", "P014"]', '["CM-TV"]'),
('N048', '2025-04-05', 'Gemadept đặt target 2026 thị phần 18%', 'Gemadept targets 18% market share 2026', 'Trong AGM, Chủ tịch Gemadept đặt target thị phần container 18% năm 2026, chủ yếu nhờ Gemalink GĐ2A và NDV GĐ3.', 'Gemadept IR', 'competitor', 'positive', '[]', '[]', '["VN"]'),
('N049', '2026-03-15', 'Gemini Cooperation có thể rút thêm tuyến CM-TV', 'Gemini may pull more CM-TV routes', 'Briefing Lloyd List: Gemini Cooperation đánh giá hiệu quả năm 1, có thể rút thêm 1-2 tuyến CM-TV trong Q2/2026 để tối ưu hub-spoke.', 'Lloyd List', 'alliance', 'negative', '["L02", "L05"]', '["P006", "P010"]', '["CM-TV"]'),
('N050', '2024-06-30', 'ZIM công bố liên minh xuyên Thái Bình Dương mới', 'ZIM announces new TransPacific alliance', 'ZIM có kế hoạch mở rộng tuyến TransPacific thông qua liên minh slot mới với MSC, bắt đầu 2/2025. VN là điểm trọng tâm.', 'Alphaliner', 'alliance', 'neutral', '["L01", "L10"]', '[]', '["global"]'),
('N051', '2025-07-18', 'Chiến tranh Trung Đông — tuyến Biển Đỏ tiếp tục tránh Suez', 'Middle East conflict — Red Sea diversions continue', 'Các hãng tiếp tục vòng qua Mũi Hảo Vọng, thời gian Asia-Europe kéo dài 14 ngày. Tăng nhu cầu công suất.', 'Lloyd List', 'route', 'neutral', '[]', '[]', '["global"]'),
('N052', '2024-11-28', 'HICT Lạch Huyện tăng thị phần Hải Phòng', 'HICT Lach Huyen gains Hai Phong market share', 'HICT (Lạch Huyện Hateco-Itochu) tăng thị phần cont Hải Phòng từ 25% lên 32% trong 9T/2024 nhờ đón tàu mẹ Asia-US West Coast.', 'Phaata', 'competitor', 'negative', '[]', '["P021", "P001"]', '["Hải Phòng"]'),
('N053', '2025-04-22', 'Cảng VN qua mốc 16 triệu TEU 6T/2025 — tăng 13% YoY', 'VN ports cross 16M TEU H1 2025 — +13% YoY', 'Tổng sản lượng container qua các cảng VN đạt 16.3M TEU trong 6T/2025, tăng 13% YoY, dẫn dắt bởi cụm CM-TV và Hải Phòng.', 'Vietstock', 'competitor', 'positive', '[]', '[]', '["VN"]'),
('N054', '2025-12-12', 'CMIT mở rộng thêm 2 tuyến TransPacific cho ZIM-MSC', 'CMIT adds 2 more TransPacific routes for ZIM-MSC', 'CMIT công bố ký bổ sung 2 tuyến TransPacific tuần cho liên minh ZIM-MSC từ 1/2026 — củng cố vị thế hub xuyên TBD.', 'Phaata', 'competitor', 'negative', '["L01", "L10"]', '["P013"]', '["CM-TV"]'),
('N055', '2024-04-15', 'Khối lượng XK Mỹ năm 2024 dự báo +8%', 'US export volume forecast +8% for 2024', 'Linerlytica dự báo khối lượng XK VN-Mỹ tăng 8% năm 2024 — TransPacific tiếp tục là tuyến tăng trưởng nhanh nhất.', 'Linerlytica', 'route', 'positive', '[]', '[]', '["US-VN"]'),
('N056', '2025-10-25', 'Premier Alliance đánh giá hub VN tại CM-TV', 'Premier Alliance evaluates VN hub at CM-TV', 'Briefing nội bộ ONE: Premier Alliance đánh giá lập hub VN, ưu tiên TCIT và CMIT, có thể giảm Gemalink trừ khi giá ưu đãi.', 'Linerlytica', 'alliance', 'negative', '["L06", "L08", "L09"]', '["P006", "P010", "P013"]', '["CM-TV"]'),
('N057', '2026-03-25', 'Hapag-Lloyd ký thoả thuận khung dài hạn với Gemalink', 'Hapag-Lloyd signs long-term framework with Gemalink', 'Trong khuôn khổ Gemini, Hapag-Lloyd ký framework deal 3 năm với Gemalink, cam kết tối thiểu 5 call/tháng, ưu đãi giá xếp dỡ.', 'Phaata', 'route', 'positive', '["L05"]', '["P006"]', '["CM-TV"]'),
('N058', '2025-08-05', 'Bộ XD: Khung giá sàn cảng nước sâu được duyệt', 'MOC: Deepsea price floor approved', 'Bộ Xây dựng chính thức ban hành Quyết định sửa đổi 810/QĐ-BGTVT — tăng 10% giá sàn cảng nước sâu hiệu lực 1/2/2026.', 'Cổng thông tin Bộ XD', 'regulation', 'positive', '[]', '["P006", "P013", "P014", "P015", "P021", "P022"]', '["VN"]'),
('N059', '2024-04-10', 'Maersk báo Q1/2024 lợi nhuận giảm', 'Maersk Q1 2024 profit down', 'Maersk báo Q1/2024 lợi nhuận giảm sâu do giá cước phục hồi chậm, dự báo phải tái cấu trúc network tiếp theo.', 'Lloyd List', 'competitor', 'negative', '["L02"]', '[]', '["global"]');

INSERT INTO `customers_shippers` (`customer_id`, `customer_name`, `industry`, `primary_region`) VALUES
('C01', 'Samsung Electronics Vietnam', 'Electronics', 'Bắc'),
('C02', 'LG Electronics Vietnam', 'Electronics', 'Bắc'),
('C03', 'Foxconn Vietnam', 'Electronics', 'Bắc'),
('C04', 'Pegatron Vietnam', 'Electronics', 'Bắc'),
('C05', 'Canon Vietnam', 'Electronics', 'Bắc'),
('C06', 'Intel Vietnam', 'Semiconductor', 'Nam'),
('C07', 'Nike Vietnam', 'Apparel', 'Nam'),
('C08', 'Adidas Vietnam', 'Apparel', 'Nam'),
('C09', 'Puma Vietnam', 'Apparel', 'Nam'),
('C10', 'Uniqlo Vietnam', 'Apparel', 'Nam'),
('C11', 'H&M Vietnam', 'Apparel', 'Nam'),
('C12', 'Vinamilk', 'Dairy', 'Nam'),
('C13', 'Masan Group', 'Consumer', 'Nam'),
('C14', 'Trung Nguyên Legend', 'Coffee', 'Nam'),
('C15', 'TCM Dệt May Thành Công', 'Textile', 'Nam'),
('C16', 'Garmex Sài Gòn', 'Textile', 'Nam'),
('C17', 'Vinatex', 'Textile', 'Nam'),
('C18', 'Saigon Paper', 'Paper', 'Nam'),
('C19', 'Hòa Phát Steel', 'Steel', 'Bắc'),
('C20', 'Pomina Steel', 'Steel', 'Nam'),
('C21', 'Trường Thành Wood', 'Furniture', 'Nam'),
('C22', 'AA Corporation', 'Furniture', 'Nam'),
('C23', 'Minh Phú Seafood', 'Seafood', 'Nam'),
('C24', 'Vĩnh Hoàn Seafood', 'Seafood', 'Nam'),
('C25', 'Hùng Vương Seafood', 'Seafood', 'Nam'),
('C26', 'Lộc Trời Rice', 'Rice', 'Nam'),
('C27', 'Vinacafe Biên Hòa', 'Coffee', 'Nam'),
('C28', 'Phúc Sinh Coffee', 'Coffee', 'Nam'),
('C29', 'Intimex Group', 'Agricultural', 'Nam'),
('C30', 'Olam Vietnam', 'Agricultural', 'Nam'),
('C31', 'Cargill Vietnam', 'Feed', 'Nam'),
('C32', 'CP Vietnam', 'Feed', 'Nam'),
('C33', 'Mitsubishi Motors Vietnam', 'Automotive', 'Bắc'),
('C34', 'Toyota Vietnam', 'Automotive', 'Bắc'),
('C35', 'VinFast', 'Automotive', 'Bắc'),
('C36', 'Nestlé Vietnam', 'Consumer', 'Nam'),
('C37', 'Unilever Vietnam', 'Consumer', 'Nam'),
('C38', 'PepsiCo Vietnam', 'Consumer', 'Nam'),
('C39', 'Coca-Cola Vietnam', 'Consumer', 'Nam'),
('C40', 'Panasonic Vietnam', 'Electronics', 'Bắc'),
('C41', 'Schaeffler Vietnam', 'Machinery', 'Nam'),
('C42', 'Bosch Vietnam', 'Machinery', 'Nam'),
('C43', 'Hoya Lens Vietnam', 'Optics', 'Bắc'),
('C44', 'Nitori Vietnam', 'Furniture', 'Nam'),
('C45', 'Casey International', 'Forwarder', 'Nam');

