-- ============================================================
-- evncpc_demo — Master Data (Dimension Tables)
-- ============================================================

USE `evncpc_demo`;

SET NAMES utf8mb4;
SET FOREIGN_KEY_CHECKS = 0;

-- ----------------------------------------
-- Table: power_companies
-- ----------------------------------------

INSERT INTO `power_companies` (`pc_id`, `pc_name`, `pc_short_name`, `provinces_covered`, `headquarters_city`, `num_employees`, `num_customers`, `total_line_length_km`, `num_substations_110kv`, `num_distribution_substations`, `is_joint_stock`, `established_date`, `notes`) VALUES
('PC01', 'Công ty Điện lực Quảng Trị', 'PC Quảng Trị', 'Quảng Bình, Quảng Trị', 'Đông Hà', 1800, 620000, 8500.0, 18, 3800, 0, '2025-07-01', 'Sáp nhập PC Quảng Bình và PC Quảng Trị. Vùng rủi ro bão cao nhất'),
('PC02', 'Công ty Điện lực Huế', 'PC Huế', 'Thừa Thiên Huế', 'Huế', 1200, 480000, 5200.0, 14, 2900, 0, '2025-07-01', 'Giữ nguyên. Di sản văn hóa, du lịch'),
('PC03', 'Công ty Điện lực Đà Nẵng', 'PC Đà Nẵng', 'Đà Nẵng, Quảng Nam', 'Đà Nẵng', 2400, 1050000, 12500.0, 32, 6200, 0, '2025-07-01', 'Sáp nhập, lớn nhất. Đô thị hóa cao, DMS tốt, restoration nhanh'),
('PC04', 'Công ty Điện lực Quảng Ngãi', 'PC Quảng Ngãi', 'Quảng Ngãi, Kon Tum', 'Quảng Ngãi', 1400, 520000, 7800.0, 16, 3500, 0, '2025-07-01', 'Sáp nhập. Kon Tum vùng núi, lưới dài, khó vận hành'),
('PC05', 'Công ty Điện lực Gia Lai', 'PC Gia Lai', 'Gia Lai, Bình Định', 'Pleiku', 1800, 680000, 9200.0, 22, 4500, 0, '2025-07-01', 'Sáp nhập. TRỌNG TÂM ANOMALY: tổn thất cao do MBA cũ vùng Bình Định'),
('PC06', 'Công ty Điện lực Đắk Lắk', 'PC Đắk Lắk', 'Đắk Lắk, Phú Yên', 'Buôn Ma Thuột', 1500, 580000, 8100.0, 18, 3800, 0, '2025-07-01', 'Sáp nhập. Tây Nguyên, SAIDI anomaly tăng 18% YoY'),
('PC07', 'Công ty Điện lực Khánh Hòa', 'PC Khánh Hòa', 'Khánh Hòa, Ninh Thuận', 'Nha Trang', 1200, 520000, 6800.0, 16, 3200, 0, '2025-07-01', 'Tiếp nhận Ninh Thuận từ EVNSPC. Du lịch biển + điện mặt trời'),
('PC08', 'Công ty Cổ phần Điện lực Khánh Hòa', 'CP ĐL Khánh Hòa', 'Khánh Hòa (Nha Trang TP)', 'Nha Trang', 600, 350000, 2800.0, 8, 1800, 1, '2025-07-01', 'Công ty cổ phần, giữ nguyên. Chỉ quản lý đô thị Nha Trang');

-- ----------------------------------------
-- Table: provinces
-- ----------------------------------------

INSERT INTO `provinces` (`province_id`, `province_name`, `pc_id`, `region`, `area_km2`, `population`, `num_districts`, `terrain_type`, `storm_risk_level`) VALUES
('P01', 'Quảng Bình', 'PC01', 'Duyên hải', 8065.3, 910000, 8, 'Hỗn hợp', 'Cao'),
('P02', 'Quảng Trị', 'PC01', 'Duyên hải', 4739.8, 640000, 10, 'Hỗn hợp', 'Cao'),
('P03', 'Thừa Thiên Huế', 'PC02', 'Duyên hải', 5033.2, 1130000, 9, 'Hỗn hợp', 'Cao'),
('P04', 'Đà Nẵng', 'PC03', 'Duyên hải', 1285.4, 1220000, 8, 'Ven biển', 'Cao'),
('P05', 'Quảng Nam', 'PC03', 'Duyên hải', 10574.7, 1500000, 18, 'Hỗn hợp', 'Cao'),
('P06', 'Quảng Ngãi', 'PC04', 'Duyên hải', 5153.6, 1230000, 14, 'Hỗn hợp', 'Cao'),
('P07', 'Kon Tum', 'PC04', 'Tây Nguyên', 9689.6, 580000, 10, 'Đồi núi', 'Thấp'),
('P08', 'Gia Lai', 'PC05', 'Tây Nguyên', 15536.9, 1530000, 17, 'Đồi núi', 'Thấp'),
('P09', 'Bình Định', 'PC05', 'Duyên hải', 6025.6, 1490000, 11, 'Hỗn hợp', 'Trung bình'),
('P10', 'Đắk Lắk', 'PC06', 'Tây Nguyên', 13125.4, 1920000, 15, 'Đồi núi', 'Thấp'),
('P11', 'Phú Yên', 'PC06', 'Duyên hải', 5060.6, 870000, 9, 'Hỗn hợp', 'Trung bình'),
('P12', 'Khánh Hòa', 'PC07', 'Duyên hải', 5137.8, 1250000, 9, 'Ven biển', 'Trung bình'),
('P13', 'Ninh Thuận', 'PC07', 'Duyên hải', 3358.3, 590000, 7, 'Ven biển', 'Trung bình');

-- ----------------------------------------
-- Table: districts
-- ----------------------------------------

INSERT INTO `districts` (`district_id`, `district_name`, `province_id`, `pc_id`, `district_type`, `area_km2`, `num_customers`, `is_urban`) VALUES
('D0101', 'TP Đồng Hới', 'P01', 'PC01', 'Thành phố', 155.5, 125000, 1),
('D0102', 'Huyện Bố Trạch', 'P01', 'PC01', 'Huyện', 2115.5, 85000, 0),
('D0103', 'Huyện Quảng Ninh', 'P01', 'PC01', 'Huyện', 1191.5, 48000, 0),
('D0104', 'Huyện Lệ Thủy', 'P01', 'PC01', 'Huyện', 1276.5, 62000, 0),
('D0105', 'TP Đông Hà', 'P02', 'PC01', 'Thành phố', 72.5, 98000, 1),
('D0106', 'TX Quảng Trị', 'P02', 'PC01', 'Thị xã', 45.2, 32000, 1),
('D0107', 'Huyện Hải Lăng', 'P02', 'PC01', 'Huyện', 426.5, 55000, 0),
('D0108', 'Huyện Triệu Phong', 'P02', 'PC01', 'Huyện', 353.5, 48000, 0),
('D0201', 'TP Huế', 'P03', 'PC02', 'Thành phố', 265.8, 165000, 1),
('D0202', 'TX Hương Thủy', 'P03', 'PC02', 'Thị xã', 456.2, 52000, 1),
('D0203', 'TX Hương Trà', 'P03', 'PC02', 'Thị xã', 518.5, 48000, 1),
('D0204', 'Huyện Phú Vang', 'P03', 'PC02', 'Huyện', 280.3, 72000, 0),
('D0205', 'Huyện Phong Điền', 'P03', 'PC02', 'Huyện', 948.5, 55000, 0),
('D0301', 'Quận Hải Châu', 'P04', 'PC03', 'Thành phố', 23.5, 145000, 1),
('D0302', 'Quận Thanh Khê', 'P04', 'PC03', 'Thành phố', 9.5, 125000, 1),
('D0303', 'Quận Sơn Trà', 'P04', 'PC03', 'Thành phố', 59.3, 110000, 1),
('D0304', 'Quận Ngũ Hành Sơn', 'P04', 'PC03', 'Thành phố', 39.1, 85000, 1),
('D0305', 'Quận Liên Chiểu', 'P04', 'PC03', 'Thành phố', 79.1, 95000, 1),
('D0306', 'TP Tam Kỳ', 'P05', 'PC03', 'Thành phố', 92.8, 78000, 1),
('D0307', 'TP Hội An', 'P05', 'PC03', 'Thành phố', 61.5, 65000, 1),
('D0308', 'TX Điện Bàn', 'P05', 'PC03', 'Thị xã', 214.5, 82000, 1),
('D0309', 'Huyện Đại Lộc', 'P05', 'PC03', 'Huyện', 587.5, 55000, 0),
('D0310', 'Huyện Duy Xuyên', 'P05', 'PC03', 'Huyện', 299.1, 48000, 0),
('D0311', 'Huyện Núi Thành', 'P05', 'PC03', 'Huyện', 533.5, 62000, 0),
('D0401', 'TP Quảng Ngãi', 'P06', 'PC04', 'Thành phố', 160.2, 115000, 1),
('D0402', 'Huyện Bình Sơn', 'P06', 'PC04', 'Huyện', 468.5, 65000, 0),
('D0403', 'Huyện Sơn Tịnh', 'P06', 'PC04', 'Huyện', 245.8, 52000, 0),
('D0404', 'Huyện Tư Nghĩa', 'P06', 'PC04', 'Huyện', 227.5, 48000, 0),
('D0405', 'Huyện Đức Phổ', 'P06', 'PC04', 'Huyện', 372.3, 42000, 0),
('D0406', 'TP Kon Tum', 'P07', 'PC04', 'Thành phố', 432.5, 85000, 1),
('D0407', 'Huyện Đắk Hà', 'P07', 'PC04', 'Huyện', 845.2, 35000, 0),
('D0408', 'Huyện Ngọc Hồi', 'P07', 'PC04', 'Huyện', 844.8, 28000, 0),
('D0409', 'Huyện Sa Thầy', 'P07', 'PC04', 'Huyện', 1492.5, 22000, 0),
('D0501', 'TX An Nhơn', 'P09', 'PC05', 'Thị xã', 242.5, 95000, 1),
('D0502', 'Huyện Tuy Phước', 'P09', 'PC05', 'Huyện', 217.5, 78000, 0),
('D0503', 'Huyện Phù Cát', 'P09', 'PC05', 'Huyện', 680.5, 72000, 0),
('D0504', 'TP Quy Nhơn', 'P09', 'PC05', 'Thành phố', 286.2, 115000, 1),
('D0505', 'TP Pleiku', 'P08', 'PC05', 'Thành phố', 260.8, 105000, 1),
('D0506', 'TX An Khê', 'P08', 'PC05', 'Thị xã', 198.5, 42000, 1),
('D0507', 'TX Ayun Pa', 'P08', 'PC05', 'Thị xã', 152.5, 35000, 1),
('D0508', 'Huyện Chư Sê', 'P08', 'PC05', 'Huyện', 642.5, 48000, 0),
('D0509', 'Huyện Ia Grai', 'P08', 'PC05', 'Huyện', 1152.5, 32000, 0),
('D0510', 'Huyện Tây Sơn', 'P09', 'PC05', 'Huyện', 554.5, 58000, 0),
('D0601', 'TP Buôn Ma Thuột', 'P10', 'PC06', 'Thành phố', 377.2, 125000, 1),
('D0602', 'TX Buôn Hồ', 'P10', 'PC06', 'Thị xã', 282.5, 45000, 1),
('D0603', 'Huyện Krông Pắc', 'P10', 'PC06', 'Huyện', 625.5, 58000, 0),
('D0604', 'Huyện Cư M\'gar', 'P10', 'PC06', 'Huyện', 824.5, 52000, 0),
('D0605', 'Huyện Ea H\'leo', 'P10', 'PC06', 'Huyện', 1352.5, 38000, 0),
('D0606', 'TP Tuy Hòa', 'P11', 'PC06', 'Thành phố', 106.5, 85000, 1),
('D0607', 'TX Sông Cầu', 'P11', 'PC06', 'Thị xã', 488.5, 42000, 1),
('D0608', 'Huyện Tuy An', 'P11', 'PC06', 'Huyện', 398.5, 48000, 0),
('D0609', 'Huyện Đông Hòa', 'P11', 'PC06', 'Huyện', 268.5, 52000, 0),
('D0701', 'TP Cam Ranh', 'P12', 'PC07', 'Thành phố', 345.2, 78000, 1),
('D0702', 'TX Ninh Hòa', 'P12', 'PC07', 'Thị xã', 1195.5, 65000, 1),
('D0703', 'Huyện Vạn Ninh', 'P12', 'PC07', 'Huyện', 545.5, 42000, 0),
('D0704', 'Huyện Diên Khánh', 'P12', 'PC07', 'Huyện', 335.5, 55000, 0),
('D0705', 'TP Phan Rang-Tháp Chàm', 'P13', 'PC07', 'Thành phố', 79.3, 85000, 1),
('D0706', 'Huyện Ninh Phước', 'P13', 'PC07', 'Huyện', 342.5, 42000, 0),
('D0707', 'Huyện Thuận Bắc', 'P13', 'PC07', 'Huyện', 318.5, 28000, 0),
('D0708', 'Huyện Ninh Hải', 'P13', 'PC07', 'Huyện', 256.5, 35000, 0),
('D0801', 'Phường Lộc Thọ (Nha Trang)', 'P12', 'PC08', 'Thành phố', 12.5, 95000, 1),
('D0802', 'Phường Vĩnh Hải (Nha Trang)', 'P12', 'PC08', 'Thành phố', 18.5, 85000, 1),
('D0803', 'Phường Phước Hải (Nha Trang)', 'P12', 'PC08', 'Thành phố', 8.5, 92000, 1),
('D0804', 'Phường Vĩnh Nguyên (Nha Trang)', 'P12', 'PC08', 'Thành phố', 15.5, 78000, 1);

-- ----------------------------------------
-- Table: substations
-- ----------------------------------------

INSERT INTO `substations` (`substation_id`, `substation_name`, `pc_id`, `district_id`, `voltage_level`, `substation_type`, `capacity_kva`, `installed_year`, `manufacturer`, `load_rate_pct`, `condition_rating`, `last_maintenance_date`) VALUES
('S0101_001', 'TBA Trạm hợp bộ D0101-1', 'PC01', 'D0101', '0.4kV', 'Trạm hợp bộ', 1000, 2023, 'Siemens', 36.63, 'Tốt', '2025-01-13'),
('S0101_002', 'TBA Trạm treo D0101-2', 'PC01', 'D0101', '0.4kV', 'Trạm treo', 75, 2023, 'Thibidi', 45.18, 'Tốt', '2025-04-18'),
('S0101_003', 'TBA Trạm giàn D0101-3', 'PC01', 'D0101', '0.4kV', 'Trạm giàn', 250, 2014, 'Thibidi', 54.21, 'Tốt', '2025-02-15'),
('S0101_004', 'TBA Trạm treo D0101-4', 'PC01', 'D0101', '0.4kV', 'Trạm treo', 75, 2017, 'Schneider Electric', 52.94, 'Tốt', '2025-07-16'),
('S0101_005', 'TBA Trạm treo D0101-5', 'PC01', 'D0101', '0.4kV', 'Trạm treo', 50, 2015, 'BTH', 56.41, 'Trung bình', '2025-01-13'),
('S0101_006', 'TBA Trạm giàn D0101-6', 'PC01', 'D0101', '0.4kV', 'Trạm giàn', 250, 2008, 'Mitsubishi', 85.94, 'Kém', '2025-08-05'),
('S0101_007', 'TBA Trạm hợp bộ D0101-7', 'PC01', 'D0101', '0.4kV', 'Trạm hợp bộ', 750, 2006, 'Mitsubishi', 68.31, 'Trung bình', '2025-01-24'),
('S0101_008', 'TBA Trạm hợp bộ D0101-8', 'PC01', 'D0101', '0.4kV', 'Trạm hợp bộ', 630, 2010, 'Schneider Electric', 51.71, 'Trung bình', '2025-01-17'),
('S0101_009', 'TBA Trạm treo D0101-9', 'PC01', 'D0101', '0.4kV', 'Trạm treo', 750, 2002, 'Thibidi', 83.84, 'Trung bình', '2025-07-04'),
('S0101_010', 'TBA Trạm treo D0101-10', 'PC01', 'D0101', '0.4kV', 'Trạm treo', 750, 2018, 'LS Electric', 42.39, 'Tốt', '2025-02-14'),
('S0101_011', 'TBA Trạm giàn D0101-11', 'PC01', 'D0101', '0.4kV', 'Trạm giàn', 630, 2021, 'EEMC', 52.51, 'Tốt', '2025-04-22'),
('S0101_012', 'TBA Trạm giàn D0101-12', 'PC01', 'D0101', '0.4kV', 'Trạm giàn', 250, 2022, 'Schneider Electric', 44.43, 'Tốt', '2025-05-15'),
('S0101_013', 'TBA Trạm giàn D0101-13', 'PC01', 'D0101', '0.4kV', 'Trạm giàn', 50, 2010, 'LS Electric', 77.87, 'Tốt', '2025-02-03'),
('S0101_014', 'TBA Trạm giàn D0101-14', 'PC01', 'D0101', '0.4kV', 'Trạm giàn', 100, 2017, 'Siemens', 56.39, 'Trung bình', '2025-04-12'),
('S0101_015', 'TBA Trạm hợp bộ D0101-15', 'PC01', 'D0101', '0.4kV', 'Trạm hợp bộ', 750, 2009, 'Mitsubishi', 64.42, 'Kém', '2025-01-22'),
('S0101_016', 'TBA Trạm giàn D0101-16', 'PC01', 'D0101', '0.4kV', 'Trạm giàn', 100, 2017, 'Siemens', 58.98, 'Tốt', '2025-02-24'),
('S0101_017', 'TBA Trạm treo D0101-17', 'PC01', 'D0101', '0.4kV', 'Trạm treo', 750, 2017, 'Đông Anh', 54.66, 'Trung bình', '2025-04-22'),
('S0101_018', 'TBA Trạm giàn D0101-18', 'PC01', 'D0101', '0.4kV', 'Trạm giàn', 630, 2020, 'EEMC', 60.59, 'Tốt', '2025-01-03'),
('S0101_019', 'TBA Trạm treo D0101-19', 'PC01', 'D0101', '0.4kV', 'Trạm treo', 250, 2020, 'ABB', 47.71, 'Tốt', '2025-06-25'),
('S0101_020', 'TBA Trạm hợp bộ D0101-20', 'PC01', 'D0101', '0.4kV', 'Trạm hợp bộ', 100, 2004, 'Hanaka', 77.84, 'Kém', '2025-09-23'),
('S0101_021', 'TBA Trạm hợp bộ D0101-21', 'PC01', 'D0101', '0.4kV', 'Trạm hợp bộ', 75, 2013, 'Schneider Electric', 66.83, 'Tốt', '2025-09-02'),
('S0101_022', 'TBA Trạm treo D0101-22', 'PC01', 'D0101', '0.4kV', 'Trạm treo', 400, 2011, 'ABB', 67.48, 'Tốt', '2025-05-12'),
('S0102_001', 'TBA Trạm treo D0102-1', 'PC01', 'D0102', '0.4kV', 'Trạm treo', 1000, 2001, 'Siemens', 85.17, 'Trung bình', '2025-06-25'),
('S0102_002', 'TBA Trạm hợp bộ D0102-2', 'PC01', 'D0102', '0.4kV', 'Trạm hợp bộ', 750, 2017, 'Schneider Electric', 76.52, 'Trung bình', '2025-04-28'),
('S0102_003', 'TBA Trạm treo D0102-3', 'PC01', 'D0102', '0.4kV', 'Trạm treo', 400, 2005, 'Schneider Electric', 87.33, 'Trung bình', '2025-06-26'),
('S0102_004', 'TBA Trạm treo D0102-4', 'PC01', 'D0102', '0.4kV', 'Trạm treo', 250, 2013, 'Siemens', 74.07, 'Tốt', '2025-07-28'),
('S0102_005', 'TBA Trạm giàn D0102-5', 'PC01', 'D0102', '0.4kV', 'Trạm giàn', 160, 2001, 'Đông Anh', 84.04, 'Trung bình', '2025-05-27'),
('S0102_006', 'TBA Trạm giàn D0102-6', 'PC01', 'D0102', '0.4kV', 'Trạm giàn', 400, 2007, 'EEMC', 66.24, 'Trung bình', '2025-02-25'),
('S0102_007', 'TBA Trạm hợp bộ D0102-7', 'PC01', 'D0102', '0.4kV', 'Trạm hợp bộ', 1000, 2008, 'Đông Anh', 69.83, 'Kém', '2025-01-04'),
('S0102_008', 'TBA Trạm treo D0102-8', 'PC01', 'D0102', '0.4kV', 'Trạm treo', 50, 2008, 'LS Electric', 65.00, 'Kém', '2025-07-12'),
('S0102_009', 'TBA Trạm hợp bộ D0102-9', 'PC01', 'D0102', '0.4kV', 'Trạm hợp bộ', 400, 2023, 'Mitsubishi', 58.59, 'Tốt', '2025-02-13'),
('S0102_010', 'TBA Trạm hợp bộ D0102-10', 'PC01', 'D0102', '0.4kV', 'Trạm hợp bộ', 50, 2018, 'BTH', 40.70, 'Tốt', '2025-01-17'),
('S0102_011', 'TBA Trạm giàn D0102-11', 'PC01', 'D0102', '0.4kV', 'Trạm giàn', 320, 2017, 'Siemens', 70.61, 'Tốt', '2025-06-20'),
('S0102_012', 'TBA Trạm hợp bộ D0102-12', 'PC01', 'D0102', '0.4kV', 'Trạm hợp bộ', 250, 2010, 'EEMC', 69.90, 'Tốt', '2025-07-11'),
('S0102_013', 'TBA Trạm giàn D0102-13', 'PC01', 'D0102', '0.4kV', 'Trạm giàn', 160, 2012, 'BTH', 70.92, 'Tốt', '2025-03-20'),
('S0102_014', 'TBA Trạm treo D0102-14', 'PC01', 'D0102', '0.4kV', 'Trạm treo', 630, 2018, 'EEMC', 44.03, 'Tốt', '2025-05-07'),
('S0102_015', 'TBA Trạm giàn D0102-15', 'PC01', 'D0102', '0.4kV', 'Trạm giàn', 500, 2013, 'Hanaka', 73.57, 'Trung bình', '2025-04-17'),
('S0103_001', 'TBA Trạm treo D0103-1', 'PC01', 'D0103', '0.4kV', 'Trạm treo', 1000, 2015, 'EEMC', 73.81, 'Tốt', '2025-09-22'),
('S0103_002', 'TBA Trạm treo D0103-2', 'PC01', 'D0103', '0.4kV', 'Trạm treo', 75, 2020, 'EEMC', 53.58, 'Tốt', '2025-04-26'),
('S0103_003', 'TBA Trạm giàn D0103-3', 'PC01', 'D0103', '0.4kV', 'Trạm giàn', 160, 2006, 'LS Electric', 64.13, 'Trung bình', '2025-02-15'),
('S0103_004', 'TBA Trạm giàn D0103-4', 'PC01', 'D0103', '0.4kV', 'Trạm giàn', 400, 2013, 'BTH', 76.58, 'Tốt', '2025-04-05'),
('S0103_005', 'TBA Trạm giàn D0103-5', 'PC01', 'D0103', '0.4kV', 'Trạm giàn', 75, 2020, 'Thibidi', 55.63, 'Tốt', '2025-03-26'),
('S0103_006', 'TBA Trạm hợp bộ D0103-6', 'PC01', 'D0103', '0.4kV', 'Trạm hợp bộ', 50, 2022, 'Thibidi', 50.54, 'Tốt', '2025-02-15'),
('S0103_007', 'TBA Trạm hợp bộ D0103-7', 'PC01', 'D0103', '0.4kV', 'Trạm hợp bộ', 500, 2004, 'Mitsubishi', 82.44, 'Kém', '2025-07-27'),
('S0103_008', 'TBA Trạm giàn D0103-8', 'PC01', 'D0103', '0.4kV', 'Trạm giàn', 500, 2017, 'EEMC', 63.38, 'Tốt', '2025-04-27'),
('S0104_001', 'TBA Trạm giàn D0104-1', 'PC01', 'D0104', '0.4kV', 'Trạm giàn', 630, 2020, 'Thibidi', 43.32, 'Tốt', '2025-05-15'),
('S0104_002', 'TBA Trạm giàn D0104-2', 'PC01', 'D0104', '0.4kV', 'Trạm giàn', 250, 2002, 'Đông Anh', 79.98, 'Trung bình', '2025-09-03'),
('S0104_003', 'TBA Trạm hợp bộ D0104-3', 'PC01', 'D0104', '0.4kV', 'Trạm hợp bộ', 100, 2004, 'Thibidi', 64.22, 'Kém', '2025-02-14'),
('S0104_004', 'TBA Trạm treo D0104-4', 'PC01', 'D0104', '0.4kV', 'Trạm treo', 400, 2013, 'Thibidi', 59.93, 'Trung bình', '2025-07-13'),
('S0104_005', 'TBA Trạm hợp bộ D0104-5', 'PC01', 'D0104', '0.4kV', 'Trạm hợp bộ', 50, 2024, 'BTH', 52.52, 'Tốt', '2025-08-01'),
('S0104_006', 'TBA Trạm hợp bộ D0104-6', 'PC01', 'D0104', '0.4kV', 'Trạm hợp bộ', 400, 2011, 'Mitsubishi', 58.96, 'Trung bình', '2025-04-16'),
('S0104_007', 'TBA Trạm giàn D0104-7', 'PC01', 'D0104', '0.4kV', 'Trạm giàn', 50, 2007, 'Đông Anh', 67.64, 'Kém', '2025-07-24'),
('S0104_008', 'TBA Trạm hợp bộ D0104-8', 'PC01', 'D0104', '0.4kV', 'Trạm hợp bộ', 750, 2005, 'ABB', 83.53, 'Trung bình', '2025-07-19'),
('S0104_009', 'TBA Trạm hợp bộ D0104-9', 'PC01', 'D0104', '0.4kV', 'Trạm hợp bộ', 75, 2018, 'BTH', 54.89, 'Tốt', '2025-03-28'),
('S0104_010', 'TBA Trạm giàn D0104-10', 'PC01', 'D0104', '0.4kV', 'Trạm giàn', 400, 2014, 'Thibidi', 55.45, 'Trung bình', '2025-08-11'),
('S0104_011', 'TBA Trạm giàn D0104-11', 'PC01', 'D0104', '0.4kV', 'Trạm giàn', 250, 2010, 'EEMC', 72.84, 'Trung bình', '2025-02-16'),
('S0105_001', 'TBA Trạm treo D0105-1', 'PC01', 'D0105', '0.4kV', 'Trạm treo', 320, 2000, 'Siemens', 80.97, 'Trung bình', '2025-01-25'),
('S0105_002', 'TBA Trạm hợp bộ D0105-2', 'PC01', 'D0105', '0.4kV', 'Trạm hợp bộ', 50, 2000, 'Schneider Electric', 86.59, 'Trung bình', '2025-04-05'),
('S0105_003', 'TBA Trạm hợp bộ D0105-3', 'PC01', 'D0105', '0.4kV', 'Trạm hợp bộ', 500, 2015, 'EEMC', 70.08, 'Tốt', '2025-06-06'),
('S0105_004', 'TBA Trạm treo D0105-4', 'PC01', 'D0105', '0.4kV', 'Trạm treo', 75, 2019, 'EEMC', 53.22, 'Tốt', '2025-02-19'),
('S0105_005', 'TBA Trạm hợp bộ D0105-5', 'PC01', 'D0105', '0.4kV', 'Trạm hợp bộ', 400, 2000, 'Thibidi', 86.01, 'Kém', '2025-02-19'),
('S0105_006', 'TBA Trạm treo D0105-6', 'PC01', 'D0105', '0.4kV', 'Trạm treo', 160, 2022, 'EEMC', 59.92, 'Tốt', '2025-02-26'),
('S0105_007', 'TBA Trạm hợp bộ D0105-7', 'PC01', 'D0105', '0.4kV', 'Trạm hợp bộ', 320, 2018, 'BTH', 58.48, 'Tốt', '2025-06-03'),
('S0105_008', 'TBA Trạm giàn D0105-8', 'PC01', 'D0105', '0.4kV', 'Trạm giàn', 400, 2016, 'Siemens', 69.43, 'Tốt', '2025-07-12'),
('S0105_009', 'TBA Trạm hợp bộ D0105-9', 'PC01', 'D0105', '0.4kV', 'Trạm hợp bộ', 500, 2020, 'Schneider Electric', 61.75, 'Tốt', '2025-07-06'),
('S0105_010', 'TBA Trạm giàn D0105-10', 'PC01', 'D0105', '0.4kV', 'Trạm giàn', 1000, 2023, 'LS Electric', 50.65, 'Tốt', '2025-09-25'),
('S0105_011', 'TBA Trạm treo D0105-11', 'PC01', 'D0105', '0.4kV', 'Trạm treo', 320, 2015, 'Siemens', 63.95, 'Trung bình', '2025-05-15'),
('S0105_012', 'TBA Trạm treo D0105-12', 'PC01', 'D0105', '0.4kV', 'Trạm treo', 320, 2007, 'Hanaka', 81.01, 'Kém', '2025-06-06'),
('S0105_013', 'TBA Trạm giàn D0105-13', 'PC01', 'D0105', '0.4kV', 'Trạm giàn', 320, 2015, 'LS Electric', 56.36, 'Trung bình', '2025-05-18'),
('S0105_014', 'TBA Trạm treo D0105-14', 'PC01', 'D0105', '0.4kV', 'Trạm treo', 75, 2000, 'BTH', 74.47, 'Trung bình', '2025-08-18'),
('S0105_015', 'TBA Trạm hợp bộ D0105-15', 'PC01', 'D0105', '0.4kV', 'Trạm hợp bộ', 500, 2024, 'Hanaka', 42.21, 'Tốt', '2025-08-26'),
('S0105_016', 'TBA Trạm hợp bộ D0105-16', 'PC01', 'D0105', '0.4kV', 'Trạm hợp bộ', 400, 2000, 'Thibidi', 62.61, 'Trung bình', '2025-05-22'),
('S0105_017', 'TBA Trạm hợp bộ D0105-17', 'PC01', 'D0105', '0.4kV', 'Trạm hợp bộ', 630, 2018, 'Đông Anh', 46.07, 'Tốt', '2025-07-24'),
('S0106_001', 'TBA Trạm giàn D0106-1', 'PC01', 'D0106', '0.4kV', 'Trạm giàn', 250, 2017, 'EEMC', 59.92, 'Trung bình', '2025-04-04'),
('S0106_002', 'TBA Trạm hợp bộ D0106-2', 'PC01', 'D0106', '0.4kV', 'Trạm hợp bộ', 75, 2023, 'Mitsubishi', 40.78, 'Tốt', '2025-03-07'),
('S0106_003', 'TBA Trạm hợp bộ D0106-3', 'PC01', 'D0106', '0.4kV', 'Trạm hợp bộ', 750, 2006, 'LS Electric', 80.68, 'Kém', '2025-05-04'),
('S0106_004', 'TBA Trạm giàn D0106-4', 'PC01', 'D0106', '0.4kV', 'Trạm giàn', 100, 2006, 'ABB', 68.29, 'Kém', '2025-09-05'),
('S0106_005', 'TBA Trạm giàn D0106-5', 'PC01', 'D0106', '0.4kV', 'Trạm giàn', 630, 2008, 'Schneider Electric', 61.27, 'Trung bình', '2025-08-04'),
('S0107_001', 'TBA Trạm giàn D0107-1', 'PC01', 'D0107', '0.4kV', 'Trạm giàn', 500, 2000, 'Đông Anh', 76.07, 'Kém', '2025-03-02'),
('S0107_002', 'TBA Trạm treo D0107-2', 'PC01', 'D0107', '0.4kV', 'Trạm treo', 75, 2008, 'BTH', 86.35, 'Kém', '2025-08-03'),
('S0107_003', 'TBA Trạm treo D0107-3', 'PC01', 'D0107', '0.4kV', 'Trạm treo', 50, 2018, 'Schneider Electric', 53.88, 'Tốt', '2025-05-03'),
('S0107_004', 'TBA Trạm hợp bộ D0107-4', 'PC01', 'D0107', '0.4kV', 'Trạm hợp bộ', 750, 2007, 'LS Electric', 63.32, 'Kém', '2025-04-25'),
('S0107_005', 'TBA Trạm hợp bộ D0107-5', 'PC01', 'D0107', '0.4kV', 'Trạm hợp bộ', 250, 2016, 'BTH', 61.41, 'Trung bình', '2025-05-19'),
('S0107_006', 'TBA Trạm treo D0107-6', 'PC01', 'D0107', '0.4kV', 'Trạm treo', 75, 2019, 'Thibidi', 36.81, 'Tốt', '2025-05-22'),
('S0107_007', 'TBA Trạm treo D0107-7', 'PC01', 'D0107', '0.4kV', 'Trạm treo', 630, 2002, 'Schneider Electric', 64.40, 'Trung bình', '2025-01-14'),
('S0107_008', 'TBA Trạm treo D0107-8', 'PC01', 'D0107', '0.4kV', 'Trạm treo', 250, 2014, 'Thibidi', 70.68, 'Trung bình', '2025-05-23'),
('S0107_009', 'TBA Trạm hợp bộ D0107-9', 'PC01', 'D0107', '0.4kV', 'Trạm hợp bộ', 75, 2009, 'Thibidi', 79.68, 'Kém', '2025-05-26'),
('S0108_001', 'TBA Trạm giàn D0108-1', 'PC01', 'D0108', '0.4kV', 'Trạm giàn', 160, 2020, 'Siemens', 52.69, 'Tốt', '2025-09-08'),
('S0108_002', 'TBA Trạm treo D0108-2', 'PC01', 'D0108', '0.4kV', 'Trạm treo', 250, 2020, 'Siemens', 39.47, 'Tốt', '2025-01-06'),
('S0108_003', 'TBA Trạm treo D0108-3', 'PC01', 'D0108', '0.4kV', 'Trạm treo', 500, 2009, 'Hanaka', 76.66, 'Kém', '2025-05-23'),
('S0108_004', 'TBA Trạm treo D0108-4', 'PC01', 'D0108', '0.4kV', 'Trạm treo', 500, 2012, 'LS Electric', 78.28, 'Trung bình', '2025-01-14'),
('S0108_005', 'TBA Trạm treo D0108-5', 'PC01', 'D0108', '0.4kV', 'Trạm treo', 250, 2023, 'Siemens', 44.67, 'Tốt', '2025-04-22'),
('S0108_006', 'TBA Trạm hợp bộ D0108-6', 'PC01', 'D0108', '0.4kV', 'Trạm hợp bộ', 50, 2018, 'EEMC', 52.61, 'Tốt', '2025-01-25'),
('S0108_007', 'TBA Trạm hợp bộ D0108-7', 'PC01', 'D0108', '0.4kV', 'Trạm hợp bộ', 630, 2024, 'Hanaka', 40.26, 'Tốt', '2025-05-06'),
('S0108_008', 'TBA Trạm treo D0108-8', 'PC01', 'D0108', '0.4kV', 'Trạm treo', 500, 2018, 'Hanaka', 48.08, 'Tốt', '2025-06-14'),
('S0201_001', 'TBA Trạm giàn D0201-1', 'PC02', 'D0201', '0.4kV', 'Trạm giàn', 100, 2010, 'BTH', 59.63, 'Tốt', '2025-08-10'),
('S0201_002', 'TBA Trạm treo D0201-2', 'PC02', 'D0201', '0.4kV', 'Trạm treo', 630, 2021, 'Hanaka', 63.36, 'Tốt', '2025-02-11'),
('S0201_003', 'TBA Trạm treo D0201-3', 'PC02', 'D0201', '0.4kV', 'Trạm treo', 630, 2008, 'Mitsubishi', 69.05, 'Kém', '2025-08-14'),
('S0201_004', 'TBA Trạm giàn D0201-4', 'PC02', 'D0201', '0.4kV', 'Trạm giàn', 750, 2001, 'Hanaka', 65.25, 'Kém', '2025-01-07'),
('S0201_005', 'TBA Trạm hợp bộ D0201-5', 'PC02', 'D0201', '0.4kV', 'Trạm hợp bộ', 500, 2008, 'Hanaka', 75.38, 'Kém', '2025-02-01'),
('S0201_006', 'TBA Trạm hợp bộ D0201-6', 'PC02', 'D0201', '0.4kV', 'Trạm hợp bộ', 160, 2020, 'Schneider Electric', 53.27, 'Tốt', '2025-05-18'),
('S0201_007', 'TBA Trạm treo D0201-7', 'PC02', 'D0201', '0.4kV', 'Trạm treo', 160, 2000, 'Hanaka', 75.46, 'Trung bình', '2025-02-21'),
('S0201_008', 'TBA Trạm hợp bộ D0201-8', 'PC02', 'D0201', '0.4kV', 'Trạm hợp bộ', 630, 2004, 'EEMC', 73.95, 'Kém', '2025-07-27'),
('S0201_009', 'TBA Trạm hợp bộ D0201-9', 'PC02', 'D0201', '0.4kV', 'Trạm hợp bộ', 500, 2015, 'Schneider Electric', 79.41, 'Tốt', '2025-07-07'),
('S0201_010', 'TBA Trạm treo D0201-10', 'PC02', 'D0201', '0.4kV', 'Trạm treo', 100, 2019, 'EEMC', 50.25, 'Tốt', '2025-07-11'),
('S0201_011', 'TBA Trạm hợp bộ D0201-11', 'PC02', 'D0201', '0.4kV', 'Trạm hợp bộ', 250, 2016, 'EEMC', 58.02, 'Tốt', '2025-08-28'),
('S0201_012', 'TBA Trạm giàn D0201-12', 'PC02', 'D0201', '0.4kV', 'Trạm giàn', 320, 2004, 'Mitsubishi', 72.50, 'Kém', '2025-09-13'),
('S0201_013', 'TBA Trạm hợp bộ D0201-13', 'PC02', 'D0201', '0.4kV', 'Trạm hợp bộ', 160, 2014, 'BTH', 77.99, 'Tốt', '2025-04-28'),
('S0201_014', 'TBA Trạm hợp bộ D0201-14', 'PC02', 'D0201', '0.4kV', 'Trạm hợp bộ', 320, 2024, 'Hanaka', 47.32, 'Tốt', '2025-07-13'),
('S0201_015', 'TBA Trạm treo D0201-15', 'PC02', 'D0201', '0.4kV', 'Trạm treo', 1000, 2021, 'Hanaka', 58.77, 'Tốt', '2025-01-05'),
('S0201_016', 'TBA Trạm giàn D0201-16', 'PC02', 'D0201', '0.4kV', 'Trạm giàn', 75, 2016, 'Siemens', 78.96, 'Trung bình', '2025-09-15'),
('S0201_017', 'TBA Trạm treo D0201-17', 'PC02', 'D0201', '0.4kV', 'Trạm treo', 1000, 2000, 'Siemens', 80.23, 'Kém', '2025-08-26'),
('S0201_018', 'TBA Trạm treo D0201-18', 'PC02', 'D0201', '0.4kV', 'Trạm treo', 1000, 2008, 'Đông Anh', 69.48, 'Kém', '2025-09-13'),
('S0201_019', 'TBA Trạm treo D0201-19', 'PC02', 'D0201', '0.4kV', 'Trạm treo', 630, 2010, 'LS Electric', 68.80, 'Trung bình', '2025-02-08'),
('S0201_020', 'TBA Trạm treo D0201-20', 'PC02', 'D0201', '0.4kV', 'Trạm treo', 250, 2020, 'Siemens', 55.53, 'Tốt', '2025-07-04'),
('S0201_021', 'TBA Trạm giàn D0201-21', 'PC02', 'D0201', '0.4kV', 'Trạm giàn', 75, 2024, 'Schneider Electric', 54.01, 'Tốt', '2025-05-01'),
('S0201_022', 'TBA Trạm giàn D0201-22', 'PC02', 'D0201', '0.4kV', 'Trạm giàn', 250, 2001, 'Đông Anh', 69.08, 'Trung bình', '2025-07-05'),
('S0201_023', 'TBA Trạm treo D0201-23', 'PC02', 'D0201', '0.4kV', 'Trạm treo', 100, 2007, 'Siemens', 74.87, 'Trung bình', '2025-07-20'),
('S0201_024', 'TBA Trạm treo D0201-24', 'PC02', 'D0201', '0.4kV', 'Trạm treo', 750, 2021, 'Thibidi', 42.22, 'Tốt', '2025-08-21'),
('S0201_025', 'TBA Trạm giàn D0201-25', 'PC02', 'D0201', '0.4kV', 'Trạm giàn', 500, 2008, 'Mitsubishi', 72.87, 'Trung bình', '2025-03-03'),
('S0201_026', 'TBA Trạm giàn D0201-26', 'PC02', 'D0201', '0.4kV', 'Trạm giàn', 1000, 2014, 'EEMC', 78.36, 'Trung bình', '2025-08-28'),
('S0201_027', 'TBA Trạm treo D0201-27', 'PC02', 'D0201', '0.4kV', 'Trạm treo', 500, 2009, 'Thibidi', 65.58, 'Kém', '2025-07-19'),
('S0201_028', 'TBA Trạm hợp bộ D0201-28', 'PC02', 'D0201', '0.4kV', 'Trạm hợp bộ', 50, 2011, 'BTH', 67.24, 'Trung bình', '2025-05-01'),
('S0201_029', 'TBA Trạm hợp bộ D0201-29', 'PC02', 'D0201', '0.4kV', 'Trạm hợp bộ', 50, 2018, 'Hanaka', 60.95, 'Tốt', '2025-05-25'),
('S0202_001', 'TBA Trạm hợp bộ D0202-1', 'PC02', 'D0202', '0.4kV', 'Trạm hợp bộ', 160, 2007, 'Thibidi', 77.00, 'Kém', '2025-05-22'),
('S0202_002', 'TBA Trạm hợp bộ D0202-2', 'PC02', 'D0202', '0.4kV', 'Trạm hợp bộ', 1000, 2024, 'Schneider Electric', 56.63, 'Tốt', '2025-02-21'),
('S0202_003', 'TBA Trạm treo D0202-3', 'PC02', 'D0202', '0.4kV', 'Trạm treo', 500, 2020, 'LS Electric', 36.18, 'Tốt', '2025-06-24'),
('S0202_004', 'TBA Trạm hợp bộ D0202-4', 'PC02', 'D0202', '0.4kV', 'Trạm hợp bộ', 320, 2004, 'BTH', 62.52, 'Kém', '2025-03-07'),
('S0202_005', 'TBA Trạm hợp bộ D0202-5', 'PC02', 'D0202', '0.4kV', 'Trạm hợp bộ', 630, 2004, 'EEMC', 82.02, 'Kém', '2025-03-09'),
('S0202_006', 'TBA Trạm treo D0202-6', 'PC02', 'D0202', '0.4kV', 'Trạm treo', 320, 2015, 'Hanaka', 79.02, 'Trung bình', '2025-02-05'),
('S0202_007', 'TBA Trạm hợp bộ D0202-7', 'PC02', 'D0202', '0.4kV', 'Trạm hợp bộ', 1000, 2024, 'BTH', 64.00, 'Tốt', '2025-09-12'),
('S0202_008', 'TBA Trạm hợp bộ D0202-8', 'PC02', 'D0202', '0.4kV', 'Trạm hợp bộ', 250, 2002, 'Siemens', 82.14, 'Trung bình', '2025-08-12'),
('S0202_009', 'TBA Trạm hợp bộ D0202-9', 'PC02', 'D0202', '0.4kV', 'Trạm hợp bộ', 250, 2021, 'BTH', 57.47, 'Tốt', '2025-06-04'),
('S0203_001', 'TBA Trạm hợp bộ D0203-1', 'PC02', 'D0203', '0.4kV', 'Trạm hợp bộ', 50, 2021, 'Mitsubishi', 42.01, 'Tốt', '2025-06-20'),
('S0203_002', 'TBA Trạm hợp bộ D0203-2', 'PC02', 'D0203', '0.4kV', 'Trạm hợp bộ', 250, 2007, 'BTH', 78.13, 'Kém', '2025-02-05'),
('S0203_003', 'TBA Trạm treo D0203-3', 'PC02', 'D0203', '0.4kV', 'Trạm treo', 500, 2001, 'Siemens', 86.50, 'Kém', '2025-04-18'),
('S0203_004', 'TBA Trạm hợp bộ D0203-4', 'PC02', 'D0203', '0.4kV', 'Trạm hợp bộ', 1000, 2004, 'Mitsubishi', 70.88, 'Kém', '2025-07-19'),
('S0203_005', 'TBA Trạm hợp bộ D0203-5', 'PC02', 'D0203', '0.4kV', 'Trạm hợp bộ', 400, 2023, 'Siemens', 56.80, 'Tốt', '2025-08-20'),
('S0203_006', 'TBA Trạm hợp bộ D0203-6', 'PC02', 'D0203', '0.4kV', 'Trạm hợp bộ', 50, 2013, 'Đông Anh', 78.17, 'Trung bình', '2025-04-15'),
('S0203_007', 'TBA Trạm hợp bộ D0203-7', 'PC02', 'D0203', '0.4kV', 'Trạm hợp bộ', 75, 2014, 'Đông Anh', 78.52, 'Trung bình', '2025-09-21'),
('S0203_008', 'TBA Trạm treo D0203-8', 'PC02', 'D0203', '0.4kV', 'Trạm treo', 160, 2011, 'Hanaka', 51.82, 'Trung bình', '2025-02-22'),
('S0204_001', 'TBA Trạm giàn D0204-1', 'PC02', 'D0204', '0.4kV', 'Trạm giàn', 50, 2006, 'Thibidi', 77.97, 'Trung bình', '2025-03-26'),
('S0204_002', 'TBA Trạm treo D0204-2', 'PC02', 'D0204', '0.4kV', 'Trạm treo', 630, 2018, 'LS Electric', 41.16, 'Tốt', '2025-04-27'),
('S0204_003', 'TBA Trạm treo D0204-3', 'PC02', 'D0204', '0.4kV', 'Trạm treo', 750, 2007, 'EEMC', 69.20, 'Trung bình', '2025-03-05'),
('S0204_004', 'TBA Trạm hợp bộ D0204-4', 'PC02', 'D0204', '0.4kV', 'Trạm hợp bộ', 75, 2017, 'ABB', 57.52, 'Tốt', '2025-03-01'),
('S0204_005', 'TBA Trạm giàn D0204-5', 'PC02', 'D0204', '0.4kV', 'Trạm giàn', 750, 2011, 'ABB', 73.70, 'Tốt', '2025-03-09'),
('S0204_006', 'TBA Trạm treo D0204-6', 'PC02', 'D0204', '0.4kV', 'Trạm treo', 630, 2001, 'Siemens', 63.55, 'Kém', '2025-08-15'),
('S0204_007', 'TBA Trạm treo D0204-7', 'PC02', 'D0204', '0.4kV', 'Trạm treo', 750, 2024, 'Hanaka', 45.86, 'Tốt', '2025-09-08'),
('S0204_008', 'TBA Trạm hợp bộ D0204-8', 'PC02', 'D0204', '0.4kV', 'Trạm hợp bộ', 1000, 2019, 'EEMC', 36.30, 'Tốt', '2025-08-21'),
('S0204_009', 'TBA Trạm giàn D0204-9', 'PC02', 'D0204', '0.4kV', 'Trạm giàn', 400, 2000, 'Siemens', 61.70, 'Kém', '2025-08-23'),
('S0204_010', 'TBA Trạm hợp bộ D0204-10', 'PC02', 'D0204', '0.4kV', 'Trạm hợp bộ', 320, 2014, 'Schneider Electric', 52.20, 'Tốt', '2025-02-05'),
('S0204_011', 'TBA Trạm hợp bộ D0204-11', 'PC02', 'D0204', '0.4kV', 'Trạm hợp bộ', 400, 2008, 'Mitsubishi', 77.48, 'Kém', '2025-05-15'),
('S0204_012', 'TBA Trạm hợp bộ D0204-12', 'PC02', 'D0204', '0.4kV', 'Trạm hợp bộ', 75, 2016, 'Mitsubishi', 68.16, 'Tốt', '2025-04-14'),
('S0205_001', 'TBA Trạm giàn D0205-1', 'PC02', 'D0205', '0.4kV', 'Trạm giàn', 320, 2014, 'BTH', 76.64, 'Trung bình', '2025-07-24'),
('S0205_002', 'TBA Trạm giàn D0205-2', 'PC02', 'D0205', '0.4kV', 'Trạm giàn', 1000, 2003, 'Đông Anh', 68.75, 'Kém', '2025-03-22'),
('S0205_003', 'TBA Trạm giàn D0205-3', 'PC02', 'D0205', '0.4kV', 'Trạm giàn', 75, 2015, 'Siemens', 52.01, 'Tốt', '2025-06-26'),
('S0205_004', 'TBA Trạm treo D0205-4', 'PC02', 'D0205', '0.4kV', 'Trạm treo', 1000, 2004, 'BTH', 75.58, 'Kém', '2025-06-28'),
('S0205_005', 'TBA Trạm hợp bộ D0205-5', 'PC02', 'D0205', '0.4kV', 'Trạm hợp bộ', 400, 2021, 'ABB', 63.23, 'Tốt', '2025-05-20'),
('S0205_006', 'TBA Trạm hợp bộ D0205-6', 'PC02', 'D0205', '0.4kV', 'Trạm hợp bộ', 100, 2009, 'Hanaka', 69.85, 'Trung bình', '2025-04-28'),
('S0205_007', 'TBA Trạm giàn D0205-7', 'PC02', 'D0205', '0.4kV', 'Trạm giàn', 75, 2003, 'LS Electric', 69.80, 'Kém', '2025-04-26'),
('S0205_008', 'TBA Trạm hợp bộ D0205-8', 'PC02', 'D0205', '0.4kV', 'Trạm hợp bộ', 750, 2013, 'EEMC', 75.35, 'Tốt', '2025-01-06'),
('S0205_009', 'TBA Trạm giàn D0205-9', 'PC02', 'D0205', '0.4kV', 'Trạm giàn', 320, 2008, 'ABB', 79.68, 'Kém', '2025-03-28'),
('S0301_001', 'TBA Trạm treo D0301-1', 'PC03', 'D0301', '0.4kV', 'Trạm treo', 75, 2004, 'ABB', 75.86, 'Kém', '2025-02-24'),
('S0301_002', 'TBA Trạm giàn D0301-2', 'PC03', 'D0301', '0.4kV', 'Trạm giàn', 500, 2016, 'Schneider Electric', 56.45, 'Trung bình', '2025-06-10'),
('S0301_003', 'TBA Trạm hợp bộ D0301-3', 'PC03', 'D0301', '0.4kV', 'Trạm hợp bộ', 750, 2023, 'Siemens', 44.73, 'Tốt', '2025-01-05'),
('S0301_004', 'TBA Trạm treo D0301-4', 'PC03', 'D0301', '0.4kV', 'Trạm treo', 1000, 2005, 'EEMC', 81.12, 'Trung bình', '2025-08-22'),
('S0301_005', 'TBA Trạm giàn D0301-5', 'PC03', 'D0301', '0.4kV', 'Trạm giàn', 400, 2013, 'Thibidi', 64.57, 'Trung bình', '2025-09-04'),
('S0301_006', 'TBA Trạm hợp bộ D0301-6', 'PC03', 'D0301', '0.4kV', 'Trạm hợp bộ', 1000, 2011, 'LS Electric', 62.90, 'Trung bình', '2025-08-17'),
('S0301_007', 'TBA Trạm giàn D0301-7', 'PC03', 'D0301', '0.4kV', 'Trạm giàn', 160, 2021, 'LS Electric', 44.25, 'Tốt', '2025-01-01'),
('S0301_008', 'TBA Trạm giàn D0301-8', 'PC03', 'D0301', '0.4kV', 'Trạm giàn', 100, 2006, 'EEMC', 68.44, 'Trung bình', '2025-06-04'),
('S0301_009', 'TBA Trạm treo D0301-9', 'PC03', 'D0301', '0.4kV', 'Trạm treo', 100, 2000, 'BTH', 73.93, 'Kém', '2025-09-23'),
('S0301_010', 'TBA Trạm giàn D0301-10', 'PC03', 'D0301', '0.4kV', 'Trạm giàn', 75, 2007, 'ABB', 74.01, 'Kém', '2025-07-01'),
('S0301_011', 'TBA Trạm giàn D0301-11', 'PC03', 'D0301', '0.4kV', 'Trạm giàn', 750, 2014, 'LS Electric', 77.63, 'Trung bình', '2025-07-23'),
('S0301_012', 'TBA Trạm giàn D0301-12', 'PC03', 'D0301', '0.4kV', 'Trạm giàn', 75, 2020, 'ABB', 47.53, 'Tốt', '2025-06-06'),
('S0301_013', 'TBA Trạm treo D0301-13', 'PC03', 'D0301', '0.4kV', 'Trạm treo', 320, 2019, 'BTH', 48.80, 'Tốt', '2025-02-08'),
('S0301_014', 'TBA Trạm giàn D0301-14', 'PC03', 'D0301', '0.4kV', 'Trạm giàn', 400, 2013, 'Đông Anh', 67.67, 'Tốt', '2025-04-11'),
('S0301_015', 'TBA Trạm hợp bộ D0301-15', 'PC03', 'D0301', '0.4kV', 'Trạm hợp bộ', 630, 2024, 'Siemens', 40.04, 'Tốt', '2025-09-17'),
('S0301_016', 'TBA Trạm hợp bộ D0301-16', 'PC03', 'D0301', '0.4kV', 'Trạm hợp bộ', 320, 2006, 'Schneider Electric', 85.37, 'Kém', '2025-04-04'),
('S0301_017', 'TBA Trạm treo D0301-17', 'PC03', 'D0301', '0.4kV', 'Trạm treo', 750, 2004, 'Siemens', 67.17, 'Trung bình', '2025-03-25'),
('S0301_018', 'TBA Trạm hợp bộ D0301-18', 'PC03', 'D0301', '0.4kV', 'Trạm hợp bộ', 750, 2020, 'Hanaka', 49.82, 'Tốt', '2025-06-28'),
('S0301_019', 'TBA Trạm treo D0301-19', 'PC03', 'D0301', '0.4kV', 'Trạm treo', 500, 2020, 'Hanaka', 44.48, 'Tốt', '2025-08-21'),
('S0301_020', 'TBA Trạm hợp bộ D0301-20', 'PC03', 'D0301', '0.4kV', 'Trạm hợp bộ', 320, 2009, 'Siemens', 82.30, 'Trung bình', '2025-05-15'),
('S0301_021', 'TBA Trạm treo D0301-21', 'PC03', 'D0301', '0.4kV', 'Trạm treo', 250, 2014, 'Siemens', 51.13, 'Trung bình', '2025-09-13'),
('S0301_022', 'TBA Trạm hợp bộ D0301-22', 'PC03', 'D0301', '0.4kV', 'Trạm hợp bộ', 500, 2014, 'Thibidi', 67.41, 'Tốt', '2025-06-20'),
('S0301_023', 'TBA Trạm treo D0301-23', 'PC03', 'D0301', '0.4kV', 'Trạm treo', 500, 2015, 'Đông Anh', 65.04, 'Tốt', '2025-02-17'),
('S0301_024', 'TBA Trạm hợp bộ D0301-24', 'PC03', 'D0301', '0.4kV', 'Trạm hợp bộ', 160, 2020, 'Hanaka', 40.18, 'Tốt', '2025-08-17'),
('S0301_025', 'TBA Trạm giàn D0301-25', 'PC03', 'D0301', '0.4kV', 'Trạm giàn', 320, 2016, 'BTH', 68.29, 'Trung bình', '2025-07-25'),
('S0302_001', 'TBA Trạm hợp bộ D0302-1', 'PC03', 'D0302', '0.4kV', 'Trạm hợp bộ', 1000, 2010, 'Đông Anh', 70.37, 'Tốt', '2025-02-11'),
('S0302_002', 'TBA Trạm giàn D0302-2', 'PC03', 'D0302', '0.4kV', 'Trạm giàn', 250, 2003, 'LS Electric', 75.62, 'Kém', '2025-03-11'),
('S0302_003', 'TBA Trạm giàn D0302-3', 'PC03', 'D0302', '0.4kV', 'Trạm giàn', 320, 2002, 'BTH', 76.32, 'Trung bình', '2025-03-20'),
('S0302_004', 'TBA Trạm hợp bộ D0302-4', 'PC03', 'D0302', '0.4kV', 'Trạm hợp bộ', 250, 2022, 'BTH', 63.14, 'Tốt', '2025-06-27'),
('S0302_005', 'TBA Trạm hợp bộ D0302-5', 'PC03', 'D0302', '0.4kV', 'Trạm hợp bộ', 1000, 2004, 'BTH', 78.76, 'Trung bình', '2025-09-12'),
('S0302_006', 'TBA Trạm giàn D0302-6', 'PC03', 'D0302', '0.4kV', 'Trạm giàn', 160, 2000, 'Hanaka', 70.15, 'Trung bình', '2025-04-08'),
('S0302_007', 'TBA Trạm hợp bộ D0302-7', 'PC03', 'D0302', '0.4kV', 'Trạm hợp bộ', 75, 2004, 'Mitsubishi', 64.34, 'Kém', '2025-09-02'),
('S0302_008', 'TBA Trạm treo D0302-8', 'PC03', 'D0302', '0.4kV', 'Trạm treo', 750, 2021, 'LS Electric', 45.10, 'Tốt', '2025-07-05'),
('S0302_009', 'TBA Trạm treo D0302-9', 'PC03', 'D0302', '0.4kV', 'Trạm treo', 500, 2005, 'BTH', 65.06, 'Trung bình', '2025-06-22'),
('S0302_010', 'TBA Trạm hợp bộ D0302-10', 'PC03', 'D0302', '0.4kV', 'Trạm hợp bộ', 500, 2023, 'EEMC', 42.13, 'Tốt', '2025-08-08'),
('S0302_011', 'TBA Trạm giàn D0302-11', 'PC03', 'D0302', '0.4kV', 'Trạm giàn', 160, 2017, 'LS Electric', 57.18, 'Trung bình', '2025-08-15'),
('S0302_012', 'TBA Trạm hợp bộ D0302-12', 'PC03', 'D0302', '0.4kV', 'Trạm hợp bộ', 400, 2024, 'Mitsubishi', 43.45, 'Tốt', '2025-07-06'),
('S0302_013', 'TBA Trạm treo D0302-13', 'PC03', 'D0302', '0.4kV', 'Trạm treo', 250, 2006, 'Hanaka', 82.44, 'Trung bình', '2025-06-18'),
('S0302_014', 'TBA Trạm treo D0302-14', 'PC03', 'D0302', '0.4kV', 'Trạm treo', 250, 2003, 'Schneider Electric', 79.92, 'Trung bình', '2025-05-15'),
('S0302_015', 'TBA Trạm treo D0302-15', 'PC03', 'D0302', '0.4kV', 'Trạm treo', 75, 2016, 'Hanaka', 54.42, 'Trung bình', '2025-06-01'),
('S0302_016', 'TBA Trạm giàn D0302-16', 'PC03', 'D0302', '0.4kV', 'Trạm giàn', 160, 2013, 'Siemens', 51.60, 'Trung bình', '2025-06-08'),
('S0302_017', 'TBA Trạm giàn D0302-17', 'PC03', 'D0302', '0.4kV', 'Trạm giàn', 1000, 2000, 'Schneider Electric', 68.92, 'Trung bình', '2025-03-02'),
('S0302_018', 'TBA Trạm hợp bộ D0302-18', 'PC03', 'D0302', '0.4kV', 'Trạm hợp bộ', 100, 2009, 'Hanaka', 85.69, 'Kém', '2025-08-20'),
('S0302_019', 'TBA Trạm treo D0302-19', 'PC03', 'D0302', '0.4kV', 'Trạm treo', 250, 2000, 'Schneider Electric', 85.36, 'Trung bình', '2025-09-24'),
('S0302_020', 'TBA Trạm giàn D0302-20', 'PC03', 'D0302', '0.4kV', 'Trạm giàn', 75, 2019, 'Thibidi', 50.83, 'Tốt', '2025-05-04'),
('S0302_021', 'TBA Trạm treo D0302-21', 'PC03', 'D0302', '0.4kV', 'Trạm treo', 75, 2001, 'Hanaka', 66.68, 'Kém', '2025-09-01'),
('S0302_022', 'TBA Trạm hợp bộ D0302-22', 'PC03', 'D0302', '0.4kV', 'Trạm hợp bộ', 160, 2020, 'Schneider Electric', 50.46, 'Tốt', '2025-05-14'),
('S0303_001', 'TBA Trạm giàn D0303-1', 'PC03', 'D0303', '0.4kV', 'Trạm giàn', 750, 2000, 'Schneider Electric', 77.21, 'Trung bình', '2025-02-17'),
('S0303_002', 'TBA Trạm giàn D0303-2', 'PC03', 'D0303', '0.4kV', 'Trạm giàn', 400, 2011, 'ABB', 52.03, 'Tốt', '2025-07-12'),
('S0303_003', 'TBA Trạm giàn D0303-3', 'PC03', 'D0303', '0.4kV', 'Trạm giàn', 75, 2008, 'Thibidi', 80.92, 'Kém', '2025-02-25'),
('S0303_004', 'TBA Trạm treo D0303-4', 'PC03', 'D0303', '0.4kV', 'Trạm treo', 320, 2018, 'ABB', 57.06, 'Tốt', '2025-06-18'),
('S0303_005', 'TBA Trạm giàn D0303-5', 'PC03', 'D0303', '0.4kV', 'Trạm giàn', 1000, 2010, 'Hanaka', 74.41, 'Tốt', '2025-03-26'),
('S0303_006', 'TBA Trạm giàn D0303-6', 'PC03', 'D0303', '0.4kV', 'Trạm giàn', 50, 2004, 'Thibidi', 61.77, 'Kém', '2025-01-26'),
('S0303_007', 'TBA Trạm hợp bộ D0303-7', 'PC03', 'D0303', '0.4kV', 'Trạm hợp bộ', 250, 2006, 'BTH', 84.80, 'Kém', '2025-09-16'),
('S0303_008', 'TBA Trạm giàn D0303-8', 'PC03', 'D0303', '0.4kV', 'Trạm giàn', 250, 2008, 'ABB', 61.03, 'Trung bình', '2025-06-09'),
('S0303_009', 'TBA Trạm hợp bộ D0303-9', 'PC03', 'D0303', '0.4kV', 'Trạm hợp bộ', 400, 2003, 'Hanaka', 82.38, 'Kém', '2025-07-11'),
('S0303_010', 'TBA Trạm hợp bộ D0303-10', 'PC03', 'D0303', '0.4kV', 'Trạm hợp bộ', 320, 2005, 'EEMC', 73.89, 'Kém', '2025-02-24'),
('S0303_011', 'TBA Trạm giàn D0303-11', 'PC03', 'D0303', '0.4kV', 'Trạm giàn', 630, 2013, 'Đông Anh', 52.37, 'Tốt', '2025-02-03'),
('S0303_012', 'TBA Trạm hợp bộ D0303-12', 'PC03', 'D0303', '0.4kV', 'Trạm hợp bộ', 500, 2010, 'BTH', 69.83, 'Trung bình', '2025-03-23'),
('S0303_013', 'TBA Trạm hợp bộ D0303-13', 'PC03', 'D0303', '0.4kV', 'Trạm hợp bộ', 320, 2014, 'BTH', 60.55, 'Tốt', '2025-05-21'),
('S0303_014', 'TBA Trạm hợp bộ D0303-14', 'PC03', 'D0303', '0.4kV', 'Trạm hợp bộ', 320, 2001, 'Schneider Electric', 62.10, 'Kém', '2025-01-05'),
('S0303_015', 'TBA Trạm treo D0303-15', 'PC03', 'D0303', '0.4kV', 'Trạm treo', 500, 2019, 'Schneider Electric', 55.34, 'Tốt', '2025-02-08'),
('S0303_016', 'TBA Trạm giàn D0303-16', 'PC03', 'D0303', '0.4kV', 'Trạm giàn', 320, 2024, 'LS Electric', 54.35, 'Tốt', '2025-01-20'),
('S0303_017', 'TBA Trạm giàn D0303-17', 'PC03', 'D0303', '0.4kV', 'Trạm giàn', 320, 2004, 'Siemens', 79.01, 'Kém', '2025-03-17'),
('S0303_018', 'TBA Trạm treo D0303-18', 'PC03', 'D0303', '0.4kV', 'Trạm treo', 160, 2011, 'ABB', 61.94, 'Trung bình', '2025-03-16'),
('S0303_019', 'TBA Trạm giàn D0303-19', 'PC03', 'D0303', '0.4kV', 'Trạm giàn', 250, 2016, 'Hanaka', 61.61, 'Tốt', '2025-04-20'),
('S0304_001', 'TBA Trạm treo D0304-1', 'PC03', 'D0304', '0.4kV', 'Trạm treo', 160, 2009, 'Schneider Electric', 79.43, 'Kém', '2025-02-15'),
('S0304_002', 'TBA Trạm hợp bộ D0304-2', 'PC03', 'D0304', '0.4kV', 'Trạm hợp bộ', 75, 2005, 'Đông Anh', 85.16, 'Kém', '2025-06-23'),
('S0304_003', 'TBA Trạm treo D0304-3', 'PC03', 'D0304', '0.4kV', 'Trạm treo', 250, 2002, 'Schneider Electric', 75.40, 'Kém', '2025-06-17'),
('S0304_004', 'TBA Trạm treo D0304-4', 'PC03', 'D0304', '0.4kV', 'Trạm treo', 100, 2007, 'Hanaka', 63.40, 'Trung bình', '2025-01-12'),
('S0304_005', 'TBA Trạm treo D0304-5', 'PC03', 'D0304', '0.4kV', 'Trạm treo', 630, 2017, 'LS Electric', 67.17, 'Trung bình', '2025-02-03'),
('S0304_006', 'TBA Trạm giàn D0304-6', 'PC03', 'D0304', '0.4kV', 'Trạm giàn', 630, 2009, 'BTH', 71.15, 'Kém', '2025-02-05'),
('S0304_007', 'TBA Trạm hợp bộ D0304-7', 'PC03', 'D0304', '0.4kV', 'Trạm hợp bộ', 500, 2010, 'Mitsubishi', 69.27, 'Trung bình', '2025-06-05'),
('S0304_008', 'TBA Trạm treo D0304-8', 'PC03', 'D0304', '0.4kV', 'Trạm treo', 750, 2024, 'Schneider Electric', 51.54, 'Tốt', '2025-07-17'),
('S0304_009', 'TBA Trạm treo D0304-9', 'PC03', 'D0304', '0.4kV', 'Trạm treo', 250, 2001, 'Schneider Electric', 83.28, 'Trung bình', '2025-06-23'),
('S0304_010', 'TBA Trạm giàn D0304-10', 'PC03', 'D0304', '0.4kV', 'Trạm giàn', 75, 2007, 'Thibidi', 69.69, 'Kém', '2025-09-09'),
('S0304_011', 'TBA Trạm hợp bộ D0304-11', 'PC03', 'D0304', '0.4kV', 'Trạm hợp bộ', 630, 2004, 'Schneider Electric', 77.50, 'Trung bình', '2025-03-06'),
('S0304_012', 'TBA Trạm giàn D0304-12', 'PC03', 'D0304', '0.4kV', 'Trạm giàn', 750, 2021, 'LS Electric', 53.73, 'Tốt', '2025-01-27'),
('S0304_013', 'TBA Trạm treo D0304-13', 'PC03', 'D0304', '0.4kV', 'Trạm treo', 1000, 2000, 'LS Electric', 62.27, 'Kém', '2025-07-20'),
('S0304_014', 'TBA Trạm hợp bộ D0304-14', 'PC03', 'D0304', '0.4kV', 'Trạm hợp bộ', 1000, 2020, 'EEMC', 35.91, 'Tốt', '2025-05-16'),
('S0304_015', 'TBA Trạm giàn D0304-15', 'PC03', 'D0304', '0.4kV', 'Trạm giàn', 250, 2007, 'Siemens', 82.53, 'Kém', '2025-01-06'),
('S0305_001', 'TBA Trạm giàn D0305-1', 'PC03', 'D0305', '0.4kV', 'Trạm giàn', 160, 2014, 'LS Electric', 62.47, 'Trung bình', '2025-03-11'),
('S0305_002', 'TBA Trạm giàn D0305-2', 'PC03', 'D0305', '0.4kV', 'Trạm giàn', 320, 2022, 'Schneider Electric', 44.58, 'Tốt', '2025-06-17'),
('S0305_003', 'TBA Trạm treo D0305-3', 'PC03', 'D0305', '0.4kV', 'Trạm treo', 500, 2017, 'EEMC', 53.19, 'Tốt', '2025-08-08'),
('S0305_004', 'TBA Trạm hợp bộ D0305-4', 'PC03', 'D0305', '0.4kV', 'Trạm hợp bộ', 400, 2004, 'BTH', 62.71, 'Kém', '2025-04-28'),
('S0305_005', 'TBA Trạm treo D0305-5', 'PC03', 'D0305', '0.4kV', 'Trạm treo', 160, 2005, 'Hanaka', 82.78, 'Kém', '2025-09-15'),
('S0305_006', 'TBA Trạm treo D0305-6', 'PC03', 'D0305', '0.4kV', 'Trạm treo', 50, 2015, 'BTH', 76.37, 'Trung bình', '2025-09-15'),
('S0305_007', 'TBA Trạm treo D0305-7', 'PC03', 'D0305', '0.4kV', 'Trạm treo', 50, 2007, 'EEMC', 66.02, 'Kém', '2025-08-20'),
('S0305_008', 'TBA Trạm hợp bộ D0305-8', 'PC03', 'D0305', '0.4kV', 'Trạm hợp bộ', 250, 2020, 'ABB', 55.18, 'Tốt', '2025-02-14'),
('S0305_009', 'TBA Trạm giàn D0305-9', 'PC03', 'D0305', '0.4kV', 'Trạm giàn', 400, 2004, 'ABB', 84.71, 'Kém', '2025-07-02'),
('S0305_010', 'TBA Trạm hợp bộ D0305-10', 'PC03', 'D0305', '0.4kV', 'Trạm hợp bộ', 320, 2018, 'EEMC', 51.85, 'Tốt', '2025-02-13'),
('S0305_011', 'TBA Trạm hợp bộ D0305-11', 'PC03', 'D0305', '0.4kV', 'Trạm hợp bộ', 750, 2016, 'LS Electric', 63.51, 'Trung bình', '2025-02-05'),
('S0305_012', 'TBA Trạm giàn D0305-12', 'PC03', 'D0305', '0.4kV', 'Trạm giàn', 630, 2003, 'Schneider Electric', 71.03, 'Kém', '2025-04-20'),
('S0305_013', 'TBA Trạm treo D0305-13', 'PC03', 'D0305', '0.4kV', 'Trạm treo', 50, 2016, 'Schneider Electric', 62.04, 'Tốt', '2025-06-26'),
('S0305_014', 'TBA Trạm hợp bộ D0305-14', 'PC03', 'D0305', '0.4kV', 'Trạm hợp bộ', 750, 2015, 'Schneider Electric', 65.58, 'Tốt', '2025-06-20'),
('S0305_015', 'TBA Trạm giàn D0305-15', 'PC03', 'D0305', '0.4kV', 'Trạm giàn', 750, 2010, 'Mitsubishi', 54.88, 'Trung bình', '2025-09-18'),
('S0305_016', 'TBA Trạm treo D0305-16', 'PC03', 'D0305', '0.4kV', 'Trạm treo', 500, 2015, 'Đông Anh', 71.26, 'Trung bình', '2025-06-22'),
('S0306_001', 'TBA Trạm treo D0306-1', 'PC03', 'D0306', '0.4kV', 'Trạm treo', 1000, 2003, 'LS Electric', 87.44, 'Kém', '2025-08-09'),
('S0306_002', 'TBA Trạm hợp bộ D0306-2', 'PC03', 'D0306', '0.4kV', 'Trạm hợp bộ', 750, 2020, 'Thibidi', 58.49, 'Tốt', '2025-01-19'),
('S0306_003', 'TBA Trạm hợp bộ D0306-3', 'PC03', 'D0306', '0.4kV', 'Trạm hợp bộ', 100, 2015, 'Thibidi', 55.12, 'Trung bình', '2025-01-19'),
('S0306_004', 'TBA Trạm giàn D0306-4', 'PC03', 'D0306', '0.4kV', 'Trạm giàn', 50, 2022, 'Đông Anh', 38.30, 'Tốt', '2025-07-05'),
('S0306_005', 'TBA Trạm hợp bộ D0306-5', 'PC03', 'D0306', '0.4kV', 'Trạm hợp bộ', 630, 2013, 'Hanaka', 70.72, 'Trung bình', '2025-01-23'),
('S0306_006', 'TBA Trạm giàn D0306-6', 'PC03', 'D0306', '0.4kV', 'Trạm giàn', 1000, 2004, 'Mitsubishi', 74.52, 'Kém', '2025-07-11'),
('S0306_007', 'TBA Trạm giàn D0306-7', 'PC03', 'D0306', '0.4kV', 'Trạm giàn', 630, 2005, 'EEMC', 72.87, 'Kém', '2025-08-07'),
('S0306_008', 'TBA Trạm giàn D0306-8', 'PC03', 'D0306', '0.4kV', 'Trạm giàn', 160, 2007, 'EEMC', 67.81, 'Kém', '2025-04-23'),
('S0306_009', 'TBA Trạm giàn D0306-9', 'PC03', 'D0306', '0.4kV', 'Trạm giàn', 500, 2022, 'Mitsubishi', 49.67, 'Tốt', '2025-05-10'),
('S0306_010', 'TBA Trạm giàn D0306-10', 'PC03', 'D0306', '0.4kV', 'Trạm giàn', 400, 2003, 'Schneider Electric', 76.06, 'Kém', '2025-05-02'),
('S0306_011', 'TBA Trạm giàn D0306-11', 'PC03', 'D0306', '0.4kV', 'Trạm giàn', 320, 2009, 'EEMC', 86.75, 'Trung bình', '2025-08-07'),
('S0306_012', 'TBA Trạm hợp bộ D0306-12', 'PC03', 'D0306', '0.4kV', 'Trạm hợp bộ', 630, 2006, 'EEMC', 83.18, 'Kém', '2025-03-04'),
('S0306_013', 'TBA Trạm treo D0306-13', 'PC03', 'D0306', '0.4kV', 'Trạm treo', 160, 2019, 'ABB', 57.23, 'Tốt', '2025-09-08'),
('S0307_001', 'TBA Trạm giàn D0307-1', 'PC03', 'D0307', '0.4kV', 'Trạm giàn', 75, 2020, 'Đông Anh', 41.99, 'Tốt', '2025-08-04'),
('S0307_002', 'TBA Trạm hợp bộ D0307-2', 'PC03', 'D0307', '0.4kV', 'Trạm hợp bộ', 50, 2021, 'Schneider Electric', 58.12, 'Tốt', '2025-07-21'),
('S0307_003', 'TBA Trạm giàn D0307-3', 'PC03', 'D0307', '0.4kV', 'Trạm giàn', 250, 2015, 'EEMC', 64.32, 'Tốt', '2025-01-25'),
('S0307_004', 'TBA Trạm hợp bộ D0307-4', 'PC03', 'D0307', '0.4kV', 'Trạm hợp bộ', 630, 2002, 'ABB', 78.26, 'Trung bình', '2025-03-14'),
('S0307_005', 'TBA Trạm giàn D0307-5', 'PC03', 'D0307', '0.4kV', 'Trạm giàn', 400, 2005, 'Schneider Electric', 86.15, 'Trung bình', '2025-05-02'),
('S0307_006', 'TBA Trạm giàn D0307-6', 'PC03', 'D0307', '0.4kV', 'Trạm giàn', 320, 2000, 'Hanaka', 68.35, 'Trung bình', '2025-09-17'),
('S0307_007', 'TBA Trạm giàn D0307-7', 'PC03', 'D0307', '0.4kV', 'Trạm giàn', 630, 2015, 'EEMC', 76.68, 'Tốt', '2025-04-26'),
('S0307_008', 'TBA Trạm giàn D0307-8', 'PC03', 'D0307', '0.4kV', 'Trạm giàn', 1000, 2003, 'Schneider Electric', 69.26, 'Kém', '2025-01-24'),
('S0307_009', 'TBA Trạm hợp bộ D0307-9', 'PC03', 'D0307', '0.4kV', 'Trạm hợp bộ', 100, 2010, 'BTH', 73.72, 'Tốt', '2025-07-17'),
('S0307_010', 'TBA Trạm treo D0307-10', 'PC03', 'D0307', '0.4kV', 'Trạm treo', 100, 2010, 'Hanaka', 52.60, 'Tốt', '2025-06-08'),
('S0307_011', 'TBA Trạm giàn D0307-11', 'PC03', 'D0307', '0.4kV', 'Trạm giàn', 500, 2000, 'Đông Anh', 67.30, 'Trung bình', '2025-05-19'),
('S0308_001', 'TBA Trạm hợp bộ D0308-1', 'PC03', 'D0308', '0.4kV', 'Trạm hợp bộ', 250, 2023, 'Đông Anh', 52.19, 'Tốt', '2025-04-02'),
('S0308_002', 'TBA Trạm treo D0308-2', 'PC03', 'D0308', '0.4kV', 'Trạm treo', 250, 2021, 'BTH', 38.55, 'Tốt', '2025-09-23'),
('S0308_003', 'TBA Trạm hợp bộ D0308-3', 'PC03', 'D0308', '0.4kV', 'Trạm hợp bộ', 75, 2024, 'EEMC', 44.33, 'Tốt', '2025-06-20'),
('S0308_004', 'TBA Trạm treo D0308-4', 'PC03', 'D0308', '0.4kV', 'Trạm treo', 500, 2007, 'Hanaka', 66.14, 'Trung bình', '2025-06-14'),
('S0308_005', 'TBA Trạm hợp bộ D0308-5', 'PC03', 'D0308', '0.4kV', 'Trạm hợp bộ', 500, 2022, 'Thibidi', 51.48, 'Tốt', '2025-04-22'),
('S0308_006', 'TBA Trạm hợp bộ D0308-6', 'PC03', 'D0308', '0.4kV', 'Trạm hợp bộ', 75, 2024, 'Hanaka', 52.87, 'Tốt', '2025-09-23'),
('S0308_007', 'TBA Trạm hợp bộ D0308-7', 'PC03', 'D0308', '0.4kV', 'Trạm hợp bộ', 50, 2011, 'Mitsubishi', 52.34, 'Tốt', '2025-04-19'),
('S0308_008', 'TBA Trạm giàn D0308-8', 'PC03', 'D0308', '0.4kV', 'Trạm giàn', 630, 2017, 'Siemens', 54.50, 'Trung bình', '2025-04-23'),
('S0308_009', 'TBA Trạm giàn D0308-9', 'PC03', 'D0308', '0.4kV', 'Trạm giàn', 630, 2018, 'ABB', 49.66, 'Tốt', '2025-08-05'),
('S0308_010', 'TBA Trạm giàn D0308-10', 'PC03', 'D0308', '0.4kV', 'Trạm giàn', 630, 2016, 'EEMC', 62.46, 'Tốt', '2025-01-13'),
('S0308_011', 'TBA Trạm treo D0308-11', 'PC03', 'D0308', '0.4kV', 'Trạm treo', 750, 2008, 'ABB', 82.86, 'Trung bình', '2025-07-12'),
('S0308_012', 'TBA Trạm treo D0308-12', 'PC03', 'D0308', '0.4kV', 'Trạm treo', 50, 2022, 'Hanaka', 36.91, 'Tốt', '2025-01-10'),
('S0308_013', 'TBA Trạm hợp bộ D0308-13', 'PC03', 'D0308', '0.4kV', 'Trạm hợp bộ', 1000, 2013, 'BTH', 55.40, 'Tốt', '2025-06-13'),
('S0308_014', 'TBA Trạm treo D0308-14', 'PC03', 'D0308', '0.4kV', 'Trạm treo', 400, 2014, 'Mitsubishi', 76.09, 'Trung bình', '2025-03-21'),
('S0309_001', 'TBA Trạm treo D0309-1', 'PC03', 'D0309', '0.4kV', 'Trạm treo', 630, 2011, 'Thibidi', 53.56, 'Trung bình', '2025-01-25'),
('S0309_002', 'TBA Trạm hợp bộ D0309-2', 'PC03', 'D0309', '0.4kV', 'Trạm hợp bộ', 1000, 2000, 'Mitsubishi', 87.40, 'Kém', '2025-07-18'),
('S0309_003', 'TBA Trạm giàn D0309-3', 'PC03', 'D0309', '0.4kV', 'Trạm giàn', 500, 2012, 'Schneider Electric', 74.70, 'Tốt', '2025-05-07'),
('S0309_004', 'TBA Trạm hợp bộ D0309-4', 'PC03', 'D0309', '0.4kV', 'Trạm hợp bộ', 50, 2023, 'BTH', 57.96, 'Tốt', '2025-01-08'),
('S0309_005', 'TBA Trạm hợp bộ D0309-5', 'PC03', 'D0309', '0.4kV', 'Trạm hợp bộ', 500, 2006, 'ABB', 61.88, 'Trung bình', '2025-04-24'),
('S0309_006', 'TBA Trạm treo D0309-6', 'PC03', 'D0309', '0.4kV', 'Trạm treo', 630, 2001, 'ABB', 71.26, 'Trung bình', '2025-03-17'),
('S0309_007', 'TBA Trạm hợp bộ D0309-7', 'PC03', 'D0309', '0.4kV', 'Trạm hợp bộ', 750, 2009, 'Đông Anh', 66.56, 'Kém', '2025-04-10'),
('S0309_008', 'TBA Trạm giàn D0309-8', 'PC03', 'D0309', '0.4kV', 'Trạm giàn', 400, 2004, 'EEMC', 87.60, 'Trung bình', '2025-01-18'),
('S0309_009', 'TBA Trạm hợp bộ D0309-9', 'PC03', 'D0309', '0.4kV', 'Trạm hợp bộ', 100, 2018, 'BTH', 61.39, 'Tốt', '2025-09-16'),
('S0310_001', 'TBA Trạm giàn D0310-1', 'PC03', 'D0310', '0.4kV', 'Trạm giàn', 630, 2001, 'BTH', 87.22, 'Kém', '2025-07-05'),
('S0310_002', 'TBA Trạm treo D0310-2', 'PC03', 'D0310', '0.4kV', 'Trạm treo', 160, 2009, 'EEMC', 70.54, 'Kém', '2025-03-26'),
('S0310_003', 'TBA Trạm hợp bộ D0310-3', 'PC03', 'D0310', '0.4kV', 'Trạm hợp bộ', 400, 2014, 'Mitsubishi', 77.44, 'Trung bình', '2025-03-13'),
('S0310_004', 'TBA Trạm treo D0310-4', 'PC03', 'D0310', '0.4kV', 'Trạm treo', 1000, 2007, 'Hanaka', 67.14, 'Kém', '2025-06-03'),
('S0310_005', 'TBA Trạm giàn D0310-5', 'PC03', 'D0310', '0.4kV', 'Trạm giàn', 50, 2017, 'BTH', 71.74, 'Tốt', '2025-01-28'),
('S0310_006', 'TBA Trạm treo D0310-6', 'PC03', 'D0310', '0.4kV', 'Trạm treo', 500, 2002, 'Đông Anh', 65.27, 'Trung bình', '2025-05-01'),
('S0310_007', 'TBA Trạm treo D0310-7', 'PC03', 'D0310', '0.4kV', 'Trạm treo', 500, 2006, 'LS Electric', 86.24, 'Trung bình', '2025-04-13'),
('S0310_008', 'TBA Trạm giàn D0310-8', 'PC03', 'D0310', '0.4kV', 'Trạm giàn', 400, 2007, 'Mitsubishi', 75.46, 'Kém', '2025-06-10'),
('S0311_001', 'TBA Trạm treo D0311-1', 'PC03', 'D0311', '0.4kV', 'Trạm treo', 500, 2008, 'Hanaka', 70.07, 'Kém', '2025-06-07'),
('S0311_002', 'TBA Trạm treo D0311-2', 'PC03', 'D0311', '0.4kV', 'Trạm treo', 750, 2011, 'Schneider Electric', 59.39, 'Tốt', '2025-01-09'),
('S0311_003', 'TBA Trạm treo D0311-3', 'PC03', 'D0311', '0.4kV', 'Trạm treo', 250, 2017, 'Thibidi', 78.04, 'Trung bình', '2025-06-08'),
('S0311_004', 'TBA Trạm hợp bộ D0311-4', 'PC03', 'D0311', '0.4kV', 'Trạm hợp bộ', 500, 2012, 'Đông Anh', 67.09, 'Tốt', '2025-05-25'),
('S0311_005', 'TBA Trạm treo D0311-5', 'PC03', 'D0311', '0.4kV', 'Trạm treo', 500, 2015, 'Đông Anh', 79.00, 'Trung bình', '2025-03-05'),
('S0311_006', 'TBA Trạm hợp bộ D0311-6', 'PC03', 'D0311', '0.4kV', 'Trạm hợp bộ', 100, 2023, 'ABB', 51.40, 'Tốt', '2025-09-02'),
('S0311_007', 'TBA Trạm giàn D0311-7', 'PC03', 'D0311', '0.4kV', 'Trạm giàn', 50, 2002, 'Schneider Electric', 86.47, 'Trung bình', '2025-04-03'),
('S0311_008', 'TBA Trạm hợp bộ D0311-8', 'PC03', 'D0311', '0.4kV', 'Trạm hợp bộ', 160, 2022, 'Hanaka', 39.53, 'Tốt', '2025-06-02'),
('S0311_009', 'TBA Trạm giàn D0311-9', 'PC03', 'D0311', '0.4kV', 'Trạm giàn', 750, 2019, 'Hanaka', 54.13, 'Tốt', '2025-01-01'),
('S0311_010', 'TBA Trạm hợp bộ D0311-10', 'PC03', 'D0311', '0.4kV', 'Trạm hợp bộ', 50, 2017, 'EEMC', 66.55, 'Tốt', '2025-09-10'),
('S0311_011', 'TBA Trạm treo D0311-11', 'PC03', 'D0311', '0.4kV', 'Trạm treo', 100, 2000, 'Siemens', 74.06, 'Kém', '2025-09-05'),
('S0401_001', 'TBA Trạm giàn D0401-1', 'PC04', 'D0401', '0.4kV', 'Trạm giàn', 320, 2007, 'BTH', 65.37, 'Kém', '2025-02-12'),
('S0401_002', 'TBA Trạm giàn D0401-2', 'PC04', 'D0401', '0.4kV', 'Trạm giàn', 160, 2012, 'Siemens', 63.77, 'Tốt', '2025-01-03'),
('S0401_003', 'TBA Trạm hợp bộ D0401-3', 'PC04', 'D0401', '0.4kV', 'Trạm hợp bộ', 50, 2012, 'ABB', 61.38, 'Trung bình', '2025-03-03'),
('S0401_004', 'TBA Trạm treo D0401-4', 'PC04', 'D0401', '0.4kV', 'Trạm treo', 750, 2015, 'Mitsubishi', 75.36, 'Trung bình', '2025-01-08'),
('S0401_005', 'TBA Trạm treo D0401-5', 'PC04', 'D0401', '0.4kV', 'Trạm treo', 250, 2006, 'Siemens', 85.24, 'Kém', '2025-05-18'),
('S0401_006', 'TBA Trạm giàn D0401-6', 'PC04', 'D0401', '0.4kV', 'Trạm giàn', 100, 2018, 'ABB', 54.74, 'Tốt', '2025-04-19'),
('S0401_007', 'TBA Trạm giàn D0401-7', 'PC04', 'D0401', '0.4kV', 'Trạm giàn', 75, 2004, 'Schneider Electric', 81.06, 'Kém', '2025-04-19'),
('S0401_008', 'TBA Trạm hợp bộ D0401-8', 'PC04', 'D0401', '0.4kV', 'Trạm hợp bộ', 400, 2012, 'Schneider Electric', 70.31, 'Trung bình', '2025-02-17'),
('S0401_009', 'TBA Trạm treo D0401-9', 'PC04', 'D0401', '0.4kV', 'Trạm treo', 50, 2023, 'BTH', 64.23, 'Tốt', '2025-04-27'),
('S0401_010', 'TBA Trạm treo D0401-10', 'PC04', 'D0401', '0.4kV', 'Trạm treo', 320, 2002, 'EEMC', 69.54, 'Kém', '2025-08-16'),
('S0401_011', 'TBA Trạm treo D0401-11', 'PC04', 'D0401', '0.4kV', 'Trạm treo', 400, 2007, 'LS Electric', 69.96, 'Kém', '2025-07-03'),
('S0401_012', 'TBA Trạm hợp bộ D0401-12', 'PC04', 'D0401', '0.4kV', 'Trạm hợp bộ', 160, 2024, 'Siemens', 53.56, 'Tốt', '2025-02-09'),
('S0401_013', 'TBA Trạm giàn D0401-13', 'PC04', 'D0401', '0.4kV', 'Trạm giàn', 400, 2004, 'Đông Anh', 70.64, 'Trung bình', '2025-02-03'),
('S0401_014', 'TBA Trạm giàn D0401-14', 'PC04', 'D0401', '0.4kV', 'Trạm giàn', 320, 2000, 'Siemens', 86.40, 'Kém', '2025-03-03'),
('S0401_015', 'TBA Trạm treo D0401-15', 'PC04', 'D0401', '0.4kV', 'Trạm treo', 75, 2005, 'Siemens', 72.07, 'Kém', '2025-06-18'),
('S0401_016', 'TBA Trạm treo D0401-16', 'PC04', 'D0401', '0.4kV', 'Trạm treo', 400, 2002, 'EEMC', 76.71, 'Kém', '2025-07-13'),
('S0401_017', 'TBA Trạm treo D0401-17', 'PC04', 'D0401', '0.4kV', 'Trạm treo', 630, 2024, 'LS Electric', 37.54, 'Tốt', '2025-09-06'),
('S0401_018', 'TBA Trạm giàn D0401-18', 'PC04', 'D0401', '0.4kV', 'Trạm giàn', 100, 2021, 'EEMC', 46.42, 'Tốt', '2025-05-16'),
('S0401_019', 'TBA Trạm giàn D0401-19', 'PC04', 'D0401', '0.4kV', 'Trạm giàn', 250, 2004, 'EEMC', 61.77, 'Kém', '2025-08-26'),
('S0401_020', 'TBA Trạm giàn D0401-20', 'PC04', 'D0401', '0.4kV', 'Trạm giàn', 1000, 2002, 'LS Electric', 70.11, 'Trung bình', '2025-04-15'),
('S0402_001', 'TBA Trạm giàn D0402-1', 'PC04', 'D0402', '0.4kV', 'Trạm giàn', 400, 2003, 'LS Electric', 63.79, 'Trung bình', '2025-07-26'),
('S0402_002', 'TBA Trạm hợp bộ D0402-2', 'PC04', 'D0402', '0.4kV', 'Trạm hợp bộ', 1000, 2010, 'Schneider Electric', 63.21, 'Trung bình', '2025-05-11'),
('S0402_003', 'TBA Trạm giàn D0402-3', 'PC04', 'D0402', '0.4kV', 'Trạm giàn', 160, 2019, 'Đông Anh', 63.42, 'Tốt', '2025-03-13'),
('S0402_004', 'TBA Trạm treo D0402-4', 'PC04', 'D0402', '0.4kV', 'Trạm treo', 750, 2010, 'Đông Anh', 58.74, 'Trung bình', '2025-07-09'),
('S0402_005', 'TBA Trạm hợp bộ D0402-5', 'PC04', 'D0402', '0.4kV', 'Trạm hợp bộ', 750, 2012, 'Schneider Electric', 60.95, 'Tốt', '2025-09-01'),
('S0402_006', 'TBA Trạm giàn D0402-6', 'PC04', 'D0402', '0.4kV', 'Trạm giàn', 160, 2023, 'EEMC', 48.85, 'Tốt', '2025-02-27'),
('S0402_007', 'TBA Trạm giàn D0402-7', 'PC04', 'D0402', '0.4kV', 'Trạm giàn', 1000, 2013, 'Thibidi', 70.19, 'Tốt', '2025-05-22'),
('S0402_008', 'TBA Trạm giàn D0402-8', 'PC04', 'D0402', '0.4kV', 'Trạm giàn', 75, 2004, 'LS Electric', 80.03, 'Kém', '2025-08-19'),
('S0402_009', 'TBA Trạm treo D0402-9', 'PC04', 'D0402', '0.4kV', 'Trạm treo', 630, 2012, 'Đông Anh', 66.03, 'Trung bình', '2025-09-20'),
('S0402_010', 'TBA Trạm treo D0402-10', 'PC04', 'D0402', '0.4kV', 'Trạm treo', 75, 2020, 'Đông Anh', 62.43, 'Tốt', '2025-03-21'),
('S0402_011', 'TBA Trạm hợp bộ D0402-11', 'PC04', 'D0402', '0.4kV', 'Trạm hợp bộ', 1000, 2019, 'BTH', 36.33, 'Tốt', '2025-06-26'),
('S0403_001', 'TBA Trạm treo D0403-1', 'PC04', 'D0403', '0.4kV', 'Trạm treo', 250, 2013, 'Mitsubishi', 53.18, 'Tốt', '2025-09-18'),
('S0403_002', 'TBA Trạm giàn D0403-2', 'PC04', 'D0403', '0.4kV', 'Trạm giàn', 160, 2018, 'Đông Anh', 55.63, 'Tốt', '2025-07-15'),
('S0403_003', 'TBA Trạm treo D0403-3', 'PC04', 'D0403', '0.4kV', 'Trạm treo', 630, 2024, 'Đông Anh', 55.39, 'Tốt', '2025-01-16'),
('S0403_004', 'TBA Trạm hợp bộ D0403-4', 'PC04', 'D0403', '0.4kV', 'Trạm hợp bộ', 75, 2003, 'Schneider Electric', 68.27, 'Trung bình', '2025-06-10'),
('S0403_005', 'TBA Trạm giàn D0403-5', 'PC04', 'D0403', '0.4kV', 'Trạm giàn', 630, 2010, 'Đông Anh', 63.66, 'Tốt', '2025-08-04'),
('S0403_006', 'TBA Trạm treo D0403-6', 'PC04', 'D0403', '0.4kV', 'Trạm treo', 320, 2014, 'EEMC', 71.66, 'Trung bình', '2025-01-26'),
('S0403_007', 'TBA Trạm hợp bộ D0403-7', 'PC04', 'D0403', '0.4kV', 'Trạm hợp bộ', 320, 2022, 'Siemens', 38.45, 'Tốt', '2025-03-24'),
('S0403_008', 'TBA Trạm hợp bộ D0403-8', 'PC04', 'D0403', '0.4kV', 'Trạm hợp bộ', 320, 2007, 'BTH', 74.45, 'Trung bình', '2025-08-08'),
('S0403_009', 'TBA Trạm hợp bộ D0403-9', 'PC04', 'D0403', '0.4kV', 'Trạm hợp bộ', 1000, 2012, 'BTH', 68.89, 'Tốt', '2025-07-01'),
('S0404_001', 'TBA Trạm giàn D0404-1', 'PC04', 'D0404', '0.4kV', 'Trạm giàn', 160, 2023, 'LS Electric', 53.42, 'Tốt', '2025-07-13'),
('S0404_002', 'TBA Trạm hợp bộ D0404-2', 'PC04', 'D0404', '0.4kV', 'Trạm hợp bộ', 250, 2000, 'Siemens', 79.73, 'Trung bình', '2025-02-26'),
('S0404_003', 'TBA Trạm giàn D0404-3', 'PC04', 'D0404', '0.4kV', 'Trạm giàn', 160, 2017, 'Siemens', 55.61, 'Trung bình', '2025-05-22'),
('S0404_004', 'TBA Trạm giàn D0404-4', 'PC04', 'D0404', '0.4kV', 'Trạm giàn', 750, 2015, 'LS Electric', 65.83, 'Trung bình', '2025-07-19'),
('S0404_005', 'TBA Trạm treo D0404-5', 'PC04', 'D0404', '0.4kV', 'Trạm treo', 750, 2003, 'EEMC', 69.74, 'Kém', '2025-02-22'),
('S0404_006', 'TBA Trạm treo D0404-6', 'PC04', 'D0404', '0.4kV', 'Trạm treo', 250, 2004, 'Schneider Electric', 68.77, 'Trung bình', '2025-06-23'),
('S0404_007', 'TBA Trạm treo D0404-7', 'PC04', 'D0404', '0.4kV', 'Trạm treo', 750, 2004, 'LS Electric', 74.30, 'Kém', '2025-07-14'),
('S0404_008', 'TBA Trạm treo D0404-8', 'PC04', 'D0404', '0.4kV', 'Trạm treo', 630, 2005, 'Hanaka', 73.63, 'Trung bình', '2025-05-05'),
('S0405_001', 'TBA Trạm treo D0405-1', 'PC04', 'D0405', '0.4kV', 'Trạm treo', 750, 2005, 'Đông Anh', 68.81, 'Kém', '2025-01-16'),
('S0405_002', 'TBA Trạm hợp bộ D0405-2', 'PC04', 'D0405', '0.4kV', 'Trạm hợp bộ', 630, 2004, 'Hanaka', 65.46, 'Kém', '2025-07-22'),
('S0405_003', 'TBA Trạm treo D0405-3', 'PC04', 'D0405', '0.4kV', 'Trạm treo', 500, 2015, 'Siemens', 62.47, 'Trung bình', '2025-01-26'),
('S0405_004', 'TBA Trạm giàn D0405-4', 'PC04', 'D0405', '0.4kV', 'Trạm giàn', 50, 2024, 'Thibidi', 41.62, 'Tốt', '2025-09-10'),
('S0405_005', 'TBA Trạm hợp bộ D0405-5', 'PC04', 'D0405', '0.4kV', 'Trạm hợp bộ', 630, 2005, 'Siemens', 81.86, 'Kém', '2025-02-09'),
('S0405_006', 'TBA Trạm hợp bộ D0405-6', 'PC04', 'D0405', '0.4kV', 'Trạm hợp bộ', 320, 2024, 'ABB', 51.29, 'Tốt', '2025-08-18'),
('S0405_007', 'TBA Trạm treo D0405-7', 'PC04', 'D0405', '0.4kV', 'Trạm treo', 1000, 2006, 'EEMC', 87.71, 'Trung bình', '2025-01-15'),
('S0406_001', 'TBA Trạm treo D0406-1', 'PC04', 'D0406', '0.4kV', 'Trạm treo', 500, 2008, 'Thibidi', 69.76, 'Trung bình', '2025-04-26'),
('S0406_002', 'TBA Trạm hợp bộ D0406-2', 'PC04', 'D0406', '0.4kV', 'Trạm hợp bộ', 320, 2023, 'LS Electric', 52.64, 'Tốt', '2025-07-06'),
('S0406_003', 'TBA Trạm treo D0406-3', 'PC04', 'D0406', '0.4kV', 'Trạm treo', 160, 2019, 'ABB', 39.18, 'Tốt', '2025-06-18'),
('S0406_004', 'TBA Trạm hợp bộ D0406-4', 'PC04', 'D0406', '0.4kV', 'Trạm hợp bộ', 320, 2008, 'EEMC', 76.71, 'Trung bình', '2025-05-19'),
('S0406_005', 'TBA Trạm giàn D0406-5', 'PC04', 'D0406', '0.4kV', 'Trạm giàn', 100, 2008, 'ABB', 86.67, 'Trung bình', '2025-05-28'),
('S0406_006', 'TBA Trạm treo D0406-6', 'PC04', 'D0406', '0.4kV', 'Trạm treo', 100, 2020, 'Schneider Electric', 38.81, 'Tốt', '2025-06-27'),
('S0406_007', 'TBA Trạm treo D0406-7', 'PC04', 'D0406', '0.4kV', 'Trạm treo', 500, 2007, 'LS Electric', 81.32, 'Kém', '2025-05-21'),
('S0406_008', 'TBA Trạm treo D0406-8', 'PC04', 'D0406', '0.4kV', 'Trạm treo', 1000, 2013, 'BTH', 61.26, 'Tốt', '2025-09-24'),
('S0406_009', 'TBA Trạm giàn D0406-9', 'PC04', 'D0406', '0.4kV', 'Trạm giàn', 500, 2008, 'Đông Anh', 79.45, 'Kém', '2025-01-28'),
('S0406_010', 'TBA Trạm hợp bộ D0406-10', 'PC04', 'D0406', '0.4kV', 'Trạm hợp bộ', 75, 2024, 'Hanaka', 60.42, 'Tốt', '2025-06-28'),
('S0406_011', 'TBA Trạm giàn D0406-11', 'PC04', 'D0406', '0.4kV', 'Trạm giàn', 160, 2002, 'Thibidi', 82.28, 'Kém', '2025-08-09'),
('S0406_012', 'TBA Trạm hợp bộ D0406-12', 'PC04', 'D0406', '0.4kV', 'Trạm hợp bộ', 630, 2010, 'Schneider Electric', 74.85, 'Trung bình', '2025-08-26'),
('S0406_013', 'TBA Trạm treo D0406-13', 'PC04', 'D0406', '0.4kV', 'Trạm treo', 50, 2010, 'Hanaka', 76.82, 'Tốt', '2025-01-04'),
('S0406_014', 'TBA Trạm treo D0406-14', 'PC04', 'D0406', '0.4kV', 'Trạm treo', 400, 2005, 'Schneider Electric', 72.36, 'Trung bình', '2025-05-06'),
('S0406_015', 'TBA Trạm treo D0406-15', 'PC04', 'D0406', '0.4kV', 'Trạm treo', 250, 2008, 'Đông Anh', 62.61, 'Kém', '2025-03-02'),
('S0407_001', 'TBA Trạm hợp bộ D0407-1', 'PC04', 'D0407', '0.4kV', 'Trạm hợp bộ', 400, 2012, 'Siemens', 68.77, 'Tốt', '2025-02-01'),
('S0407_002', 'TBA Trạm treo D0407-2', 'PC04', 'D0407', '0.4kV', 'Trạm treo', 750, 2006, 'Mitsubishi', 73.35, 'Trung bình', '2025-08-01'),
('S0407_003', 'TBA Trạm hợp bộ D0407-3', 'PC04', 'D0407', '0.4kV', 'Trạm hợp bộ', 400, 2000, 'Schneider Electric', 79.48, 'Trung bình', '2025-08-03'),
('S0407_004', 'TBA Trạm giàn D0407-4', 'PC04', 'D0407', '0.4kV', 'Trạm giàn', 75, 2007, 'Đông Anh', 70.73, 'Trung bình', '2025-05-05'),
('S0407_005', 'TBA Trạm hợp bộ D0407-5', 'PC04', 'D0407', '0.4kV', 'Trạm hợp bộ', 1000, 2012, 'Schneider Electric', 73.20, 'Tốt', '2025-02-17'),
('S0407_006', 'TBA Trạm treo D0407-6', 'PC04', 'D0407', '0.4kV', 'Trạm treo', 1000, 2018, 'Hanaka', 35.25, 'Tốt', '2025-06-24'),
('S0408_001', 'TBA Trạm hợp bộ D0408-1', 'PC04', 'D0408', '0.4kV', 'Trạm hợp bộ', 400, 2006, 'Hanaka', 77.59, 'Trung bình', '2025-04-03'),
('S0408_002', 'TBA Trạm hợp bộ D0408-2', 'PC04', 'D0408', '0.4kV', 'Trạm hợp bộ', 750, 2003, 'BTH', 63.92, 'Trung bình', '2025-06-14'),
('S0408_003', 'TBA Trạm hợp bộ D0408-3', 'PC04', 'D0408', '0.4kV', 'Trạm hợp bộ', 250, 2010, 'Siemens', 73.73, 'Tốt', '2025-04-18'),
('S0408_004', 'TBA Trạm giàn D0408-4', 'PC04', 'D0408', '0.4kV', 'Trạm giàn', 750, 2019, 'ABB', 53.00, 'Tốt', '2025-05-07'),
('S0408_005', 'TBA Trạm giàn D0408-5', 'PC04', 'D0408', '0.4kV', 'Trạm giàn', 400, 2016, 'ABB', 68.21, 'Tốt', '2025-04-16'),
('S0409_001', 'TBA Trạm hợp bộ D0409-1', 'PC04', 'D0409', '0.4kV', 'Trạm hợp bộ', 1000, 2012, 'Siemens', 53.38, 'Trung bình', '2025-09-01'),
('S0409_002', 'TBA Trạm hợp bộ D0409-2', 'PC04', 'D0409', '0.4kV', 'Trạm hợp bộ', 400, 2011, 'BTH', 78.02, 'Tốt', '2025-06-18'),
('S0409_003', 'TBA Trạm treo D0409-3', 'PC04', 'D0409', '0.4kV', 'Trạm treo', 500, 2021, 'ABB', 40.18, 'Tốt', '2025-02-01'),
('S0409_004', 'TBA Trạm hợp bộ D0409-4', 'PC04', 'D0409', '0.4kV', 'Trạm hợp bộ', 400, 2008, 'EEMC', 66.04, 'Trung bình', '2025-09-25'),
('S0409_005', 'TBA Trạm hợp bộ D0409-5', 'PC04', 'D0409', '0.4kV', 'Trạm hợp bộ', 75, 2013, 'Mitsubishi', 62.71, 'Trung bình', '2025-09-20'),
('S0501_001', 'TBA Trạm hợp bộ D0501-1', 'PC05', 'D0501', '0.4kV', 'Trạm hợp bộ', 100, 1996, 'Đông Anh', 91.20, 'Kém', '2025-07-19'),
('S0501_002', 'TBA Trạm giàn D0501-2', 'PC05', 'D0501', '0.4kV', 'Trạm giàn', 75, 2020, 'BTH', 55.43, 'Tốt', '2025-04-02'),
('S0501_003', 'TBA Trạm hợp bộ D0501-3', 'PC05', 'D0501', '0.4kV', 'Trạm hợp bộ', 750, 2009, 'ABB', 93.69, 'Cần thay thế', '2025-05-22'),
('S0501_004', 'TBA Trạm hợp bộ D0501-4', 'PC05', 'D0501', '0.4kV', 'Trạm hợp bộ', 50, 2023, 'Schneider Electric', 40.27, 'Tốt', '2025-01-06'),
('S0501_005', 'TBA Trạm giàn D0501-5', 'PC05', 'D0501', '0.4kV', 'Trạm giàn', 100, 2011, 'Schneider Electric', 65.69, 'Trung bình', '2025-05-24'),
('S0501_006', 'TBA Trạm giàn D0501-6', 'PC05', 'D0501', '0.4kV', 'Trạm giàn', 320, 2024, 'EEMC', 62.00, 'Tốt', '2025-09-03'),
('S0501_007', 'TBA Trạm hợp bộ D0501-7', 'PC05', 'D0501', '0.4kV', 'Trạm hợp bộ', 500, 2004, 'Đông Anh', 97.55, 'Cần thay thế', '2025-01-16'),
('S0501_008', 'TBA Trạm hợp bộ D0501-8', 'PC05', 'D0501', '0.4kV', 'Trạm hợp bộ', 75, 2005, 'Siemens', 70.30, 'Kém', '2025-04-24'),
('S0501_009', 'TBA Trạm treo D0501-9', 'PC05', 'D0501', '0.4kV', 'Trạm treo', 160, 2001, 'Hanaka', 84.04, 'Trung bình', '2025-06-13'),
('S0501_010', 'TBA Trạm hợp bộ D0501-10', 'PC05', 'D0501', '0.4kV', 'Trạm hợp bộ', 630, 2005, 'BTH', 86.07, 'Trung bình', '2025-04-11'),
('S0501_011', 'TBA Trạm hợp bộ D0501-11', 'PC05', 'D0501', '0.4kV', 'Trạm hợp bộ', 75, 2009, 'Đông Anh', 99.41, 'Cần thay thế', '2025-02-17'),
('S0501_012', 'TBA Trạm treo D0501-12', 'PC05', 'D0501', '0.4kV', 'Trạm treo', 400, 2001, 'Hanaka', 65.02, 'Trung bình', '2025-05-25'),
('S0501_013', 'TBA Trạm giàn D0501-13', 'PC05', 'D0501', '0.4kV', 'Trạm giàn', 50, 2010, 'Thibidi', 52.59, 'Trung bình', '2025-05-19'),
('S0501_014', 'TBA Trạm giàn D0501-14', 'PC05', 'D0501', '0.4kV', 'Trạm giàn', 500, 2023, 'LS Electric', 53.68, 'Tốt', '2025-08-25'),
('S0501_015', 'TBA Trạm treo D0501-15', 'PC05', 'D0501', '0.4kV', 'Trạm treo', 160, 2023, 'ABB', 62.01, 'Tốt', '2025-07-01'),
('S0501_016', 'TBA Trạm treo D0501-16', 'PC05', 'D0501', '0.4kV', 'Trạm treo', 320, 2000, 'BTH', 97.72, 'Kém', '2025-05-04'),
('S0502_001', 'TBA Trạm hợp bộ D0502-1', 'PC05', 'D0502', '0.4kV', 'Trạm hợp bộ', 100, 1998, 'EEMC', 93.40, 'Kém', '2025-02-02'),
('S0502_002', 'TBA Trạm hợp bộ D0502-2', 'PC05', 'D0502', '0.4kV', 'Trạm hợp bộ', 500, 2016, 'Siemens', 62.39, 'Trung bình', '2025-02-17'),
('S0502_003', 'TBA Trạm hợp bộ D0502-3', 'PC05', 'D0502', '0.4kV', 'Trạm hợp bộ', 400, 2008, 'Schneider Electric', 92.89, 'Kém', '2025-04-10'),
('S0502_004', 'TBA Trạm giàn D0502-4', 'PC05', 'D0502', '0.4kV', 'Trạm giàn', 320, 2000, 'Hanaka', 103.52, 'Cần thay thế', '2025-05-08'),
('S0502_005', 'TBA Trạm treo D0502-5', 'PC05', 'D0502', '0.4kV', 'Trạm treo', 100, 1998, 'Schneider Electric', 87.72, 'Kém', '2025-08-15'),
('S0502_006', 'TBA Trạm giàn D0502-6', 'PC05', 'D0502', '0.4kV', 'Trạm giàn', 500, 1996, 'Hanaka', 95.72, 'Kém', '2025-05-28'),
('S0502_007', 'TBA Trạm treo D0502-7', 'PC05', 'D0502', '0.4kV', 'Trạm treo', 750, 1997, 'Thibidi', 101.15, 'Cần thay thế', '2025-06-05'),
('S0502_008', 'TBA Trạm treo D0502-8', 'PC05', 'D0502', '0.4kV', 'Trạm treo', 630, 1998, 'EEMC', 104.37, 'Cần thay thế', '2025-05-27'),
('S0502_009', 'TBA Trạm hợp bộ D0502-9', 'PC05', 'D0502', '0.4kV', 'Trạm hợp bộ', 630, 2000, 'Mitsubishi', 86.66, 'Kém', '2025-04-04'),
('S0502_010', 'TBA Trạm treo D0502-10', 'PC05', 'D0502', '0.4kV', 'Trạm treo', 50, 2007, 'Thibidi', 100.88, 'Kém', '2025-03-07'),
('S0502_011', 'TBA Trạm hợp bộ D0502-11', 'PC05', 'D0502', '0.4kV', 'Trạm hợp bộ', 750, 2011, 'EEMC', 70.59, 'Tốt', '2025-02-01'),
('S0502_012', 'TBA Trạm treo D0502-12', 'PC05', 'D0502', '0.4kV', 'Trạm treo', 100, 2006, 'Đông Anh', 85.27, 'Kém', '2025-02-02'),
('S0502_013', 'TBA Trạm giàn D0502-13', 'PC05', 'D0502', '0.4kV', 'Trạm giàn', 400, 2001, 'ABB', 64.70, 'Kém', '2025-07-22'),
('S0503_001', 'TBA Trạm giàn D0503-1', 'PC05', 'D0503', '0.4kV', 'Trạm giàn', 250, 2000, 'Hanaka', 89.29, 'Kém', '2025-03-02'),
('S0503_002', 'TBA Trạm giàn D0503-2', 'PC05', 'D0503', '0.4kV', 'Trạm giàn', 250, 2019, 'BTH', 42.37, 'Tốt', '2025-09-16'),
('S0503_003', 'TBA Trạm hợp bộ D0503-3', 'PC05', 'D0503', '0.4kV', 'Trạm hợp bộ', 160, 1999, 'Mitsubishi', 92.66, 'Cần thay thế', '2025-04-21'),
('S0503_004', 'TBA Trạm giàn D0503-4', 'PC05', 'D0503', '0.4kV', 'Trạm giàn', 320, 2017, 'Mitsubishi', 73.85, 'Trung bình', '2025-08-12'),
('S0503_005', 'TBA Trạm treo D0503-5', 'PC05', 'D0503', '0.4kV', 'Trạm treo', 100, 2016, 'Đông Anh', 59.65, 'Trung bình', '2025-04-01'),
('S0503_006', 'TBA Trạm hợp bộ D0503-6', 'PC05', 'D0503', '0.4kV', 'Trạm hợp bộ', 500, 2024, 'Đông Anh', 43.43, 'Tốt', '2025-04-06'),
('S0503_007', 'TBA Trạm hợp bộ D0503-7', 'PC05', 'D0503', '0.4kV', 'Trạm hợp bộ', 160, 2005, 'BTH', 89.82, 'Kém', '2025-06-27'),
('S0503_008', 'TBA Trạm hợp bộ D0503-8', 'PC05', 'D0503', '0.4kV', 'Trạm hợp bộ', 320, 2005, 'ABB', 64.93, 'Kém', '2025-06-19'),
('S0503_009', 'TBA Trạm hợp bộ D0503-9', 'PC05', 'D0503', '0.4kV', 'Trạm hợp bộ', 500, 2018, 'EEMC', 63.45, 'Tốt', '2025-03-16'),
('S0503_010', 'TBA Trạm hợp bộ D0503-10', 'PC05', 'D0503', '0.4kV', 'Trạm hợp bộ', 50, 1995, 'Hanaka', 89.65, 'Kém', '2025-01-11'),
('S0503_011', 'TBA Trạm giàn D0503-11', 'PC05', 'D0503', '0.4kV', 'Trạm giàn', 100, 2006, 'ABB', 82.58, 'Kém', '2025-01-05'),
('S0503_012', 'TBA Trạm giàn D0503-12', 'PC05', 'D0503', '0.4kV', 'Trạm giàn', 75, 2004, 'BTH', 81.68, 'Kém', '2025-02-11'),
('S0504_001', 'TBA Trạm giàn D0504-1', 'PC05', 'D0504', '0.4kV', 'Trạm giàn', 1000, 1997, 'Đông Anh', 104.52, 'Cần thay thế', '2025-03-23'),
('S0504_002', 'TBA Trạm giàn D0504-2', 'PC05', 'D0504', '0.4kV', 'Trạm giàn', 750, 2022, 'Thibidi', 61.69, 'Tốt', '2025-03-13'),
('S0504_003', 'TBA Trạm hợp bộ D0504-3', 'PC05', 'D0504', '0.4kV', 'Trạm hợp bộ', 50, 2006, 'LS Electric', 90.89, 'Kém', '2025-07-28'),
('S0504_004', 'TBA Trạm giàn D0504-4', 'PC05', 'D0504', '0.4kV', 'Trạm giàn', 750, 2018, 'LS Electric', 35.97, 'Tốt', '2025-04-21'),
('S0504_005', 'TBA Trạm giàn D0504-5', 'PC05', 'D0504', '0.4kV', 'Trạm giàn', 160, 2015, 'Đông Anh', 54.22, 'Tốt', '2025-03-21'),
('S0504_006', 'TBA Trạm treo D0504-6', 'PC05', 'D0504', '0.4kV', 'Trạm treo', 500, 2002, 'EEMC', 83.01, 'Kém', '2025-04-08'),
('S0504_007', 'TBA Trạm treo D0504-7', 'PC05', 'D0504', '0.4kV', 'Trạm treo', 50, 2011, 'BTH', 57.70, 'Tốt', '2025-08-24'),
('S0504_008', 'TBA Trạm giàn D0504-8', 'PC05', 'D0504', '0.4kV', 'Trạm giàn', 400, 1997, 'Mitsubishi', 102.69, 'Cần thay thế', '2025-07-04'),
('S0504_009', 'TBA Trạm treo D0504-9', 'PC05', 'D0504', '0.4kV', 'Trạm treo', 1000, 2018, 'Schneider Electric', 54.53, 'Tốt', '2025-08-03'),
('S0504_010', 'TBA Trạm treo D0504-10', 'PC05', 'D0504', '0.4kV', 'Trạm treo', 250, 2001, 'Siemens', 68.26, 'Kém', '2025-06-06'),
('S0504_011', 'TBA Trạm hợp bộ D0504-11', 'PC05', 'D0504', '0.4kV', 'Trạm hợp bộ', 320, 2005, 'LS Electric', 80.50, 'Trung bình', '2025-08-23'),
('S0504_012', 'TBA Trạm treo D0504-12', 'PC05', 'D0504', '0.4kV', 'Trạm treo', 100, 2005, 'Siemens', 88.30, 'Cần thay thế', '2025-06-07'),
('S0504_013', 'TBA Trạm giàn D0504-13', 'PC05', 'D0504', '0.4kV', 'Trạm giàn', 1000, 2013, 'EEMC', 70.92, 'Trung bình', '2025-04-04'),
('S0504_014', 'TBA Trạm treo D0504-14', 'PC05', 'D0504', '0.4kV', 'Trạm treo', 100, 2004, 'Đông Anh', 95.99, 'Cần thay thế', '2025-01-14'),
('S0504_015', 'TBA Trạm treo D0504-15', 'PC05', 'D0504', '0.4kV', 'Trạm treo', 160, 2008, 'ABB', 98.24, 'Cần thay thế', '2025-04-06'),
('S0504_016', 'TBA Trạm giàn D0504-16', 'PC05', 'D0504', '0.4kV', 'Trạm giàn', 250, 2002, 'Hanaka', 73.26, 'Trung bình', '2025-08-22'),
('S0504_017', 'TBA Trạm giàn D0504-17', 'PC05', 'D0504', '0.4kV', 'Trạm giàn', 320, 2005, 'Đông Anh', 95.88, 'Kém', '2025-03-15'),
('S0504_018', 'TBA Trạm hợp bộ D0504-18', 'PC05', 'D0504', '0.4kV', 'Trạm hợp bộ', 250, 2002, 'ABB', 94.30, 'Kém', '2025-03-25'),
('S0504_019', 'TBA Trạm giàn D0504-19', 'PC05', 'D0504', '0.4kV', 'Trạm giàn', 630, 2003, 'LS Electric', 62.40, 'Kém', '2025-04-18'),
('S0504_020', 'TBA Trạm hợp bộ D0504-20', 'PC05', 'D0504', '0.4kV', 'Trạm hợp bộ', 630, 2001, 'Hanaka', 101.37, 'Cần thay thế', '2025-04-16'),
('S0505_001', 'TBA Trạm hợp bộ D0505-1', 'PC05', 'D0505', '0.4kV', 'Trạm hợp bộ', 630, 2009, 'Mitsubishi', 62.21, 'Trung bình', '2025-03-04'),
('S0505_002', 'TBA Trạm treo D0505-2', 'PC05', 'D0505', '0.4kV', 'Trạm treo', 100, 2024, 'Thibidi', 48.47, 'Tốt', '2025-03-02'),
('S0505_003', 'TBA Trạm hợp bộ D0505-3', 'PC05', 'D0505', '0.4kV', 'Trạm hợp bộ', 160, 2013, 'Schneider Electric', 52.35, 'Trung bình', '2025-05-11'),
('S0505_004', 'TBA Trạm treo D0505-4', 'PC05', 'D0505', '0.4kV', 'Trạm treo', 75, 2023, 'BTH', 62.43, 'Tốt', '2025-09-13'),
('S0505_005', 'TBA Trạm giàn D0505-5', 'PC05', 'D0505', '0.4kV', 'Trạm giàn', 630, 2017, 'ABB', 59.78, 'Trung bình', '2025-09-26'),
('S0505_006', 'TBA Trạm hợp bộ D0505-6', 'PC05', 'D0505', '0.4kV', 'Trạm hợp bộ', 100, 2013, 'LS Electric', 53.38, 'Tốt', '2025-02-04'),
('S0505_007', 'TBA Trạm hợp bộ D0505-7', 'PC05', 'D0505', '0.4kV', 'Trạm hợp bộ', 250, 2018, 'Đông Anh', 58.39, 'Tốt', '2025-07-09'),
('S0505_008', 'TBA Trạm treo D0505-8', 'PC05', 'D0505', '0.4kV', 'Trạm treo', 50, 2012, 'EEMC', 69.64, 'Trung bình', '2025-07-05'),
('S0505_009', 'TBA Trạm treo D0505-9', 'PC05', 'D0505', '0.4kV', 'Trạm treo', 400, 2019, 'BTH', 53.26, 'Tốt', '2025-06-23'),
('S0505_010', 'TBA Trạm giàn D0505-10', 'PC05', 'D0505', '0.4kV', 'Trạm giàn', 250, 2007, 'ABB', 61.38, 'Kém', '2025-06-27'),
('S0505_011', 'TBA Trạm treo D0505-11', 'PC05', 'D0505', '0.4kV', 'Trạm treo', 1000, 2009, 'Thibidi', 68.71, 'Kém', '2025-03-10'),
('S0505_012', 'TBA Trạm giàn D0505-12', 'PC05', 'D0505', '0.4kV', 'Trạm giàn', 320, 2023, 'BTH', 48.29, 'Tốt', '2025-02-07'),
('S0505_013', 'TBA Trạm hợp bộ D0505-13', 'PC05', 'D0505', '0.4kV', 'Trạm hợp bộ', 500, 2014, 'Đông Anh', 56.34, 'Trung bình', '2025-01-17'),
('S0505_014', 'TBA Trạm hợp bộ D0505-14', 'PC05', 'D0505', '0.4kV', 'Trạm hợp bộ', 100, 2005, 'LS Electric', 61.84, 'Kém', '2025-01-06'),
('S0505_015', 'TBA Trạm treo D0505-15', 'PC05', 'D0505', '0.4kV', 'Trạm treo', 50, 2006, 'ABB', 84.51, 'Trung bình', '2025-08-02'),
('S0505_016', 'TBA Trạm giàn D0505-16', 'PC05', 'D0505', '0.4kV', 'Trạm giàn', 320, 2011, 'Mitsubishi', 71.14, 'Trung bình', '2025-07-21'),
('S0505_017', 'TBA Trạm giàn D0505-17', 'PC05', 'D0505', '0.4kV', 'Trạm giàn', 320, 2003, 'LS Electric', 79.07, 'Trung bình', '2025-08-06'),
('S0505_018', 'TBA Trạm treo D0505-18', 'PC05', 'D0505', '0.4kV', 'Trạm treo', 320, 2015, 'EEMC', 67.61, 'Trung bình', '2025-02-10'),
('S0506_001', 'TBA Trạm treo D0506-1', 'PC05', 'D0506', '0.4kV', 'Trạm treo', 750, 2000, 'Thibidi', 70.82, 'Trung bình', '2025-04-22'),
('S0506_002', 'TBA Trạm treo D0506-2', 'PC05', 'D0506', '0.4kV', 'Trạm treo', 630, 2006, 'ABB', 67.53, 'Kém', '2025-08-05'),
('S0506_003', 'TBA Trạm treo D0506-3', 'PC05', 'D0506', '0.4kV', 'Trạm treo', 50, 2020, 'EEMC', 40.20, 'Tốt', '2025-05-23'),
('S0506_004', 'TBA Trạm giàn D0506-4', 'PC05', 'D0506', '0.4kV', 'Trạm giàn', 400, 2022, 'Đông Anh', 54.28, 'Tốt', '2025-08-09'),
('S0506_005', 'TBA Trạm treo D0506-5', 'PC05', 'D0506', '0.4kV', 'Trạm treo', 750, 2006, 'ABB', 73.07, 'Kém', '2025-09-22'),
('S0506_006', 'TBA Trạm hợp bộ D0506-6', 'PC05', 'D0506', '0.4kV', 'Trạm hợp bộ', 250, 2011, 'Siemens', 66.84, 'Trung bình', '2025-08-03'),
('S0506_007', 'TBA Trạm giàn D0506-7', 'PC05', 'D0506', '0.4kV', 'Trạm giàn', 250, 2010, 'EEMC', 79.65, 'Trung bình', '2025-04-05'),
('S0507_001', 'TBA Trạm giàn D0507-1', 'PC05', 'D0507', '0.4kV', 'Trạm giàn', 750, 2016, 'Đông Anh', 72.96, 'Tốt', '2025-03-24'),
('S0507_002', 'TBA Trạm giàn D0507-2', 'PC05', 'D0507', '0.4kV', 'Trạm giàn', 250, 2000, 'BTH', 78.35, 'Kém', '2025-07-24'),
('S0507_003', 'TBA Trạm hợp bộ D0507-3', 'PC05', 'D0507', '0.4kV', 'Trạm hợp bộ', 320, 2001, 'Thibidi', 76.32, 'Trung bình', '2025-09-21');

INSERT INTO `substations` (`substation_id`, `substation_name`, `pc_id`, `district_id`, `voltage_level`, `substation_type`, `capacity_kva`, `installed_year`, `manufacturer`, `load_rate_pct`, `condition_rating`, `last_maintenance_date`) VALUES
('S0507_004', 'TBA Trạm giàn D0507-4', 'PC05', 'D0507', '0.4kV', 'Trạm giàn', 630, 2015, 'Schneider Electric', 77.20, 'Trung bình', '2025-09-06'),
('S0507_005', 'TBA Trạm hợp bộ D0507-5', 'PC05', 'D0507', '0.4kV', 'Trạm hợp bộ', 250, 2009, 'Mitsubishi', 62.73, 'Trung bình', '2025-03-22'),
('S0507_006', 'TBA Trạm treo D0507-6', 'PC05', 'D0507', '0.4kV', 'Trạm treo', 320, 2010, 'EEMC', 69.63, 'Tốt', '2025-07-26'),
('S0508_001', 'TBA Trạm treo D0508-1', 'PC05', 'D0508', '0.4kV', 'Trạm treo', 500, 2010, 'Hanaka', 61.15, 'Trung bình', '2025-01-28'),
('S0508_002', 'TBA Trạm treo D0508-2', 'PC05', 'D0508', '0.4kV', 'Trạm treo', 750, 2020, 'Hanaka', 52.51, 'Tốt', '2025-04-17'),
('S0508_003', 'TBA Trạm giàn D0508-3', 'PC05', 'D0508', '0.4kV', 'Trạm giàn', 630, 2003, 'BTH', 84.29, 'Kém', '2025-01-28'),
('S0508_004', 'TBA Trạm giàn D0508-4', 'PC05', 'D0508', '0.4kV', 'Trạm giàn', 320, 2004, 'LS Electric', 63.85, 'Trung bình', '2025-08-05'),
('S0508_005', 'TBA Trạm giàn D0508-5', 'PC05', 'D0508', '0.4kV', 'Trạm giàn', 75, 2010, 'Đông Anh', 75.87, 'Tốt', '2025-03-11'),
('S0508_006', 'TBA Trạm giàn D0508-6', 'PC05', 'D0508', '0.4kV', 'Trạm giàn', 500, 2020, 'Thibidi', 36.74, 'Tốt', '2025-03-19'),
('S0508_007', 'TBA Trạm treo D0508-7', 'PC05', 'D0508', '0.4kV', 'Trạm treo', 75, 2024, 'LS Electric', 39.75, 'Tốt', '2025-07-21'),
('S0508_008', 'TBA Trạm treo D0508-8', 'PC05', 'D0508', '0.4kV', 'Trạm treo', 400, 2013, 'ABB', 62.10, 'Trung bình', '2025-09-07'),
('S0509_001', 'TBA Trạm giàn D0509-1', 'PC05', 'D0509', '0.4kV', 'Trạm giàn', 50, 2023, 'Mitsubishi', 46.19, 'Tốt', '2025-04-01'),
('S0509_002', 'TBA Trạm treo D0509-2', 'PC05', 'D0509', '0.4kV', 'Trạm treo', 160, 2021, 'Đông Anh', 35.12, 'Tốt', '2025-05-05'),
('S0509_003', 'TBA Trạm treo D0509-3', 'PC05', 'D0509', '0.4kV', 'Trạm treo', 100, 2003, 'ABB', 70.74, 'Kém', '2025-05-10'),
('S0509_004', 'TBA Trạm hợp bộ D0509-4', 'PC05', 'D0509', '0.4kV', 'Trạm hợp bộ', 400, 2014, 'Schneider Electric', 71.83, 'Trung bình', '2025-06-16'),
('S0509_005', 'TBA Trạm treo D0509-5', 'PC05', 'D0509', '0.4kV', 'Trạm treo', 400, 2011, 'Thibidi', 72.50, 'Tốt', '2025-04-24'),
('S0510_001', 'TBA Trạm hợp bộ D0510-1', 'PC05', 'D0510', '0.4kV', 'Trạm hợp bộ', 750, 2004, 'Schneider Electric', 65.91, 'Trung bình', '2025-02-12'),
('S0510_002', 'TBA Trạm giàn D0510-2', 'PC05', 'D0510', '0.4kV', 'Trạm giàn', 50, 2022, 'EEMC', 54.52, 'Tốt', '2025-09-20'),
('S0510_003', 'TBA Trạm treo D0510-3', 'PC05', 'D0510', '0.4kV', 'Trạm treo', 1000, 2001, 'ABB', 76.63, 'Trung bình', '2025-01-23'),
('S0510_004', 'TBA Trạm hợp bộ D0510-4', 'PC05', 'D0510', '0.4kV', 'Trạm hợp bộ', 75, 2003, 'EEMC', 71.67, 'Kém', '2025-08-23'),
('S0510_005', 'TBA Trạm giàn D0510-5', 'PC05', 'D0510', '0.4kV', 'Trạm giàn', 250, 2004, 'Siemens', 65.75, 'Trung bình', '2025-09-09'),
('S0510_006', 'TBA Trạm giàn D0510-6', 'PC05', 'D0510', '0.4kV', 'Trạm giàn', 100, 2019, 'Siemens', 53.17, 'Tốt', '2025-09-24'),
('S0510_007', 'TBA Trạm treo D0510-7', 'PC05', 'D0510', '0.4kV', 'Trạm treo', 75, 2019, 'Hanaka', 38.53, 'Tốt', '2025-04-20'),
('S0510_008', 'TBA Trạm hợp bộ D0510-8', 'PC05', 'D0510', '0.4kV', 'Trạm hợp bộ', 320, 2006, 'BTH', 81.78, 'Trung bình', '2025-05-06'),
('S0510_009', 'TBA Trạm giàn D0510-9', 'PC05', 'D0510', '0.4kV', 'Trạm giàn', 500, 2001, 'Thibidi', 75.35, 'Trung bình', '2025-01-01'),
('S0510_010', 'TBA Trạm hợp bộ D0510-10', 'PC05', 'D0510', '0.4kV', 'Trạm hợp bộ', 75, 2021, 'Hanaka', 37.67, 'Tốt', '2025-03-03'),
('S0601_001', 'TBA Trạm giàn D0601-1', 'PC06', 'D0601', '0.4kV', 'Trạm giàn', 75, 2024, 'Thibidi', 50.35, 'Tốt', '2025-08-10'),
('S0601_002', 'TBA Trạm treo D0601-2', 'PC06', 'D0601', '0.4kV', 'Trạm treo', 100, 2008, 'EEMC', 73.00, 'Trung bình', '2025-06-26'),
('S0601_003', 'TBA Trạm treo D0601-3', 'PC06', 'D0601', '0.4kV', 'Trạm treo', 75, 2021, 'ABB', 44.38, 'Tốt', '2025-01-28'),
('S0601_004', 'TBA Trạm giàn D0601-4', 'PC06', 'D0601', '0.4kV', 'Trạm giàn', 320, 2004, 'Hanaka', 78.57, 'Trung bình', '2025-05-24'),
('S0601_005', 'TBA Trạm treo D0601-5', 'PC06', 'D0601', '0.4kV', 'Trạm treo', 100, 2002, 'BTH', 70.43, 'Kém', '2025-07-15'),
('S0601_006', 'TBA Trạm hợp bộ D0601-6', 'PC06', 'D0601', '0.4kV', 'Trạm hợp bộ', 400, 2008, 'Schneider Electric', 83.40, 'Kém', '2025-02-05'),
('S0601_007', 'TBA Trạm treo D0601-7', 'PC06', 'D0601', '0.4kV', 'Trạm treo', 100, 2022, 'BTH', 56.79, 'Tốt', '2025-08-26'),
('S0601_008', 'TBA Trạm hợp bộ D0601-8', 'PC06', 'D0601', '0.4kV', 'Trạm hợp bộ', 100, 2018, 'BTH', 55.35, 'Tốt', '2025-06-20'),
('S0601_009', 'TBA Trạm giàn D0601-9', 'PC06', 'D0601', '0.4kV', 'Trạm giàn', 500, 2000, 'Siemens', 84.15, 'Trung bình', '2025-07-15'),
('S0601_010', 'TBA Trạm hợp bộ D0601-10', 'PC06', 'D0601', '0.4kV', 'Trạm hợp bộ', 50, 2001, 'Mitsubishi', 61.77, 'Kém', '2025-04-22'),
('S0601_011', 'TBA Trạm hợp bộ D0601-11', 'PC06', 'D0601', '0.4kV', 'Trạm hợp bộ', 400, 2010, 'Thibidi', 65.57, 'Tốt', '2025-08-12'),
('S0601_012', 'TBA Trạm treo D0601-12', 'PC06', 'D0601', '0.4kV', 'Trạm treo', 400, 2021, 'Mitsubishi', 55.29, 'Tốt', '2025-01-01'),
('S0601_013', 'TBA Trạm giàn D0601-13', 'PC06', 'D0601', '0.4kV', 'Trạm giàn', 630, 2020, 'Hanaka', 63.03, 'Tốt', '2025-03-03'),
('S0601_014', 'TBA Trạm giàn D0601-14', 'PC06', 'D0601', '0.4kV', 'Trạm giàn', 160, 2024, 'EEMC', 49.75, 'Tốt', '2025-01-17'),
('S0601_015', 'TBA Trạm treo D0601-15', 'PC06', 'D0601', '0.4kV', 'Trạm treo', 400, 2007, 'Siemens', 75.41, 'Kém', '2025-08-15'),
('S0601_016', 'TBA Trạm giàn D0601-16', 'PC06', 'D0601', '0.4kV', 'Trạm giàn', 500, 2018, 'Đông Anh', 48.44, 'Tốt', '2025-02-16'),
('S0601_017', 'TBA Trạm giàn D0601-17', 'PC06', 'D0601', '0.4kV', 'Trạm giàn', 75, 2023, 'BTH', 54.60, 'Tốt', '2025-01-18'),
('S0601_018', 'TBA Trạm hợp bộ D0601-18', 'PC06', 'D0601', '0.4kV', 'Trạm hợp bộ', 750, 2017, 'EEMC', 50.01, 'Tốt', '2025-09-18'),
('S0601_019', 'TBA Trạm giàn D0601-19', 'PC06', 'D0601', '0.4kV', 'Trạm giàn', 320, 2006, 'ABB', 78.33, 'Kém', '2025-04-28'),
('S0601_020', 'TBA Trạm giàn D0601-20', 'PC06', 'D0601', '0.4kV', 'Trạm giàn', 1000, 2014, 'Hanaka', 59.96, 'Trung bình', '2025-02-04'),
('S0601_021', 'TBA Trạm giàn D0601-21', 'PC06', 'D0601', '0.4kV', 'Trạm giàn', 50, 2024, 'Đông Anh', 54.77, 'Tốt', '2025-05-18'),
('S0601_022', 'TBA Trạm treo D0601-22', 'PC06', 'D0601', '0.4kV', 'Trạm treo', 50, 2016, 'Hanaka', 61.22, 'Tốt', '2025-03-27'),
('S0602_001', 'TBA Trạm treo D0602-1', 'PC06', 'D0602', '0.4kV', 'Trạm treo', 400, 2022, 'EEMC', 57.28, 'Tốt', '2025-04-07'),
('S0602_002', 'TBA Trạm giàn D0602-2', 'PC06', 'D0602', '0.4kV', 'Trạm giàn', 160, 2003, 'Thibidi', 86.05, 'Kém', '2025-06-04'),
('S0602_003', 'TBA Trạm hợp bộ D0602-3', 'PC06', 'D0602', '0.4kV', 'Trạm hợp bộ', 1000, 2024, 'LS Electric', 47.43, 'Tốt', '2025-02-25'),
('S0602_004', 'TBA Trạm treo D0602-4', 'PC06', 'D0602', '0.4kV', 'Trạm treo', 500, 2014, 'Mitsubishi', 63.72, 'Tốt', '2025-01-18'),
('S0602_005', 'TBA Trạm treo D0602-5', 'PC06', 'D0602', '0.4kV', 'Trạm treo', 630, 2013, 'LS Electric', 75.16, 'Trung bình', '2025-03-24'),
('S0602_006', 'TBA Trạm giàn D0602-6', 'PC06', 'D0602', '0.4kV', 'Trạm giàn', 630, 2004, 'BTH', 62.90, 'Kém', '2025-04-09'),
('S0602_007', 'TBA Trạm treo D0602-7', 'PC06', 'D0602', '0.4kV', 'Trạm treo', 500, 2012, 'Schneider Electric', 78.91, 'Trung bình', '2025-07-20'),
('S0603_001', 'TBA Trạm giàn D0603-1', 'PC06', 'D0603', '0.4kV', 'Trạm giàn', 630, 2022, 'Mitsubishi', 61.59, 'Tốt', '2025-06-23'),
('S0603_002', 'TBA Trạm treo D0603-2', 'PC06', 'D0603', '0.4kV', 'Trạm treo', 1000, 2023, 'Thibidi', 63.07, 'Tốt', '2025-04-20'),
('S0603_003', 'TBA Trạm hợp bộ D0603-3', 'PC06', 'D0603', '0.4kV', 'Trạm hợp bộ', 320, 2022, 'Schneider Electric', 43.72, 'Tốt', '2025-03-17'),
('S0603_004', 'TBA Trạm giàn D0603-4', 'PC06', 'D0603', '0.4kV', 'Trạm giàn', 75, 2017, 'Mitsubishi', 70.83, 'Trung bình', '2025-08-19'),
('S0603_005', 'TBA Trạm hợp bộ D0603-5', 'PC06', 'D0603', '0.4kV', 'Trạm hợp bộ', 400, 2018, 'Mitsubishi', 63.28, 'Tốt', '2025-05-28'),
('S0603_006', 'TBA Trạm giàn D0603-6', 'PC06', 'D0603', '0.4kV', 'Trạm giàn', 50, 2013, 'Schneider Electric', 74.25, 'Tốt', '2025-01-22'),
('S0603_007', 'TBA Trạm hợp bộ D0603-7', 'PC06', 'D0603', '0.4kV', 'Trạm hợp bộ', 250, 2001, 'EEMC', 65.60, 'Trung bình', '2025-03-27'),
('S0603_008', 'TBA Trạm hợp bộ D0603-8', 'PC06', 'D0603', '0.4kV', 'Trạm hợp bộ', 160, 2001, 'ABB', 79.34, 'Kém', '2025-06-27'),
('S0603_009', 'TBA Trạm hợp bộ D0603-9', 'PC06', 'D0603', '0.4kV', 'Trạm hợp bộ', 1000, 2014, 'BTH', 53.07, 'Tốt', '2025-04-17'),
('S0603_010', 'TBA Trạm treo D0603-10', 'PC06', 'D0603', '0.4kV', 'Trạm treo', 1000, 2022, 'BTH', 43.63, 'Tốt', '2025-07-14'),
('S0604_001', 'TBA Trạm treo D0604-1', 'PC06', 'D0604', '0.4kV', 'Trạm treo', 630, 2021, 'ABB', 44.38, 'Tốt', '2025-05-07'),
('S0604_002', 'TBA Trạm treo D0604-2', 'PC06', 'D0604', '0.4kV', 'Trạm treo', 500, 2019, 'Đông Anh', 61.07, 'Tốt', '2025-09-24'),
('S0604_003', 'TBA Trạm giàn D0604-3', 'PC06', 'D0604', '0.4kV', 'Trạm giàn', 160, 2019, 'Hanaka', 40.89, 'Tốt', '2025-03-22'),
('S0604_004', 'TBA Trạm treo D0604-4', 'PC06', 'D0604', '0.4kV', 'Trạm treo', 630, 2002, 'BTH', 65.24, 'Trung bình', '2025-01-14'),
('S0604_005', 'TBA Trạm hợp bộ D0604-5', 'PC06', 'D0604', '0.4kV', 'Trạm hợp bộ', 100, 2008, 'EEMC', 75.58, 'Trung bình', '2025-01-11'),
('S0604_006', 'TBA Trạm treo D0604-6', 'PC06', 'D0604', '0.4kV', 'Trạm treo', 50, 2014, 'Đông Anh', 71.29, 'Tốt', '2025-01-25'),
('S0604_007', 'TBA Trạm giàn D0604-7', 'PC06', 'D0604', '0.4kV', 'Trạm giàn', 1000, 2020, 'Hanaka', 53.47, 'Tốt', '2025-09-12'),
('S0604_008', 'TBA Trạm treo D0604-8', 'PC06', 'D0604', '0.4kV', 'Trạm treo', 630, 2002, 'Schneider Electric', 81.95, 'Kém', '2025-09-03'),
('S0604_009', 'TBA Trạm giàn D0604-9', 'PC06', 'D0604', '0.4kV', 'Trạm giàn', 75, 2016, 'Thibidi', 54.78, 'Trung bình', '2025-04-22'),
('S0605_001', 'TBA Trạm hợp bộ D0605-1', 'PC06', 'D0605', '0.4kV', 'Trạm hợp bộ', 160, 2010, 'Mitsubishi', 59.93, 'Trung bình', '2025-08-18'),
('S0605_002', 'TBA Trạm treo D0605-2', 'PC06', 'D0605', '0.4kV', 'Trạm treo', 50, 2024, 'Đông Anh', 64.43, 'Tốt', '2025-08-08'),
('S0605_003', 'TBA Trạm treo D0605-3', 'PC06', 'D0605', '0.4kV', 'Trạm treo', 750, 2020, 'ABB', 53.41, 'Tốt', '2025-06-13'),
('S0605_004', 'TBA Trạm hợp bộ D0605-4', 'PC06', 'D0605', '0.4kV', 'Trạm hợp bộ', 50, 2003, 'Đông Anh', 70.80, 'Kém', '2025-09-26'),
('S0605_005', 'TBA Trạm hợp bộ D0605-5', 'PC06', 'D0605', '0.4kV', 'Trạm hợp bộ', 250, 2016, 'Thibidi', 63.37, 'Tốt', '2025-06-17'),
('S0605_006', 'TBA Trạm hợp bộ D0605-6', 'PC06', 'D0605', '0.4kV', 'Trạm hợp bộ', 630, 2002, 'ABB', 86.55, 'Trung bình', '2025-02-07'),
('S0606_001', 'TBA Trạm hợp bộ D0606-1', 'PC06', 'D0606', '0.4kV', 'Trạm hợp bộ', 160, 2021, 'BTH', 53.89, 'Tốt', '2025-02-07'),
('S0606_002', 'TBA Trạm treo D0606-2', 'PC06', 'D0606', '0.4kV', 'Trạm treo', 1000, 2017, 'Schneider Electric', 74.86, 'Trung bình', '2025-01-15'),
('S0606_003', 'TBA Trạm treo D0606-3', 'PC06', 'D0606', '0.4kV', 'Trạm treo', 75, 2022, 'ABB', 44.95, 'Tốt', '2025-03-26'),
('S0606_004', 'TBA Trạm giàn D0606-4', 'PC06', 'D0606', '0.4kV', 'Trạm giàn', 250, 2008, 'BTH', 75.63, 'Trung bình', '2025-08-21'),
('S0606_005', 'TBA Trạm hợp bộ D0606-5', 'PC06', 'D0606', '0.4kV', 'Trạm hợp bộ', 400, 2012, 'Siemens', 62.99, 'Tốt', '2025-09-01'),
('S0606_006', 'TBA Trạm hợp bộ D0606-6', 'PC06', 'D0606', '0.4kV', 'Trạm hợp bộ', 75, 2020, 'LS Electric', 56.61, 'Tốt', '2025-01-23'),
('S0606_007', 'TBA Trạm hợp bộ D0606-7', 'PC06', 'D0606', '0.4kV', 'Trạm hợp bộ', 250, 2002, 'EEMC', 70.02, 'Trung bình', '2025-02-10'),
('S0606_008', 'TBA Trạm giàn D0606-8', 'PC06', 'D0606', '0.4kV', 'Trạm giàn', 400, 2024, 'ABB', 62.80, 'Tốt', '2025-08-06'),
('S0606_009', 'TBA Trạm giàn D0606-9', 'PC06', 'D0606', '0.4kV', 'Trạm giàn', 630, 2017, 'Schneider Electric', 56.60, 'Trung bình', '2025-05-22'),
('S0606_010', 'TBA Trạm hợp bộ D0606-10', 'PC06', 'D0606', '0.4kV', 'Trạm hợp bộ', 50, 2023, 'Mitsubishi', 54.44, 'Tốt', '2025-03-04'),
('S0606_011', 'TBA Trạm hợp bộ D0606-11', 'PC06', 'D0606', '0.4kV', 'Trạm hợp bộ', 630, 2001, 'Siemens', 60.14, 'Kém', '2025-05-07'),
('S0606_012', 'TBA Trạm treo D0606-12', 'PC06', 'D0606', '0.4kV', 'Trạm treo', 320, 2023, 'BTH', 57.24, 'Tốt', '2025-09-05'),
('S0606_013', 'TBA Trạm treo D0606-13', 'PC06', 'D0606', '0.4kV', 'Trạm treo', 160, 2005, 'Schneider Electric', 65.15, 'Kém', '2025-01-28'),
('S0606_014', 'TBA Trạm giàn D0606-14', 'PC06', 'D0606', '0.4kV', 'Trạm giàn', 630, 2024, 'Mitsubishi', 62.97, 'Tốt', '2025-02-10'),
('S0606_015', 'TBA Trạm treo D0606-15', 'PC06', 'D0606', '0.4kV', 'Trạm treo', 75, 2021, 'LS Electric', 37.02, 'Tốt', '2025-08-11'),
('S0607_001', 'TBA Trạm giàn D0607-1', 'PC06', 'D0607', '0.4kV', 'Trạm giàn', 75, 2011, 'LS Electric', 53.85, 'Tốt', '2025-02-07'),
('S0607_002', 'TBA Trạm hợp bộ D0607-2', 'PC06', 'D0607', '0.4kV', 'Trạm hợp bộ', 750, 2010, 'EEMC', 64.58, 'Trung bình', '2025-03-19'),
('S0607_003', 'TBA Trạm giàn D0607-3', 'PC06', 'D0607', '0.4kV', 'Trạm giàn', 320, 2018, 'Schneider Electric', 45.93, 'Tốt', '2025-01-11'),
('S0607_004', 'TBA Trạm giàn D0607-4', 'PC06', 'D0607', '0.4kV', 'Trạm giàn', 250, 2007, 'Schneider Electric', 82.00, 'Kém', '2025-06-16'),
('S0607_005', 'TBA Trạm hợp bộ D0607-5', 'PC06', 'D0607', '0.4kV', 'Trạm hợp bộ', 500, 2014, 'Siemens', 63.36, 'Trung bình', '2025-03-21'),
('S0607_006', 'TBA Trạm treo D0607-6', 'PC06', 'D0607', '0.4kV', 'Trạm treo', 250, 2019, 'Mitsubishi', 37.46, 'Tốt', '2025-04-09'),
('S0607_007', 'TBA Trạm hợp bộ D0607-7', 'PC06', 'D0607', '0.4kV', 'Trạm hợp bộ', 75, 2023, 'Siemens', 61.59, 'Tốt', '2025-01-28'),
('S0608_001', 'TBA Trạm treo D0608-1', 'PC06', 'D0608', '0.4kV', 'Trạm treo', 750, 2016, 'ABB', 68.95, 'Trung bình', '2025-09-09'),
('S0608_002', 'TBA Trạm treo D0608-2', 'PC06', 'D0608', '0.4kV', 'Trạm treo', 1000, 2017, 'Đông Anh', 76.82, 'Trung bình', '2025-07-08'),
('S0608_003', 'TBA Trạm treo D0608-3', 'PC06', 'D0608', '0.4kV', 'Trạm treo', 250, 2024, 'Hanaka', 52.69, 'Tốt', '2025-09-17'),
('S0608_004', 'TBA Trạm treo D0608-4', 'PC06', 'D0608', '0.4kV', 'Trạm treo', 1000, 2002, 'LS Electric', 71.11, 'Trung bình', '2025-03-25'),
('S0608_005', 'TBA Trạm hợp bộ D0608-5', 'PC06', 'D0608', '0.4kV', 'Trạm hợp bộ', 100, 2016, 'LS Electric', 54.21, 'Tốt', '2025-03-24'),
('S0608_006', 'TBA Trạm treo D0608-6', 'PC06', 'D0608', '0.4kV', 'Trạm treo', 320, 2023, 'Thibidi', 49.51, 'Tốt', '2025-08-08'),
('S0608_007', 'TBA Trạm hợp bộ D0608-7', 'PC06', 'D0608', '0.4kV', 'Trạm hợp bộ', 50, 2002, 'Thibidi', 67.40, 'Trung bình', '2025-09-26'),
('S0608_008', 'TBA Trạm treo D0608-8', 'PC06', 'D0608', '0.4kV', 'Trạm treo', 50, 2011, 'Đông Anh', 61.64, 'Trung bình', '2025-02-23'),
('S0609_001', 'TBA Trạm hợp bộ D0609-1', 'PC06', 'D0609', '0.4kV', 'Trạm hợp bộ', 250, 2016, 'Mitsubishi', 69.01, 'Trung bình', '2025-03-13'),
('S0609_002', 'TBA Trạm hợp bộ D0609-2', 'PC06', 'D0609', '0.4kV', 'Trạm hợp bộ', 750, 2020, 'Siemens', 46.36, 'Tốt', '2025-09-09'),
('S0609_003', 'TBA Trạm giàn D0609-3', 'PC06', 'D0609', '0.4kV', 'Trạm giàn', 630, 2012, 'Đông Anh', 79.18, 'Tốt', '2025-06-16'),
('S0609_004', 'TBA Trạm treo D0609-4', 'PC06', 'D0609', '0.4kV', 'Trạm treo', 630, 2015, 'Hanaka', 76.62, 'Tốt', '2025-03-08'),
('S0609_005', 'TBA Trạm treo D0609-5', 'PC06', 'D0609', '0.4kV', 'Trạm treo', 160, 2002, 'Schneider Electric', 74.41, 'Kém', '2025-03-12'),
('S0609_006', 'TBA Trạm hợp bộ D0609-6', 'PC06', 'D0609', '0.4kV', 'Trạm hợp bộ', 75, 2019, 'Thibidi', 56.52, 'Tốt', '2025-07-26'),
('S0609_007', 'TBA Trạm giàn D0609-7', 'PC06', 'D0609', '0.4kV', 'Trạm giàn', 1000, 2010, 'Hanaka', 71.61, 'Trung bình', '2025-04-19'),
('S0609_008', 'TBA Trạm treo D0609-8', 'PC06', 'D0609', '0.4kV', 'Trạm treo', 50, 2005, 'ABB', 78.12, 'Kém', '2025-03-19'),
('S0609_009', 'TBA Trạm hợp bộ D0609-9', 'PC06', 'D0609', '0.4kV', 'Trạm hợp bộ', 1000, 2018, 'ABB', 39.83, 'Tốt', '2025-03-02'),
('S0701_001', 'TBA Trạm giàn D0701-1', 'PC07', 'D0701', '0.4kV', 'Trạm giàn', 630, 2005, 'LS Electric', 67.23, 'Trung bình', '2025-01-24'),
('S0701_002', 'TBA Trạm treo D0701-2', 'PC07', 'D0701', '0.4kV', 'Trạm treo', 250, 2023, 'Thibidi', 54.85, 'Tốt', '2025-08-20'),
('S0701_003', 'TBA Trạm giàn D0701-3', 'PC07', 'D0701', '0.4kV', 'Trạm giàn', 160, 2015, 'LS Electric', 76.02, 'Tốt', '2025-03-26'),
('S0701_004', 'TBA Trạm hợp bộ D0701-4', 'PC07', 'D0701', '0.4kV', 'Trạm hợp bộ', 100, 2018, 'Mitsubishi', 59.61, 'Tốt', '2025-05-06'),
('S0701_005', 'TBA Trạm hợp bộ D0701-5', 'PC07', 'D0701', '0.4kV', 'Trạm hợp bộ', 500, 2023, 'LS Electric', 55.57, 'Tốt', '2025-02-08'),
('S0701_006', 'TBA Trạm treo D0701-6', 'PC07', 'D0701', '0.4kV', 'Trạm treo', 50, 2012, 'Mitsubishi', 61.56, 'Tốt', '2025-09-22'),
('S0701_007', 'TBA Trạm giàn D0701-7', 'PC07', 'D0701', '0.4kV', 'Trạm giàn', 100, 2013, 'LS Electric', 74.80, 'Tốt', '2025-01-26'),
('S0701_008', 'TBA Trạm giàn D0701-8', 'PC07', 'D0701', '0.4kV', 'Trạm giàn', 75, 2017, 'Schneider Electric', 65.10, 'Tốt', '2025-09-27'),
('S0701_009', 'TBA Trạm giàn D0701-9', 'PC07', 'D0701', '0.4kV', 'Trạm giàn', 630, 2000, 'Đông Anh', 85.12, 'Kém', '2025-01-23'),
('S0701_010', 'TBA Trạm giàn D0701-10', 'PC07', 'D0701', '0.4kV', 'Trạm giàn', 400, 2016, 'LS Electric', 62.87, 'Trung bình', '2025-02-14'),
('S0701_011', 'TBA Trạm giàn D0701-11', 'PC07', 'D0701', '0.4kV', 'Trạm giàn', 75, 2004, 'LS Electric', 67.13, 'Trung bình', '2025-09-14'),
('S0701_012', 'TBA Trạm hợp bộ D0701-12', 'PC07', 'D0701', '0.4kV', 'Trạm hợp bộ', 750, 2008, 'Siemens', 65.29, 'Trung bình', '2025-09-01'),
('S0701_013', 'TBA Trạm giàn D0701-13', 'PC07', 'D0701', '0.4kV', 'Trạm giàn', 400, 2012, 'Siemens', 69.64, 'Trung bình', '2025-03-14'),
('S0702_001', 'TBA Trạm hợp bộ D0702-1', 'PC07', 'D0702', '0.4kV', 'Trạm hợp bộ', 250, 2020, 'BTH', 52.56, 'Tốt', '2025-06-20'),
('S0702_002', 'TBA Trạm giàn D0702-2', 'PC07', 'D0702', '0.4kV', 'Trạm giàn', 160, 2008, 'Mitsubishi', 87.77, 'Kém', '2025-09-16'),
('S0702_003', 'TBA Trạm giàn D0702-3', 'PC07', 'D0702', '0.4kV', 'Trạm giàn', 250, 2005, 'LS Electric', 70.37, 'Kém', '2025-06-25'),
('S0702_004', 'TBA Trạm hợp bộ D0702-4', 'PC07', 'D0702', '0.4kV', 'Trạm hợp bộ', 100, 2022, 'Siemens', 46.94, 'Tốt', '2025-04-15'),
('S0702_005', 'TBA Trạm treo D0702-5', 'PC07', 'D0702', '0.4kV', 'Trạm treo', 75, 2022, 'Mitsubishi', 63.48, 'Tốt', '2025-07-26'),
('S0702_006', 'TBA Trạm giàn D0702-6', 'PC07', 'D0702', '0.4kV', 'Trạm giàn', 100, 2010, 'ABB', 74.03, 'Tốt', '2025-02-27'),
('S0702_007', 'TBA Trạm treo D0702-7', 'PC07', 'D0702', '0.4kV', 'Trạm treo', 75, 2004, 'EEMC', 73.21, 'Kém', '2025-04-12'),
('S0702_008', 'TBA Trạm hợp bộ D0702-8', 'PC07', 'D0702', '0.4kV', 'Trạm hợp bộ', 400, 2002, 'Mitsubishi', 77.05, 'Kém', '2025-05-23'),
('S0702_009', 'TBA Trạm hợp bộ D0702-9', 'PC07', 'D0702', '0.4kV', 'Trạm hợp bộ', 100, 2019, 'Hanaka', 36.72, 'Tốt', '2025-08-01'),
('S0702_010', 'TBA Trạm treo D0702-10', 'PC07', 'D0702', '0.4kV', 'Trạm treo', 160, 2006, 'LS Electric', 83.82, 'Kém', '2025-09-17'),
('S0702_011', 'TBA Trạm hợp bộ D0702-11', 'PC07', 'D0702', '0.4kV', 'Trạm hợp bộ', 100, 2022, 'ABB', 41.95, 'Tốt', '2025-06-08'),
('S0703_001', 'TBA Trạm treo D0703-1', 'PC07', 'D0703', '0.4kV', 'Trạm treo', 100, 2020, 'EEMC', 35.01, 'Tốt', '2025-07-12'),
('S0703_002', 'TBA Trạm treo D0703-2', 'PC07', 'D0703', '0.4kV', 'Trạm treo', 750, 2021, 'Mitsubishi', 46.85, 'Tốt', '2025-01-24'),
('S0703_003', 'TBA Trạm hợp bộ D0703-3', 'PC07', 'D0703', '0.4kV', 'Trạm hợp bộ', 75, 2022, 'EEMC', 37.06, 'Tốt', '2025-09-19'),
('S0703_004', 'TBA Trạm hợp bộ D0703-4', 'PC07', 'D0703', '0.4kV', 'Trạm hợp bộ', 160, 2011, 'Thibidi', 60.42, 'Trung bình', '2025-08-13'),
('S0703_005', 'TBA Trạm giàn D0703-5', 'PC07', 'D0703', '0.4kV', 'Trạm giàn', 100, 2018, 'Mitsubishi', 35.14, 'Tốt', '2025-02-18'),
('S0703_006', 'TBA Trạm hợp bộ D0703-6', 'PC07', 'D0703', '0.4kV', 'Trạm hợp bộ', 75, 2002, 'EEMC', 74.09, 'Kém', '2025-09-27'),
('S0703_007', 'TBA Trạm giàn D0703-7', 'PC07', 'D0703', '0.4kV', 'Trạm giàn', 500, 2018, 'LS Electric', 42.50, 'Tốt', '2025-08-25'),
('S0704_001', 'TBA Trạm giàn D0704-1', 'PC07', 'D0704', '0.4kV', 'Trạm giàn', 1000, 2007, 'LS Electric', 81.21, 'Kém', '2025-01-16'),
('S0704_002', 'TBA Trạm treo D0704-2', 'PC07', 'D0704', '0.4kV', 'Trạm treo', 1000, 2003, 'Thibidi', 67.22, 'Kém', '2025-06-14'),
('S0704_003', 'TBA Trạm treo D0704-3', 'PC07', 'D0704', '0.4kV', 'Trạm treo', 250, 2011, 'EEMC', 65.50, 'Tốt', '2025-02-13'),
('S0704_004', 'TBA Trạm treo D0704-4', 'PC07', 'D0704', '0.4kV', 'Trạm treo', 320, 2021, 'Mitsubishi', 57.46, 'Tốt', '2025-03-16'),
('S0704_005', 'TBA Trạm hợp bộ D0704-5', 'PC07', 'D0704', '0.4kV', 'Trạm hợp bộ', 100, 2010, 'Thibidi', 60.61, 'Trung bình', '2025-08-24'),
('S0704_006', 'TBA Trạm treo D0704-6', 'PC07', 'D0704', '0.4kV', 'Trạm treo', 250, 2006, 'Thibidi', 66.58, 'Trung bình', '2025-04-27'),
('S0704_007', 'TBA Trạm treo D0704-7', 'PC07', 'D0704', '0.4kV', 'Trạm treo', 100, 2007, 'Siemens', 83.42, 'Kém', '2025-02-22'),
('S0704_008', 'TBA Trạm hợp bộ D0704-8', 'PC07', 'D0704', '0.4kV', 'Trạm hợp bộ', 50, 2021, 'ABB', 49.78, 'Tốt', '2025-08-12'),
('S0704_009', 'TBA Trạm giàn D0704-9', 'PC07', 'D0704', '0.4kV', 'Trạm giàn', 750, 2019, 'Hanaka', 44.46, 'Tốt', '2025-03-25'),
('S0705_001', 'TBA Trạm treo D0705-1', 'PC07', 'D0705', '0.4kV', 'Trạm treo', 750, 2016, 'ABB', 58.41, 'Tốt', '2025-09-26'),
('S0705_002', 'TBA Trạm giàn D0705-2', 'PC07', 'D0705', '0.4kV', 'Trạm giàn', 630, 2013, 'BTH', 64.35, 'Tốt', '2025-03-15'),
('S0705_003', 'TBA Trạm hợp bộ D0705-3', 'PC07', 'D0705', '0.4kV', 'Trạm hợp bộ', 320, 2003, 'ABB', 79.55, 'Kém', '2025-01-22'),
('S0705_004', 'TBA Trạm giàn D0705-4', 'PC07', 'D0705', '0.4kV', 'Trạm giàn', 320, 2006, 'LS Electric', 70.62, 'Trung bình', '2025-05-06'),
('S0705_005', 'TBA Trạm hợp bộ D0705-5', 'PC07', 'D0705', '0.4kV', 'Trạm hợp bộ', 500, 2017, 'Đông Anh', 57.89, 'Trung bình', '2025-06-06'),
('S0705_006', 'TBA Trạm giàn D0705-6', 'PC07', 'D0705', '0.4kV', 'Trạm giàn', 320, 2015, 'BTH', 62.72, 'Trung bình', '2025-05-15'),
('S0705_007', 'TBA Trạm hợp bộ D0705-7', 'PC07', 'D0705', '0.4kV', 'Trạm hợp bộ', 75, 2005, 'EEMC', 76.00, 'Trung bình', '2025-04-18'),
('S0705_008', 'TBA Trạm hợp bộ D0705-8', 'PC07', 'D0705', '0.4kV', 'Trạm hợp bộ', 100, 2013, 'Schneider Electric', 75.69, 'Tốt', '2025-08-26'),
('S0705_009', 'TBA Trạm hợp bộ D0705-9', 'PC07', 'D0705', '0.4kV', 'Trạm hợp bộ', 100, 2000, 'Mitsubishi', 64.95, 'Kém', '2025-09-24'),
('S0705_010', 'TBA Trạm hợp bộ D0705-10', 'PC07', 'D0705', '0.4kV', 'Trạm hợp bộ', 250, 2010, 'LS Electric', 73.56, 'Trung bình', '2025-01-13'),
('S0705_011', 'TBA Trạm giàn D0705-11', 'PC07', 'D0705', '0.4kV', 'Trạm giàn', 160, 2003, 'Hanaka', 79.34, 'Trung bình', '2025-02-15'),
('S0705_012', 'TBA Trạm giàn D0705-12', 'PC07', 'D0705', '0.4kV', 'Trạm giàn', 320, 2023, 'Mitsubishi', 45.04, 'Tốt', '2025-09-26'),
('S0705_013', 'TBA Trạm giàn D0705-13', 'PC07', 'D0705', '0.4kV', 'Trạm giàn', 75, 2008, 'LS Electric', 69.64, 'Kém', '2025-04-19'),
('S0705_014', 'TBA Trạm treo D0705-14', 'PC07', 'D0705', '0.4kV', 'Trạm treo', 630, 2018, 'EEMC', 54.50, 'Tốt', '2025-06-11'),
('S0705_015', 'TBA Trạm treo D0705-15', 'PC07', 'D0705', '0.4kV', 'Trạm treo', 500, 2021, 'BTH', 50.31, 'Tốt', '2025-05-15'),
('S0706_001', 'TBA Trạm hợp bộ D0706-1', 'PC07', 'D0706', '0.4kV', 'Trạm hợp bộ', 100, 2020, 'Đông Anh', 63.70, 'Tốt', '2025-07-21'),
('S0706_002', 'TBA Trạm treo D0706-2', 'PC07', 'D0706', '0.4kV', 'Trạm treo', 75, 2019, 'Schneider Electric', 52.15, 'Tốt', '2025-06-08'),
('S0706_003', 'TBA Trạm hợp bộ D0706-3', 'PC07', 'D0706', '0.4kV', 'Trạm hợp bộ', 250, 2010, 'BTH', 59.51, 'Trung bình', '2025-05-15'),
('S0706_004', 'TBA Trạm hợp bộ D0706-4', 'PC07', 'D0706', '0.4kV', 'Trạm hợp bộ', 320, 2024, 'LS Electric', 60.88, 'Tốt', '2025-09-15'),
('S0706_005', 'TBA Trạm hợp bộ D0706-5', 'PC07', 'D0706', '0.4kV', 'Trạm hợp bộ', 100, 2013, 'Thibidi', 55.02, 'Tốt', '2025-05-24'),
('S0706_006', 'TBA Trạm treo D0706-6', 'PC07', 'D0706', '0.4kV', 'Trạm treo', 160, 2022, 'BTH', 57.49, 'Tốt', '2025-02-04'),
('S0706_007', 'TBA Trạm treo D0706-7', 'PC07', 'D0706', '0.4kV', 'Trạm treo', 630, 2002, 'ABB', 86.23, 'Kém', '2025-07-17'),
('S0707_001', 'TBA Trạm giàn D0707-1', 'PC07', 'D0707', '0.4kV', 'Trạm giàn', 75, 2024, 'LS Electric', 64.88, 'Tốt', '2025-03-03'),
('S0707_002', 'TBA Trạm giàn D0707-2', 'PC07', 'D0707', '0.4kV', 'Trạm giàn', 400, 2020, 'Thibidi', 62.95, 'Tốt', '2025-04-24'),
('S0707_003', 'TBA Trạm hợp bộ D0707-3', 'PC07', 'D0707', '0.4kV', 'Trạm hợp bộ', 100, 2009, 'Schneider Electric', 72.41, 'Trung bình', '2025-01-02'),
('S0707_004', 'TBA Trạm giàn D0707-4', 'PC07', 'D0707', '0.4kV', 'Trạm giàn', 320, 2021, 'Hanaka', 45.71, 'Tốt', '2025-09-09'),
('S0707_005', 'TBA Trạm hợp bộ D0707-5', 'PC07', 'D0707', '0.4kV', 'Trạm hợp bộ', 750, 2017, 'Hanaka', 63.35, 'Tốt', '2025-07-17'),
('S0708_001', 'TBA Trạm giàn D0708-1', 'PC07', 'D0708', '0.4kV', 'Trạm giàn', 250, 2020, 'Hanaka', 54.19, 'Tốt', '2025-09-08'),
('S0708_002', 'TBA Trạm giàn D0708-2', 'PC07', 'D0708', '0.4kV', 'Trạm giàn', 400, 2002, 'Schneider Electric', 72.37, 'Kém', '2025-05-01'),
('S0708_003', 'TBA Trạm giàn D0708-3', 'PC07', 'D0708', '0.4kV', 'Trạm giàn', 320, 2000, 'Hanaka', 74.65, 'Trung bình', '2025-09-01'),
('S0708_004', 'TBA Trạm giàn D0708-4', 'PC07', 'D0708', '0.4kV', 'Trạm giàn', 500, 2022, 'ABB', 62.66, 'Tốt', '2025-07-26'),
('S0708_005', 'TBA Trạm giàn D0708-5', 'PC07', 'D0708', '0.4kV', 'Trạm giàn', 630, 2009, 'Thibidi', 76.72, 'Trung bình', '2025-07-18'),
('S0708_006', 'TBA Trạm giàn D0708-6', 'PC07', 'D0708', '0.4kV', 'Trạm giàn', 1000, 2013, 'BTH', 61.84, 'Tốt', '2025-04-09'),
('S0801_001', 'TBA Trạm hợp bộ D0801-1', 'PC08', 'D0801', '0.4kV', 'Trạm hợp bộ', 630, 2002, 'EEMC', 71.82, 'Trung bình', '2025-05-21'),
('S0801_002', 'TBA Trạm giàn D0801-2', 'PC08', 'D0801', '0.4kV', 'Trạm giàn', 250, 2023, 'Thibidi', 50.96, 'Tốt', '2025-02-06'),
('S0801_003', 'TBA Trạm giàn D0801-3', 'PC08', 'D0801', '0.4kV', 'Trạm giàn', 750, 2004, 'EEMC', 68.11, 'Kém', '2025-08-07'),
('S0801_004', 'TBA Trạm treo D0801-4', 'PC08', 'D0801', '0.4kV', 'Trạm treo', 630, 2010, 'Schneider Electric', 50.58, 'Tốt', '2025-02-10'),
('S0801_005', 'TBA Trạm treo D0801-5', 'PC08', 'D0801', '0.4kV', 'Trạm treo', 50, 2008, 'Siemens', 63.50, 'Kém', '2025-03-01'),
('S0801_006', 'TBA Trạm giàn D0801-6', 'PC08', 'D0801', '0.4kV', 'Trạm giàn', 250, 2015, 'Đông Anh', 56.52, 'Trung bình', '2025-08-23'),
('S0801_007', 'TBA Trạm giàn D0801-7', 'PC08', 'D0801', '0.4kV', 'Trạm giàn', 50, 2001, 'BTH', 69.25, 'Trung bình', '2025-02-18'),
('S0801_008', 'TBA Trạm treo D0801-8', 'PC08', 'D0801', '0.4kV', 'Trạm treo', 400, 2015, 'Siemens', 55.45, 'Trung bình', '2025-04-13'),
('S0801_009', 'TBA Trạm hợp bộ D0801-9', 'PC08', 'D0801', '0.4kV', 'Trạm hợp bộ', 160, 2024, 'ABB', 64.25, 'Tốt', '2025-04-15'),
('S0801_010', 'TBA Trạm hợp bộ D0801-10', 'PC08', 'D0801', '0.4kV', 'Trạm hợp bộ', 630, 2023, 'Thibidi', 58.13, 'Tốt', '2025-08-13'),
('S0801_011', 'TBA Trạm treo D0801-11', 'PC08', 'D0801', '0.4kV', 'Trạm treo', 320, 2021, 'ABB', 63.84, 'Tốt', '2025-09-17'),
('S0801_012', 'TBA Trạm giàn D0801-12', 'PC08', 'D0801', '0.4kV', 'Trạm giàn', 160, 2003, 'ABB', 67.09, 'Kém', '2025-04-04'),
('S0801_013', 'TBA Trạm treo D0801-13', 'PC08', 'D0801', '0.4kV', 'Trạm treo', 50, 2007, 'EEMC', 77.72, 'Kém', '2025-02-13'),
('S0801_014', 'TBA Trạm hợp bộ D0801-14', 'PC08', 'D0801', '0.4kV', 'Trạm hợp bộ', 750, 2007, 'Hanaka', 60.25, 'Trung bình', '2025-03-12'),
('S0801_015', 'TBA Trạm giàn D0801-15', 'PC08', 'D0801', '0.4kV', 'Trạm giàn', 100, 2024, 'Siemens', 37.68, 'Tốt', '2025-06-25'),
('S0801_016', 'TBA Trạm hợp bộ D0801-16', 'PC08', 'D0801', '0.4kV', 'Trạm hợp bộ', 320, 2020, 'Schneider Electric', 36.80, 'Tốt', '2025-09-26'),
('S0802_001', 'TBA Trạm hợp bộ D0802-1', 'PC08', 'D0802', '0.4kV', 'Trạm hợp bộ', 320, 2003, 'Đông Anh', 63.52, 'Trung bình', '2025-08-24'),
('S0802_002', 'TBA Trạm hợp bộ D0802-2', 'PC08', 'D0802', '0.4kV', 'Trạm hợp bộ', 320, 2006, 'Schneider Electric', 60.60, 'Kém', '2025-05-02'),
('S0802_003', 'TBA Trạm hợp bộ D0802-3', 'PC08', 'D0802', '0.4kV', 'Trạm hợp bộ', 630, 2015, 'Hanaka', 71.20, 'Trung bình', '2025-04-19'),
('S0802_004', 'TBA Trạm giàn D0802-4', 'PC08', 'D0802', '0.4kV', 'Trạm giàn', 500, 2005, 'LS Electric', 75.22, 'Kém', '2025-09-06'),
('S0802_005', 'TBA Trạm giàn D0802-5', 'PC08', 'D0802', '0.4kV', 'Trạm giàn', 250, 2002, 'Mitsubishi', 74.87, 'Kém', '2025-06-15'),
('S0802_006', 'TBA Trạm treo D0802-6', 'PC08', 'D0802', '0.4kV', 'Trạm treo', 100, 2000, 'LS Electric', 81.73, 'Kém', '2025-06-25'),
('S0802_007', 'TBA Trạm hợp bộ D0802-7', 'PC08', 'D0802', '0.4kV', 'Trạm hợp bộ', 75, 2019, 'Mitsubishi', 42.16, 'Tốt', '2025-07-07'),
('S0802_008', 'TBA Trạm giàn D0802-8', 'PC08', 'D0802', '0.4kV', 'Trạm giàn', 750, 2016, 'Đông Anh', 70.50, 'Tốt', '2025-07-21'),
('S0802_009', 'TBA Trạm treo D0802-9', 'PC08', 'D0802', '0.4kV', 'Trạm treo', 50, 2010, 'Schneider Electric', 53.31, 'Tốt', '2025-01-07'),
('S0802_010', 'TBA Trạm hợp bộ D0802-10', 'PC08', 'D0802', '0.4kV', 'Trạm hợp bộ', 50, 2003, 'BTH', 73.59, 'Trung bình', '2025-08-17'),
('S0802_011', 'TBA Trạm treo D0802-11', 'PC08', 'D0802', '0.4kV', 'Trạm treo', 250, 2019, 'Đông Anh', 56.04, 'Tốt', '2025-04-20'),
('S0802_012', 'TBA Trạm hợp bộ D0802-12', 'PC08', 'D0802', '0.4kV', 'Trạm hợp bộ', 160, 2022, 'Hanaka', 37.13, 'Tốt', '2025-02-15'),
('S0802_013', 'TBA Trạm hợp bộ D0802-13', 'PC08', 'D0802', '0.4kV', 'Trạm hợp bộ', 630, 2020, 'BTH', 36.82, 'Tốt', '2025-06-26'),
('S0802_014', 'TBA Trạm giàn D0802-14', 'PC08', 'D0802', '0.4kV', 'Trạm giàn', 750, 2022, 'Mitsubishi', 36.75, 'Tốt', '2025-01-24'),
('S0802_015', 'TBA Trạm hợp bộ D0802-15', 'PC08', 'D0802', '0.4kV', 'Trạm hợp bộ', 160, 2002, 'Siemens', 83.36, 'Trung bình', '2025-02-24'),
('S0803_001', 'TBA Trạm hợp bộ D0803-1', 'PC08', 'D0803', '0.4kV', 'Trạm hợp bộ', 160, 2007, 'Thibidi', 74.89, 'Trung bình', '2025-03-18'),
('S0803_002', 'TBA Trạm hợp bộ D0803-2', 'PC08', 'D0803', '0.4kV', 'Trạm hợp bộ', 75, 2023, 'LS Electric', 51.74, 'Tốt', '2025-06-22'),
('S0803_003', 'TBA Trạm treo D0803-3', 'PC08', 'D0803', '0.4kV', 'Trạm treo', 75, 2014, 'Schneider Electric', 71.08, 'Trung bình', '2025-09-13'),
('S0803_004', 'TBA Trạm hợp bộ D0803-4', 'PC08', 'D0803', '0.4kV', 'Trạm hợp bộ', 630, 2016, 'Hanaka', 60.13, 'Tốt', '2025-06-11'),
('S0803_005', 'TBA Trạm giàn D0803-5', 'PC08', 'D0803', '0.4kV', 'Trạm giàn', 320, 2017, 'BTH', 79.74, 'Trung bình', '2025-06-20'),
('S0803_006', 'TBA Trạm hợp bộ D0803-6', 'PC08', 'D0803', '0.4kV', 'Trạm hợp bộ', 400, 2007, 'EEMC', 75.77, 'Trung bình', '2025-06-15'),
('S0803_007', 'TBA Trạm giàn D0803-7', 'PC08', 'D0803', '0.4kV', 'Trạm giàn', 50, 2014, 'LS Electric', 78.79, 'Tốt', '2025-01-17'),
('S0803_008', 'TBA Trạm giàn D0803-8', 'PC08', 'D0803', '0.4kV', 'Trạm giàn', 50, 2004, 'Thibidi', 87.82, 'Kém', '2025-04-28'),
('S0803_009', 'TBA Trạm hợp bộ D0803-9', 'PC08', 'D0803', '0.4kV', 'Trạm hợp bộ', 630, 2010, 'Mitsubishi', 50.65, 'Trung bình', '2025-03-04'),
('S0803_010', 'TBA Trạm giàn D0803-10', 'PC08', 'D0803', '0.4kV', 'Trạm giàn', 100, 2001, 'Đông Anh', 72.89, 'Trung bình', '2025-04-08'),
('S0803_011', 'TBA Trạm giàn D0803-11', 'PC08', 'D0803', '0.4kV', 'Trạm giàn', 750, 2008, 'LS Electric', 82.71, 'Trung bình', '2025-04-24'),
('S0803_012', 'TBA Trạm giàn D0803-12', 'PC08', 'D0803', '0.4kV', 'Trạm giàn', 100, 2002, 'LS Electric', 80.26, 'Kém', '2025-02-20'),
('S0803_013', 'TBA Trạm giàn D0803-13', 'PC08', 'D0803', '0.4kV', 'Trạm giàn', 750, 2020, 'Siemens', 44.01, 'Tốt', '2025-01-25'),
('S0803_014', 'TBA Trạm treo D0803-14', 'PC08', 'D0803', '0.4kV', 'Trạm treo', 400, 2010, 'Thibidi', 60.44, 'Trung bình', '2025-01-21'),
('S0803_015', 'TBA Trạm giàn D0803-15', 'PC08', 'D0803', '0.4kV', 'Trạm giàn', 50, 2024, 'Mitsubishi', 53.97, 'Tốt', '2025-01-11'),
('S0803_016', 'TBA Trạm hợp bộ D0803-16', 'PC08', 'D0803', '0.4kV', 'Trạm hợp bộ', 630, 2017, 'Thibidi', 66.95, 'Trung bình', '2025-03-02'),
('S0804_001', 'TBA Trạm giàn D0804-1', 'PC08', 'D0804', '0.4kV', 'Trạm giàn', 400, 2021, 'LS Electric', 56.95, 'Tốt', '2025-09-03'),
('S0804_002', 'TBA Trạm treo D0804-2', 'PC08', 'D0804', '0.4kV', 'Trạm treo', 100, 2007, 'Đông Anh', 72.09, 'Kém', '2025-02-16'),
('S0804_003', 'TBA Trạm giàn D0804-3', 'PC08', 'D0804', '0.4kV', 'Trạm giàn', 630, 2018, 'EEMC', 57.36, 'Tốt', '2025-02-13'),
('S0804_004', 'TBA Trạm giàn D0804-4', 'PC08', 'D0804', '0.4kV', 'Trạm giàn', 100, 2016, 'Mitsubishi', 63.03, 'Tốt', '2025-04-16'),
('S0804_005', 'TBA Trạm hợp bộ D0804-5', 'PC08', 'D0804', '0.4kV', 'Trạm hợp bộ', 630, 2012, 'Mitsubishi', 69.57, 'Tốt', '2025-04-08'),
('S0804_006', 'TBA Trạm hợp bộ D0804-6', 'PC08', 'D0804', '0.4kV', 'Trạm hợp bộ', 320, 2002, 'LS Electric', 67.46, 'Kém', '2025-02-04'),
('S0804_007', 'TBA Trạm giàn D0804-7', 'PC08', 'D0804', '0.4kV', 'Trạm giàn', 320, 2021, 'Thibidi', 47.41, 'Tốt', '2025-06-12'),
('S0804_008', 'TBA Trạm treo D0804-8', 'PC08', 'D0804', '0.4kV', 'Trạm treo', 250, 2019, 'Đông Anh', 54.66, 'Tốt', '2025-08-20'),
('S0804_009', 'TBA Trạm hợp bộ D0804-9', 'PC08', 'D0804', '0.4kV', 'Trạm hợp bộ', 160, 2004, 'Đông Anh', 72.33, 'Trung bình', '2025-03-25'),
('S0804_010', 'TBA Trạm hợp bộ D0804-10', 'PC08', 'D0804', '0.4kV', 'Trạm hợp bộ', 75, 2023, 'ABB', 60.58, 'Tốt', '2025-04-20'),
('S0804_011', 'TBA Trạm giàn D0804-11', 'PC08', 'D0804', '0.4kV', 'Trạm giàn', 50, 2004, 'Siemens', 84.33, 'Kém', '2025-05-15'),
('S0804_012', 'TBA Trạm treo D0804-12', 'PC08', 'D0804', '0.4kV', 'Trạm treo', 630, 2015, 'Thibidi', 50.68, 'Tốt', '2025-09-17'),
('S0804_013', 'TBA Trạm hợp bộ D0804-13', 'PC08', 'D0804', '0.4kV', 'Trạm hợp bộ', 500, 2024, 'Schneider Electric', 42.76, 'Tốt', '2025-01-13'),
('S110_001', 'Trạm 110kV D0101', 'PC01', 'D0101', '110kV', 'Trạm 110kV', 63000, 2013, 'EEMC', 68.45, 'Trung bình', '2025-07-12'),
('S110_002', 'Trạm 110kV D0102', 'PC01', 'D0102', '110kV', 'Trạm 110kV', 25000, 2012, 'ABB', 66.72, 'Trung bình', '2025-01-28'),
('S110_003', 'Trạm 110kV D0103', 'PC01', 'D0103', '110kV', 'Trạm 110kV', 25000, 2008, 'Thibidi', 69.43, 'Trung bình', '2025-02-13'),
('S110_004', 'Trạm 110kV D0201', 'PC02', 'D0201', '110kV', 'Trạm 110kV', 63000, 2017, 'EEMC', 77.91, 'Tốt', '2025-05-18'),
('S110_005', 'Trạm 110kV D0202', 'PC02', 'D0202', '110kV', 'Trạm 110kV', 63000, 2005, 'EEMC', 71.58, 'Kém', '2025-05-25'),
('S110_006', 'Trạm 110kV D0301', 'PC03', 'D0301', '110kV', 'Trạm 110kV', 25000, 2015, 'Siemens', 61.75, 'Tốt', '2025-08-01'),
('S110_007', 'Trạm 110kV D0302', 'PC03', 'D0302', '110kV', 'Trạm 110kV', 63000, 2013, 'EEMC', 72.53, 'Trung bình', '2025-02-28'),
('S110_008', 'Trạm 110kV D0303', 'PC03', 'D0303', '110kV', 'Trạm 110kV', 63000, 2014, 'Siemens', 66.68, 'Trung bình', '2025-03-12'),
('S110_009', 'Trạm 110kV D0304', 'PC03', 'D0304', '110kV', 'Trạm 110kV', 63000, 2010, 'EEMC', 76.93, 'Trung bình', '2025-01-20'),
('S110_010', 'Trạm 110kV D0305', 'PC03', 'D0305', '110kV', 'Trạm 110kV', 40000, 2015, 'Schneider Electric', 55.45, 'Tốt', '2025-05-08'),
('S110_011', 'Trạm 110kV D0401', 'PC04', 'D0401', '110kV', 'Trạm 110kV', 25000, 2006, 'ABB', 75.19, 'Kém', '2025-02-24'),
('S110_012', 'Trạm 110kV D0402', 'PC04', 'D0402', '110kV', 'Trạm 110kV', 25000, 2020, 'EEMC', 77.49, 'Tốt', '2025-03-05'),
('S110_013', 'Trạm 110kV D0501', 'PC05', 'D0501', '110kV', 'Trạm 110kV', 63000, 2020, 'EEMC', 58.80, 'Tốt', '2025-07-07'),
('S110_014', 'Trạm 110kV D0502', 'PC05', 'D0502', '110kV', 'Trạm 110kV', 63000, 2011, 'Schneider Electric', 62.17, 'Trung bình', '2025-08-17'),
('S110_015', 'Trạm 110kV D0503', 'PC05', 'D0503', '110kV', 'Trạm 110kV', 25000, 2019, 'ABB', 60.70, 'Tốt', '2025-06-01'),
('S110_016', 'Trạm 110kV D0601', 'PC06', 'D0601', '110kV', 'Trạm 110kV', 63000, 2012, 'ABB', 60.06, 'Trung bình', '2025-01-08'),
('S110_017', 'Trạm 110kV D0602', 'PC06', 'D0602', '110kV', 'Trạm 110kV', 25000, 2007, 'ABB', 74.77, 'Kém', '2025-09-08'),
('S110_018', 'Trạm 110kV D0701', 'PC07', 'D0701', '110kV', 'Trạm 110kV', 63000, 2013, 'EEMC', 66.16, 'Trung bình', '2025-03-24'),
('S110_019', 'Trạm 110kV D0702', 'PC07', 'D0702', '110kV', 'Trạm 110kV', 25000, 2020, 'Thibidi', 73.05, 'Tốt', '2025-04-04'),
('S110_020', 'Trạm 110kV D0801', 'PC08', 'D0801', '110kV', 'Trạm 110kV', 63000, 2008, 'Thibidi', 64.91, 'Trung bình', '2025-07-15');

-- ----------------------------------------
-- Table: grid_assets
-- ----------------------------------------

INSERT INTO `grid_assets` (`asset_id`, `asset_type`, `pc_id`, `district_id`, `installed_year`, `capacity_or_length`, `unit`, `condition_rating`, `replacement_cost_million_vnd`) VALUES
('A0001', 'MBA phân phối', 'PC01', 'D0101', 2006, 100.00, 'kVA', 'Tốt', 99.9),
('A0002', 'MBA phân phối', 'PC01', 'D0105', 1999, 500.00, 'kVA', 'Trung bình', 423.3),
('A0003', 'MBA phân phối', 'PC01', 'D0105', 2019, 1000.00, 'kVA', 'Tốt', 1052.2),
('A0004', 'MBA phân phối', 'PC01', 'D0102', 1998, 250.00, 'kVA', 'Kém', 240.5),
('A0005', 'MBA phân phối', 'PC01', 'D0107', 2014, 75.00, 'kVA', 'Trung bình', 85.4),
('A0006', 'MBA phân phối', 'PC01', 'D0102', 2003, 160.00, 'kVA', 'Kém', 190.8),
('A0007', 'MBA phân phối', 'PC01', 'D0101', 1999, 160.00, 'kVA', 'Kém', 165.4),
('A0008', 'MBA phân phối', 'PC01', 'D0107', 2021, 100.00, 'kVA', 'Tốt', 81.3),
('A0009', 'MBA phân phối', 'PC01', 'D0106', 2009, 1000.00, 'kVA', 'Trung bình', 965.3),
('A0010', 'MBA phân phối', 'PC01', 'D0105', 2023, 50.00, 'kVA', 'Tốt', 61.9),
('A0011', 'MBA phân phối', 'PC01', 'D0107', 2024, 50.00, 'kVA', 'Tốt', 73.0),
('A0012', 'MBA phân phối', 'PC01', 'D0105', 2005, 100.00, 'kVA', 'Trung bình', 142.8),
('A0013', 'MBA phân phối', 'PC01', 'D0103', 2000, 400.00, 'kVA', 'Trung bình', 436.9),
('A0014', 'MBA phân phối', 'PC01', 'D0103', 2011, 250.00, 'kVA', 'Trung bình', 278.6),
('A0015', 'MBA phân phối', 'PC01', 'D0103', 2004, 1000.00, 'kVA', 'Trung bình', 1206.7),
('A0016', 'MBA phân phối', 'PC01', 'D0104', 2002, 250.00, 'kVA', 'Trung bình', 275.3),
('A0017', 'MBA phân phối', 'PC01', 'D0103', 2018, 750.00, 'kVA', 'Tốt', 1081.5),
('A0018', 'MBA phân phối', 'PC01', 'D0106', 2000, 630.00, 'kVA', 'Trung bình', 585.2),
('A0019', 'MBA phân phối', 'PC01', 'D0103', 2021, 50.00, 'kVA', 'Tốt', 66.8),
('A0020', 'MBA phân phối', 'PC01', 'D0107', 2011, 250.00, 'kVA', 'Trung bình', 330.5),
('A0021', 'MBA phân phối', 'PC01', 'D0105', 2002, 160.00, 'kVA', 'Trung bình', 142.7),
('A0022', 'MBA phân phối', 'PC01', 'D0101', 2022, 750.00, 'kVA', 'Tốt', 923.9),
('A0023', 'MBA phân phối', 'PC01', 'D0104', 2017, 160.00, 'kVA', 'Tốt', 153.9),
('A0024', 'MBA phân phối', 'PC01', 'D0101', 2009, 75.00, 'kVA', 'Trung bình', 67.0),
('A0025', 'MBA phân phối', 'PC01', 'D0108', 2020, 1000.00, 'kVA', 'Tốt', 1061.8),
('A0026', 'MBA phân phối', 'PC01', 'D0107', 2013, 500.00, 'kVA', 'Tốt', 457.3),
('A0027', 'MBA phân phối', 'PC01', 'D0104', 1999, 400.00, 'kVA', 'Trung bình', 579.1),
('A0028', 'MBA phân phối', 'PC01', 'D0107', 2005, 1000.00, 'kVA', 'Tốt', 1330.4),
('A0029', 'MBA phân phối', 'PC01', 'D0102', 2003, 500.00, 'kVA', 'Kém', 640.8),
('A0030', 'MBA phân phối', 'PC01', 'D0108', 2005, 400.00, 'kVA', 'Trung bình', 537.3),
('A0031', 'MBA phân phối', 'PC02', 'D0205', 2021, 400.00, 'kVA', 'Tốt', 521.7),
('A0032', 'MBA phân phối', 'PC02', 'D0204', 2017, 750.00, 'kVA', 'Tốt', 911.7),
('A0033', 'MBA phân phối', 'PC02', 'D0205', 2018, 50.00, 'kVA', 'Tốt', 58.2),
('A0034', 'MBA phân phối', 'PC02', 'D0204', 2012, 50.00, 'kVA', 'Tốt', 58.2),
('A0035', 'MBA phân phối', 'PC02', 'D0204', 2021, 50.00, 'kVA', 'Tốt', 59.5),
('A0036', 'MBA phân phối', 'PC02', 'D0205', 2022, 1000.00, 'kVA', 'Tốt', 1473.8),
('A0037', 'MBA phân phối', 'PC02', 'D0202', 2007, 500.00, 'kVA', 'Trung bình', 709.5),
('A0038', 'MBA phân phối', 'PC02', 'D0203', 2012, 100.00, 'kVA', 'Trung bình', 100.6),
('A0039', 'MBA phân phối', 'PC02', 'D0201', 2020, 630.00, 'kVA', 'Tốt', 902.5),
('A0040', 'MBA phân phối', 'PC02', 'D0204', 2024, 1000.00, 'kVA', 'Tốt', 1116.2),
('A0041', 'MBA phân phối', 'PC02', 'D0205', 2001, 100.00, 'kVA', 'Trung bình', 107.5),
('A0042', 'MBA phân phối', 'PC02', 'D0203', 2012, 50.00, 'kVA', 'Tốt', 55.9),
('A0043', 'MBA phân phối', 'PC02', 'D0202', 2012, 75.00, 'kVA', 'Trung bình', 77.0),
('A0044', 'MBA phân phối', 'PC02', 'D0202', 2020, 75.00, 'kVA', 'Tốt', 64.8),
('A0045', 'MBA phân phối', 'PC02', 'D0204', 2018, 320.00, 'kVA', 'Tốt', 275.1),
('A0046', 'MBA phân phối', 'PC02', 'D0204', 2021, 630.00, 'kVA', 'Tốt', 773.9),
('A0047', 'MBA phân phối', 'PC02', 'D0202', 2010, 630.00, 'kVA', 'Trung bình', 523.4),
('A0048', 'MBA phân phối', 'PC02', 'D0202', 2008, 750.00, 'kVA', 'Tốt', 685.1),
('A0049', 'MBA phân phối', 'PC02', 'D0202', 2003, 50.00, 'kVA', 'Kém', 50.8),
('A0050', 'MBA phân phối', 'PC02', 'D0204', 2007, 1000.00, 'kVA', 'Tốt', 882.3),
('A0051', 'MBA phân phối', 'PC02', 'D0202', 2004, 50.00, 'kVA', 'Kém', 40.4),
('A0052', 'MBA phân phối', 'PC02', 'D0204', 2013, 630.00, 'kVA', 'Tốt', 772.1),
('A0053', 'MBA phân phối', 'PC02', 'D0204', 2005, 160.00, 'kVA', 'Trung bình', 178.8),
('A0054', 'MBA phân phối', 'PC02', 'D0204', 2000, 750.00, 'kVA', 'Trung bình', 728.5),
('A0055', 'MBA phân phối', 'PC02', 'D0205', 2006, 750.00, 'kVA', 'Tốt', 625.7),
('A0056', 'MBA phân phối', 'PC02', 'D0202', 1999, 1000.00, 'kVA', 'Kém', 825.7),
('A0057', 'MBA phân phối', 'PC02', 'D0201', 2019, 750.00, 'kVA', 'Tốt', 1040.0),
('A0058', 'MBA phân phối', 'PC02', 'D0203', 2008, 75.00, 'kVA', 'Tốt', 65.7),
('A0059', 'MBA phân phối', 'PC02', 'D0202', 2003, 1000.00, 'kVA', 'Kém', 1227.8),
('A0060', 'MBA phân phối', 'PC02', 'D0205', 2016, 630.00, 'kVA', 'Tốt', 582.2),
('A0061', 'MBA phân phối', 'PC03', 'D0308', 2021, 750.00, 'kVA', 'Tốt', 789.1),
('A0062', 'MBA phân phối', 'PC03', 'D0301', 2000, 250.00, 'kVA', 'Kém', 264.5),
('A0063', 'MBA phân phối', 'PC03', 'D0307', 2024, 75.00, 'kVA', 'Tốt', 99.8),
('A0064', 'MBA phân phối', 'PC03', 'D0309', 2000, 250.00, 'kVA', 'Kém', 223.5),
('A0065', 'MBA phân phối', 'PC03', 'D0305', 2008, 630.00, 'kVA', 'Trung bình', 735.4),
('A0066', 'MBA phân phối', 'PC03', 'D0304', 2017, 50.00, 'kVA', 'Tốt', 43.8),
('A0067', 'MBA phân phối', 'PC03', 'D0311', 2014, 75.00, 'kVA', 'Trung bình', 98.0),
('A0068', 'MBA phân phối', 'PC03', 'D0310', 2023, 250.00, 'kVA', 'Tốt', 274.7),
('A0069', 'MBA phân phối', 'PC03', 'D0306', 2006, 630.00, 'kVA', 'Trung bình', 912.9),
('A0070', 'MBA phân phối', 'PC03', 'D0310', 2016, 500.00, 'kVA', 'Tốt', 581.9),
('A0071', 'MBA phân phối', 'PC03', 'D0311', 2013, 500.00, 'kVA', 'Tốt', 709.3),
('A0072', 'MBA phân phối', 'PC03', 'D0304', 2020, 250.00, 'kVA', 'Tốt', 371.4),
('A0073', 'MBA phân phối', 'PC03', 'D0301', 2001, 50.00, 'kVA', 'Kém', 61.9),
('A0074', 'MBA phân phối', 'PC03', 'D0302', 2021, 160.00, 'kVA', 'Tốt', 217.6),
('A0075', 'MBA phân phối', 'PC03', 'D0307', 2011, 50.00, 'kVA', 'Trung bình', 52.2),
('A0076', 'MBA phân phối', 'PC03', 'D0311', 2004, 50.00, 'kVA', 'Trung bình', 64.2),
('A0077', 'MBA phân phối', 'PC03', 'D0305', 2023, 75.00, 'kVA', 'Tốt', 76.2),
('A0078', 'MBA phân phối', 'PC03', 'D0309', 2015, 320.00, 'kVA', 'Tốt', 427.8),
('A0079', 'MBA phân phối', 'PC03', 'D0302', 2019, 320.00, 'kVA', 'Tốt', 332.5),
('A0080', 'MBA phân phối', 'PC03', 'D0310', 2017, 50.00, 'kVA', 'Tốt', 69.1),
('A0081', 'MBA phân phối', 'PC03', 'D0304', 2008, 320.00, 'kVA', 'Trung bình', 461.2),
('A0082', 'MBA phân phối', 'PC03', 'D0301', 2018, 100.00, 'kVA', 'Tốt', 113.7),
('A0083', 'MBA phân phối', 'PC03', 'D0311', 2012, 630.00, 'kVA', 'Trung bình', 707.9),
('A0084', 'MBA phân phối', 'PC03', 'D0307', 2021, 50.00, 'kVA', 'Tốt', 69.2),
('A0085', 'MBA phân phối', 'PC03', 'D0305', 2016, 1000.00, 'kVA', 'Tốt', 1020.9),
('A0086', 'MBA phân phối', 'PC03', 'D0309', 1998, 160.00, 'kVA', 'Kém', 217.5),
('A0087', 'MBA phân phối', 'PC03', 'D0306', 2000, 100.00, 'kVA', 'Kém', 138.9),
('A0088', 'MBA phân phối', 'PC03', 'D0306', 2010, 1000.00, 'kVA', 'Tốt', 1199.7),
('A0089', 'MBA phân phối', 'PC03', 'D0307', 2003, 750.00, 'kVA', 'Trung bình', 1053.9),
('A0090', 'MBA phân phối', 'PC03', 'D0305', 2020, 320.00, 'kVA', 'Tốt', 415.0),
('A0091', 'MBA phân phối', 'PC03', 'D0305', 2011, 75.00, 'kVA', 'Trung bình', 106.0),
('A0092', 'MBA phân phối', 'PC03', 'D0306', 2012, 250.00, 'kVA', 'Tốt', 291.9),
('A0093', 'MBA phân phối', 'PC03', 'D0303', 2001, 320.00, 'kVA', 'Trung bình', 430.2),
('A0094', 'MBA phân phối', 'PC03', 'D0302', 2012, 630.00, 'kVA', 'Tốt', 856.4),
('A0095', 'MBA phân phối', 'PC03', 'D0309', 2002, 160.00, 'kVA', 'Kém', 231.4),
('A0096', 'MBA phân phối', 'PC03', 'D0309', 2007, 320.00, 'kVA', 'Tốt', 428.4),
('A0097', 'MBA phân phối', 'PC03', 'D0302', 2024, 630.00, 'kVA', 'Tốt', 802.4),
('A0098', 'MBA phân phối', 'PC03', 'D0303', 2004, 50.00, 'kVA', 'Kém', 53.6),
('A0099', 'MBA phân phối', 'PC04', 'D0409', 2001, 50.00, 'kVA', 'Kém', 72.6),
('A0100', 'MBA phân phối', 'PC04', 'D0402', 2008, 500.00, 'kVA', 'Tốt', 436.1),
('A0101', 'MBA phân phối', 'PC04', 'D0405', 1998, 750.00, 'kVA', 'Kém', 935.4),
('A0102', 'MBA phân phối', 'PC04', 'D0404', 2008, 160.00, 'kVA', 'Tốt', 160.1),
('A0103', 'MBA phân phối', 'PC04', 'D0409', 2008, 500.00, 'kVA', 'Tốt', 495.4),
('A0104', 'MBA phân phối', 'PC04', 'D0403', 2006, 75.00, 'kVA', 'Tốt', 110.3),
('A0105', 'MBA phân phối', 'PC04', 'D0409', 2014, 75.00, 'kVA', 'Tốt', 88.5),
('A0106', 'MBA phân phối', 'PC04', 'D0409', 2008, 250.00, 'kVA', 'Tốt', 365.1),
('A0107', 'MBA phân phối', 'PC04', 'D0405', 2016, 160.00, 'kVA', 'Tốt', 147.2),
('A0108', 'MBA phân phối', 'PC04', 'D0405', 2017, 320.00, 'kVA', 'Tốt', 377.1),
('A0109', 'MBA phân phối', 'PC04', 'D0401', 2002, 50.00, 'kVA', 'Kém', 71.6),
('A0110', 'MBA phân phối', 'PC04', 'D0401', 2001, 400.00, 'kVA', 'Trung bình', 344.1),
('A0111', 'MBA phân phối', 'PC04', 'D0407', 2003, 750.00, 'kVA', 'Kém', 923.6),
('A0112', 'MBA phân phối', 'PC04', 'D0405', 2008, 160.00, 'kVA', 'Tốt', 237.1),
('A0113', 'MBA phân phối', 'PC04', 'D0408', 2016, 100.00, 'kVA', 'Tốt', 86.5),
('A0114', 'MBA phân phối', 'PC04', 'D0408', 2001, 500.00, 'kVA', 'Kém', 639.6),
('A0115', 'MBA phân phối', 'PC04', 'D0408', 2013, 160.00, 'kVA', 'Tốt', 144.1),
('A0116', 'MBA phân phối', 'PC04', 'D0405', 2009, 400.00, 'kVA', 'Tốt', 515.9),
('A0117', 'MBA phân phối', 'PC04', 'D0406', 2023, 320.00, 'kVA', 'Tốt', 357.5),
('A0118', 'MBA phân phối', 'PC04', 'D0401', 2000, 500.00, 'kVA', 'Trung bình', 523.0),
('A0119', 'MBA phân phối', 'PC04', 'D0408', 2003, 250.00, 'kVA', 'Kém', 305.8),
('A0120', 'MBA phân phối', 'PC04', 'D0403', 2014, 75.00, 'kVA', 'Trung bình', 102.9),
('A0121', 'MBA phân phối', 'PC04', 'D0402', 2008, 630.00, 'kVA', 'Tốt', 853.5),
('A0122', 'MBA phân phối', 'PC04', 'D0409', 2012, 400.00, 'kVA', 'Trung bình', 386.8),
('A0123', 'MBA phân phối', 'PC04', 'D0404', 2015, 100.00, 'kVA', 'Tốt', 148.2),
('A0124', 'MBA phân phối', 'PC04', 'D0407', 2000, 320.00, 'kVA', 'Trung bình', 438.3),
('A0125', 'MBA phân phối', 'PC04', 'D0407', 2023, 400.00, 'kVA', 'Tốt', 478.8),
('A0126', 'MBA phân phối', 'PC04', 'D0406', 2015, 160.00, 'kVA', 'Tốt', 147.4),
('A0127', 'MBA phân phối', 'PC04', 'D0402', 2021, 750.00, 'kVA', 'Tốt', 1039.3),
('A0128', 'MBA phân phối', 'PC04', 'D0402', 2016, 750.00, 'kVA', 'Tốt', 843.0),
('A0129', 'MBA phân phối', 'PC05', 'D0509', 2001, 500.00, 'kVA', 'Trung bình', 507.8),
('A0130', 'MBA phân phối', 'PC05', 'D0507', 2000, 750.00, 'kVA', 'Trung bình', 959.9),
('A0131', 'MBA phân phối', 'PC05', 'D0510', 2022, 400.00, 'kVA', 'Tốt', 411.7),
('A0132', 'MBA phân phối', 'PC05', 'D0501', 2000, 160.00, 'kVA', 'Trung bình', 227.4),
('A0133', 'MBA phân phối', 'PC05', 'D0501', 2022, 100.00, 'kVA', 'Tốt', 126.3),
('A0134', 'MBA phân phối', 'PC05', 'D0508', 2015, 250.00, 'kVA', 'Tốt', 268.2),
('A0135', 'MBA phân phối', 'PC05', 'D0510', 2012, 160.00, 'kVA', 'Tốt', 204.3),
('A0136', 'MBA phân phối', 'PC05', 'D0506', 2007, 750.00, 'kVA', 'Trung bình', 1082.2),
('A0137', 'MBA phân phối', 'PC05', 'D0507', 2020, 320.00, 'kVA', 'Tốt', 477.8),
('A0138', 'MBA phân phối', 'PC05', 'D0510', 1998, 750.00, 'kVA', 'Kém', 1045.0),
('A0139', 'MBA phân phối', 'PC05', 'D0505', 1999, 320.00, 'kVA', 'Trung bình', 256.2),
('A0140', 'MBA phân phối', 'PC05', 'D0509', 2024, 320.00, 'kVA', 'Tốt', 280.6),
('A0141', 'MBA phân phối', 'PC05', 'D0505', 1998, 160.00, 'kVA', 'Kém', 206.6),
('A0142', 'MBA phân phối', 'PC05', 'D0507', 2018, 320.00, 'kVA', 'Tốt', 415.4),
('A0143', 'MBA phân phối', 'PC05', 'D0507', 2010, 400.00, 'kVA', 'Tốt', 505.5),
('A0144', 'MBA phân phối', 'PC05', 'D0508', 2002, 160.00, 'kVA', 'Kém', 222.5),
('A0145', 'MBA phân phối', 'PC05', 'D0506', 2024, 400.00, 'kVA', 'Tốt', 363.2),
('A0146', 'MBA phân phối', 'PC05', 'D0503', 2002, 50.00, 'kVA', 'Trung bình', 62.7),
('A0147', 'MBA phân phối', 'PC05', 'D0503', 2021, 500.00, 'kVA', 'Tốt', 630.3),
('A0148', 'MBA phân phối', 'PC05', 'D0503', 2000, 100.00, 'kVA', 'Kém', 140.2),
('A0149', 'MBA phân phối', 'PC05', 'D0510', 2011, 750.00, 'kVA', 'Tốt', 838.6),
('A0150', 'MBA phân phối', 'PC05', 'D0507', 2015, 500.00, 'kVA', 'Tốt', 534.7),
('A0151', 'MBA phân phối', 'PC05', 'D0504', 2003, 400.00, 'kVA', 'Trung bình', 481.8),
('A0152', 'MBA phân phối', 'PC05', 'D0504', 2020, 630.00, 'kVA', 'Tốt', 622.7),
('A0153', 'MBA phân phối', 'PC05', 'D0509', 2016, 320.00, 'kVA', 'Tốt', 263.5),
('A0154', 'MBA phân phối', 'PC05', 'D0501', 2016, 500.00, 'kVA', 'Tốt', 646.7),
('A0155', 'MBA phân phối', 'PC05', 'D0502', 2016, 500.00, 'kVA', 'Tốt', 736.6),
('A0156', 'MBA phân phối', 'PC05', 'D0502', 2002, 630.00, 'kVA', 'Kém', 709.0),
('A0157', 'MBA phân phối', 'PC05', 'D0502', 2014, 750.00, 'kVA', 'Tốt', 728.7),
('A0158', 'MBA phân phối', 'PC05', 'D0502', 2019, 1000.00, 'kVA', 'Tốt', 1177.4),
('A0159', 'MBA phân phối', 'PC06', 'D0605', 2017, 50.00, 'kVA', 'Tốt', 71.6),
('A0160', 'MBA phân phối', 'PC06', 'D0609', 2022, 50.00, 'kVA', 'Tốt', 56.4),
('A0161', 'MBA phân phối', 'PC06', 'D0609', 2013, 750.00, 'kVA', 'Trung bình', 821.0),
('A0162', 'MBA phân phối', 'PC06', 'D0605', 2007, 100.00, 'kVA', 'Tốt', 128.7),
('A0163', 'MBA phân phối', 'PC06', 'D0605', 2021, 750.00, 'kVA', 'Tốt', 736.7),
('A0164', 'MBA phân phối', 'PC06', 'D0608', 2016, 100.00, 'kVA', 'Tốt', 120.1),
('A0165', 'MBA phân phối', 'PC06', 'D0605', 2023, 750.00, 'kVA', 'Tốt', 614.3),
('A0166', 'MBA phân phối', 'PC06', 'D0608', 2000, 100.00, 'kVA', 'Trung bình', 139.6),
('A0167', 'MBA phân phối', 'PC06', 'D0605', 2006, 100.00, 'kVA', 'Trung bình', 99.3),
('A0168', 'MBA phân phối', 'PC06', 'D0605', 1998, 75.00, 'kVA', 'Trung bình', 107.8),
('A0169', 'MBA phân phối', 'PC06', 'D0603', 2019, 500.00, 'kVA', 'Tốt', 529.4),
('A0170', 'MBA phân phối', 'PC06', 'D0603', 2006, 160.00, 'kVA', 'Trung bình', 148.3),
('A0171', 'MBA phân phối', 'PC06', 'D0609', 1999, 320.00, 'kVA', 'Trung bình', 472.7),
('A0172', 'MBA phân phối', 'PC06', 'D0603', 2024, 500.00, 'kVA', 'Tốt', 663.5),
('A0173', 'MBA phân phối', 'PC06', 'D0607', 2022, 400.00, 'kVA', 'Tốt', 386.6),
('A0174', 'MBA phân phối', 'PC06', 'D0608', 2021, 1000.00, 'kVA', 'Tốt', 917.1),
('A0175', 'MBA phân phối', 'PC06', 'D0606', 1999, 1000.00, 'kVA', 'Kém', 1328.8),
('A0176', 'MBA phân phối', 'PC06', 'D0602', 1999, 100.00, 'kVA', 'Kém', 107.9),
('A0177', 'MBA phân phối', 'PC06', 'D0605', 2013, 630.00, 'kVA', 'Tốt', 671.5),
('A0178', 'MBA phân phối', 'PC06', 'D0607', 2013, 250.00, 'kVA', 'Tốt', 292.8),
('A0179', 'MBA phân phối', 'PC06', 'D0607', 1998, 250.00, 'kVA', 'Kém', 266.9),
('A0180', 'MBA phân phối', 'PC06', 'D0606', 2014, 1000.00, 'kVA', 'Tốt', 868.2),
('A0181', 'MBA phân phối', 'PC06', 'D0609', 2018, 320.00, 'kVA', 'Tốt', 470.2),
('A0182', 'MBA phân phối', 'PC06', 'D0607', 2017, 1000.00, 'kVA', 'Tốt', 1400.8),
('A0183', 'MBA phân phối', 'PC06', 'D0606', 2006, 250.00, 'kVA', 'Tốt', 244.7),
('A0184', 'MBA phân phối', 'PC06', 'D0607', 2012, 1000.00, 'kVA', 'Tốt', 1314.0),
('A0185', 'MBA phân phối', 'PC06', 'D0604', 2014, 320.00, 'kVA', 'Tốt', 326.2),
('A0186', 'MBA phân phối', 'PC06', 'D0601', 2019, 50.00, 'kVA', 'Tốt', 69.1),
('A0187', 'MBA phân phối', 'PC06', 'D0601', 2011, 75.00, 'kVA', 'Tốt', 96.0),
('A0188', 'MBA phân phối', 'PC06', 'D0606', 2005, 250.00, 'kVA', 'Trung bình', 233.8),
('A0189', 'MBA phân phối', 'PC07', 'D0701', 2017, 75.00, 'kVA', 'Tốt', 63.0),
('A0190', 'MBA phân phối', 'PC07', 'D0704', 2017, 1000.00, 'kVA', 'Tốt', 885.3),
('A0191', 'MBA phân phối', 'PC07', 'D0702', 2000, 750.00, 'kVA', 'Trung bình', 797.4),
('A0192', 'MBA phân phối', 'PC07', 'D0703', 2001, 100.00, 'kVA', 'Kém', 100.6),
('A0193', 'MBA phân phối', 'PC07', 'D0702', 2018, 500.00, 'kVA', 'Tốt', 722.9),
('A0194', 'MBA phân phối', 'PC07', 'D0705', 2022, 400.00, 'kVA', 'Tốt', 513.8),
('A0195', 'MBA phân phối', 'PC07', 'D0706', 2006, 100.00, 'kVA', 'Tốt', 99.4),
('A0196', 'MBA phân phối', 'PC07', 'D0701', 2010, 400.00, 'kVA', 'Trung bình', 598.9),
('A0197', 'MBA phân phối', 'PC07', 'D0705', 2024, 250.00, 'kVA', 'Tốt', 231.1),
('A0198', 'MBA phân phối', 'PC07', 'D0702', 2013, 160.00, 'kVA', 'Trung bình', 148.0),
('A0199', 'MBA phân phối', 'PC07', 'D0708', 2001, 100.00, 'kVA', 'Kém', 95.3),
('A0200', 'MBA phân phối', 'PC07', 'D0702', 2012, 250.00, 'kVA', 'Tốt', 206.1),
('A0201', 'MBA phân phối', 'PC07', 'D0702', 2016, 250.00, 'kVA', 'Tốt', 336.0),
('A0202', 'MBA phân phối', 'PC07', 'D0701', 2013, 100.00, 'kVA', 'Tốt', 145.3),
('A0203', 'MBA phân phối', 'PC07', 'D0707', 2006, 100.00, 'kVA', 'Trung bình', 143.3),
('A0204', 'MBA phân phối', 'PC07', 'D0701', 2014, 500.00, 'kVA', 'Trung bình', 552.6),
('A0205', 'MBA phân phối', 'PC07', 'D0702', 2015, 160.00, 'kVA', 'Tốt', 128.4),
('A0206', 'MBA phân phối', 'PC07', 'D0708', 2001, 750.00, 'kVA', 'Kém', 775.1),
('A0207', 'MBA phân phối', 'PC07', 'D0705', 2010, 50.00, 'kVA', 'Tốt', 52.8),
('A0208', 'MBA phân phối', 'PC07', 'D0706', 2000, 500.00, 'kVA', 'Kém', 626.7),
('A0209', 'MBA phân phối', 'PC07', 'D0703', 2015, 50.00, 'kVA', 'Tốt', 73.9),
('A0210', 'MBA phân phối', 'PC07', 'D0704', 2007, 400.00, 'kVA', 'Tốt', 496.6),
('A0211', 'MBA phân phối', 'PC07', 'D0706', 2013, 75.00, 'kVA', 'Trung bình', 98.6),
('A0212', 'MBA phân phối', 'PC07', 'D0703', 1999, 160.00, 'kVA', 'Trung bình', 208.6),
('A0213', 'MBA phân phối', 'PC07', 'D0704', 2013, 400.00, 'kVA', 'Tốt', 542.0),
('A0214', 'MBA phân phối', 'PC07', 'D0705', 2013, 630.00, 'kVA', 'Trung bình', 930.3),
('A0215', 'MBA phân phối', 'PC07', 'D0701', 1999, 320.00, 'kVA', 'Trung bình', 331.6),
('A0216', 'MBA phân phối', 'PC07', 'D0701', 2010, 75.00, 'kVA', 'Tốt', 102.4),
('A0217', 'MBA phân phối', 'PC07', 'D0708', 2019, 630.00, 'kVA', 'Tốt', 569.7),
('A0218', 'MBA phân phối', 'PC07', 'D0704', 2000, 50.00, 'kVA', 'Trung bình', 57.1),
('A0219', 'MBA phân phối', 'PC08', 'D0801', 2013, 750.00, 'kVA', 'Tốt', 727.4),
('A0220', 'MBA phân phối', 'PC08', 'D0802', 1998, 100.00, 'kVA', 'Trung bình', 143.3),
('A0221', 'MBA phân phối', 'PC08', 'D0801', 2012, 750.00, 'kVA', 'Tốt', 1038.6),
('A0222', 'MBA phân phối', 'PC08', 'D0801', 2024, 75.00, 'kVA', 'Tốt', 66.0),
('A0223', 'MBA phân phối', 'PC08', 'D0802', 2000, 160.00, 'kVA', 'Kém', 165.8),
('A0224', 'MBA phân phối', 'PC08', 'D0804', 2008, 75.00, 'kVA', 'Tốt', 76.9),
('A0225', 'MBA phân phối', 'PC08', 'D0802', 2022, 50.00, 'kVA', 'Tốt', 60.8),
('A0226', 'MBA phân phối', 'PC08', 'D0803', 2000, 75.00, 'kVA', 'Kém', 67.4),
('A0227', 'MBA phân phối', 'PC08', 'D0804', 2003, 320.00, 'kVA', 'Trung bình', 354.3),
('A0228', 'MBA phân phối', 'PC08', 'D0801', 2002, 75.00, 'kVA', 'Kém', 100.8),
('A0229', 'MBA phân phối', 'PC08', 'D0801', 2013, 75.00, 'kVA', 'Tốt', 60.4),
('A0230', 'MBA phân phối', 'PC08', 'D0801', 2020, 1000.00, 'kVA', 'Tốt', 1215.6),
('A0231', 'MBA phân phối', 'PC08', 'D0803', 2011, 500.00, 'kVA', 'Tốt', 472.2),
('A0232', 'MBA phân phối', 'PC08', 'D0803', 2014, 500.00, 'kVA', 'Trung bình', 483.7),
('A0233', 'MBA phân phối', 'PC08', 'D0802', 2017, 50.00, 'kVA', 'Tốt', 60.9),
('A0234', 'MBA phân phối', 'PC08', 'D0804', 2017, 75.00, 'kVA', 'Tốt', 92.9),
('A0235', 'MBA phân phối', 'PC08', 'D0803', 2009, 400.00, 'kVA', 'Tốt', 476.2),
('A0236', 'MBA phân phối', 'PC08', 'D0802', 2001, 630.00, 'kVA', 'Trung bình', 776.9),
('A0237', 'Recloser', 'PC01', 'D0104', 2017, 1.00, 'bộ', 'Trung bình', 304.1),
('A0238', 'Recloser', 'PC01', 'D0104', 2014, 1.00, 'bộ', 'Trung bình', 160.6),
('A0239', 'Recloser', 'PC01', 'D0102', 2022, 1.00, 'bộ', 'Tốt', 179.8),
('A0240', 'Recloser', 'PC01', 'D0108', 2017, 1.00, 'bộ', 'Trung bình', 185.3),
('A0241', 'Recloser', 'PC01', 'D0101', 2010, 1.00, 'bộ', 'Trung bình', 279.0),
('A0242', 'Recloser', 'PC01', 'D0105', 2013, 1.00, 'bộ', 'Trung bình', 236.9),
('A0243', 'Recloser', 'PC01', 'D0106', 2019, 1.00, 'bộ', 'Tốt', 311.0),
('A0244', 'Recloser', 'PC01', 'D0108', 2010, 1.00, 'bộ', 'Trung bình', 170.9),
('A0245', 'Recloser', 'PC02', 'D0201', 2024, 1.00, 'bộ', 'Tốt', 257.5),
('A0246', 'Recloser', 'PC02', 'D0202', 2022, 1.00, 'bộ', 'Tốt', 155.8),
('A0247', 'Recloser', 'PC02', 'D0205', 2011, 1.00, 'bộ', 'Trung bình', 164.2),
('A0248', 'Recloser', 'PC02', 'D0202', 2021, 1.00, 'bộ', 'Tốt', 239.0),
('A0249', 'Recloser', 'PC02', 'D0205', 2015, 1.00, 'bộ', 'Trung bình', 233.8),
('A0250', 'Recloser', 'PC02', 'D0203', 2013, 1.00, 'bộ', 'Trung bình', 305.8),
('A0251', 'Recloser', 'PC02', 'D0203', 2013, 1.00, 'bộ', 'Trung bình', 169.6),
('A0252', 'Recloser', 'PC02', 'D0204', 2023, 1.00, 'bộ', 'Tốt', 190.0),
('A0253', 'Recloser', 'PC03', 'D0304', 2011, 1.00, 'bộ', 'Trung bình', 244.2),
('A0254', 'Recloser', 'PC03', 'D0308', 2010, 1.00, 'bộ', 'Trung bình', 328.1),
('A0255', 'Recloser', 'PC03', 'D0303', 2013, 1.00, 'bộ', 'Trung bình', 335.6),
('A0256', 'Recloser', 'PC03', 'D0308', 2012, 1.00, 'bộ', 'Trung bình', 227.5),
('A0257', 'Recloser', 'PC03', 'D0303', 2017, 1.00, 'bộ', 'Trung bình', 294.0),
('A0258', 'Recloser', 'PC03', 'D0311', 2015, 1.00, 'bộ', 'Trung bình', 345.1),
('A0259', 'Recloser', 'PC03', 'D0304', 2015, 1.00, 'bộ', 'Trung bình', 175.4),
('A0260', 'Recloser', 'PC03', 'D0310', 2010, 1.00, 'bộ', 'Trung bình', 206.1),
('A0261', 'Recloser', 'PC03', 'D0302', 2023, 1.00, 'bộ', 'Tốt', 243.1),
('A0262', 'Recloser', 'PC03', 'D0307', 2012, 1.00, 'bộ', 'Trung bình', 302.1),
('A0263', 'Recloser', 'PC03', 'D0304', 2024, 1.00, 'bộ', 'Tốt', 209.0),
('A0264', 'Recloser', 'PC03', 'D0303', 2022, 1.00, 'bộ', 'Tốt', 308.9),
('A0265', 'Recloser', 'PC03', 'D0310', 2024, 1.00, 'bộ', 'Tốt', 184.0),
('A0266', 'Recloser', 'PC03', 'D0309', 2023, 1.00, 'bộ', 'Tốt', 195.9),
('A0267', 'Recloser', 'PC03', 'D0307', 2023, 1.00, 'bộ', 'Tốt', 254.4),
('A0268', 'Recloser', 'PC03', 'D0304', 2019, 1.00, 'bộ', 'Tốt', 244.7),
('A0269', 'Recloser', 'PC03', 'D0308', 2014, 1.00, 'bộ', 'Trung bình', 152.9),
('A0270', 'Recloser', 'PC03', 'D0307', 2021, 1.00, 'bộ', 'Tốt', 324.5),
('A0271', 'Recloser', 'PC04', 'D0404', 2015, 1.00, 'bộ', 'Trung bình', 236.8),
('A0272', 'Recloser', 'PC04', 'D0404', 2024, 1.00, 'bộ', 'Tốt', 335.5),
('A0273', 'Recloser', 'PC04', 'D0403', 2024, 1.00, 'bộ', 'Tốt', 264.7),
('A0274', 'Recloser', 'PC04', 'D0401', 2016, 1.00, 'bộ', 'Trung bình', 346.0),
('A0275', 'Recloser', 'PC04', 'D0401', 2017, 1.00, 'bộ', 'Trung bình', 296.7),
('A0276', 'Recloser', 'PC04', 'D0409', 2010, 1.00, 'bộ', 'Trung bình', 235.1),
('A0277', 'Recloser', 'PC04', 'D0407', 2017, 1.00, 'bộ', 'Trung bình', 311.9),
('A0278', 'Recloser', 'PC04', 'D0402', 2017, 1.00, 'bộ', 'Trung bình', 249.1),
('A0279', 'Recloser', 'PC05', 'D0502', 2018, 1.00, 'bộ', 'Tốt', 300.6),
('A0280', 'Recloser', 'PC05', 'D0507', 2013, 1.00, 'bộ', 'Trung bình', 176.5),
('A0281', 'Recloser', 'PC05', 'D0505', 2013, 1.00, 'bộ', 'Trung bình', 279.5),
('A0282', 'Recloser', 'PC05', 'D0502', 2010, 1.00, 'bộ', 'Trung bình', 246.0),
('A0283', 'Recloser', 'PC05', 'D0505', 2012, 1.00, 'bộ', 'Trung bình', 290.7),
('A0284', 'Recloser', 'PC05', 'D0510', 2021, 1.00, 'bộ', 'Tốt', 266.7),
('A0285', 'Recloser', 'PC05', 'D0508', 2017, 1.00, 'bộ', 'Trung bình', 304.4),
('A0286', 'Recloser', 'PC05', 'D0507', 2012, 1.00, 'bộ', 'Trung bình', 308.0),
('A0287', 'Recloser', 'PC06', 'D0606', 2020, 1.00, 'bộ', 'Tốt', 242.9),
('A0288', 'Recloser', 'PC06', 'D0601', 2023, 1.00, 'bộ', 'Tốt', 275.5),
('A0289', 'Recloser', 'PC06', 'D0607', 2024, 1.00, 'bộ', 'Tốt', 288.2),
('A0290', 'Recloser', 'PC06', 'D0609', 2010, 1.00, 'bộ', 'Trung bình', 209.3),
('A0291', 'Recloser', 'PC06', 'D0605', 2021, 1.00, 'bộ', 'Tốt', 339.2),
('A0292', 'Recloser', 'PC06', 'D0609', 2019, 1.00, 'bộ', 'Tốt', 308.9),
('A0293', 'Recloser', 'PC06', 'D0602', 2019, 1.00, 'bộ', 'Tốt', 326.2),
('A0294', 'Recloser', 'PC06', 'D0601', 2018, 1.00, 'bộ', 'Tốt', 339.1),
('A0295', 'Recloser', 'PC07', 'D0706', 2024, 1.00, 'bộ', 'Tốt', 160.3),
('A0296', 'Recloser', 'PC07', 'D0707', 2015, 1.00, 'bộ', 'Trung bình', 243.1),
('A0297', 'Recloser', 'PC07', 'D0701', 2015, 1.00, 'bộ', 'Trung bình', 223.3),
('A0298', 'Recloser', 'PC07', 'D0702', 2018, 1.00, 'bộ', 'Tốt', 291.9),
('A0299', 'Recloser', 'PC07', 'D0704', 2012, 1.00, 'bộ', 'Trung bình', 346.3),
('A0300', 'Recloser', 'PC07', 'D0704', 2018, 1.00, 'bộ', 'Tốt', 172.7),
('A0301', 'Recloser', 'PC07', 'D0708', 2021, 1.00, 'bộ', 'Tốt', 337.8),
('A0302', 'Recloser', 'PC07', 'D0704', 2022, 1.00, 'bộ', 'Tốt', 299.0),
('A0303', 'Recloser', 'PC08', 'D0802', 2015, 1.00, 'bộ', 'Trung bình', 220.5),
('A0304', 'Recloser', 'PC08', 'D0803', 2018, 1.00, 'bộ', 'Tốt', 286.0),
('A0305', 'Recloser', 'PC08', 'D0803', 2010, 1.00, 'bộ', 'Trung bình', 162.7),
('A0306', 'Recloser', 'PC08', 'D0803', 2017, 1.00, 'bộ', 'Trung bình', 247.2),
('A0307', 'Recloser', 'PC08', 'D0801', 2017, 1.00, 'bộ', 'Trung bình', 292.0),
('A0308', 'Đường dây trung thế', 'PC01', 'D0105', 2014, 16.66, 'km', 'Trung bình', 7329.9),
('A0309', 'Đường dây trung thế', 'PC01', 'D0102', 2006, 22.62, 'km', 'Trung bình', 7631.1),
('A0310', 'Đường dây trung thế', 'PC01', 'D0102', 2012, 22.75, 'km', 'Trung bình', 6518.1),
('A0311', 'Đường dây trung thế', 'PC01', 'D0102', 2003, 6.62, 'km', 'Kém', 1546.5),
('A0312', 'Đường dây trung thế', 'PC01', 'D0103', 2015, 6.31, 'km', 'Tốt', 1648.7),
('A0313', 'Đường dây trung thế', 'PC01', 'D0101', 2009, 12.16, 'km', 'Trung bình', 4921.4),
('A0314', 'Đường dây trung thế', 'PC01', 'D0103', 2015, 10.63, 'km', 'Tốt', 3541.5),
('A0315', 'Đường dây trung thế', 'PC01', 'D0101', 2009, 7.16, 'km', 'Trung bình', 1479.3),
('A0316', 'Đường dây trung thế', 'PC01', 'D0104', 2016, 17.18, 'km', 'Tốt', 5557.9),
('A0317', 'Đường dây trung thế', 'PC01', 'D0106', 2020, 17.21, 'km', 'Tốt', 5126.7),
('A0318', 'Đường dây trung thế', 'PC01', 'D0108', 2014, 9.69, 'km', 'Trung bình', 2321.6),
('A0319', 'Đường dây trung thế', 'PC01', 'D0105', 2005, 20.36, 'km', 'Trung bình', 5457.2),
('A0320', 'Đường dây trung thế', 'PC01', 'D0106', 2009, 19.93, 'km', 'Trung bình', 4268.9),
('A0321', 'Đường dây trung thế', 'PC02', 'D0203', 2009, 13.03, 'km', 'Trung bình', 3256.3),
('A0322', 'Đường dây trung thế', 'PC02', 'D0202', 2022, 14.78, 'km', 'Tốt', 3764.2),
('A0323', 'Đường dây trung thế', 'PC02', 'D0202', 2022, 18.24, 'km', 'Tốt', 7294.3),
('A0324', 'Đường dây trung thế', 'PC02', 'D0202', 2005, 8.23, 'km', 'Trung bình', 1747.6),
('A0325', 'Đường dây trung thế', 'PC02', 'D0203', 2018, 5.78, 'km', 'Tốt', 1607.5),
('A0326', 'Đường dây trung thế', 'PC02', 'D0202', 2006, 15.37, 'km', 'Trung bình', 3234.0),
('A0327', 'Đường dây trung thế', 'PC02', 'D0203', 2011, 6.25, 'km', 'Trung bình', 2090.8),
('A0328', 'Đường dây trung thế', 'PC02', 'D0202', 2017, 9.63, 'km', 'Tốt', 4585.1),
('A0329', 'Đường dây trung thế', 'PC02', 'D0204', 2015, 19.91, 'km', 'Tốt', 9643.1),
('A0330', 'Đường dây trung thế', 'PC02', 'D0203', 2004, 3.09, 'km', 'Kém', 1302.6),
('A0331', 'Đường dây trung thế', 'PC02', 'D0205', 2010, 17.24, 'km', 'Trung bình', 4976.6),
('A0332', 'Đường dây trung thế', 'PC02', 'D0203', 2018, 17.67, 'km', 'Tốt', 7772.6),
('A0333', 'Đường dây trung thế', 'PC02', 'D0204', 2010, 18.16, 'km', 'Trung bình', 7618.0),
('A0334', 'Đường dây trung thế', 'PC03', 'D0301', 2004, 17.92, 'km', 'Kém', 4212.3),
('A0335', 'Đường dây trung thế', 'PC03', 'D0301', 2012, 16.59, 'km', 'Trung bình', 4414.8),
('A0336', 'Đường dây trung thế', 'PC03', 'D0306', 2002, 10.18, 'km', 'Kém', 3893.3),
('A0337', 'Đường dây trung thế', 'PC03', 'D0304', 2018, 14.58, 'km', 'Tốt', 6333.3),
('A0338', 'Đường dây trung thế', 'PC03', 'D0305', 2006, 3.50, 'km', 'Trung bình', 1265.3),
('A0339', 'Đường dây trung thế', 'PC03', 'D0308', 2021, 17.77, 'km', 'Tốt', 4019.8),
('A0340', 'Đường dây trung thế', 'PC03', 'D0309', 2012, 7.28, 'km', 'Trung bình', 2150.0),
('A0341', 'Đường dây trung thế', 'PC03', 'D0310', 2016, 23.75, 'km', 'Tốt', 11222.7),
('A0342', 'Đường dây trung thế', 'PC03', 'D0306', 2012, 6.25, 'km', 'Trung bình', 2850.9),
('A0343', 'Đường dây trung thế', 'PC03', 'D0306', 2012, 11.20, 'km', 'Trung bình', 3196.4),
('A0344', 'Đường dây trung thế', 'PC03', 'D0306', 2009, 24.51, 'km', 'Trung bình', 11330.7),
('A0345', 'Đường dây trung thế', 'PC03', 'D0302', 2006, 19.01, 'km', 'Trung bình', 6335.4),
('A0346', 'Đường dây trung thế', 'PC03', 'D0307', 2014, 9.35, 'km', 'Trung bình', 4129.9),
('A0347', 'Đường dây trung thế', 'PC03', 'D0307', 2023, 22.72, 'km', 'Tốt', 5495.3),
('A0348', 'Đường dây trung thế', 'PC03', 'D0310', 2019, 4.89, 'km', 'Tốt', 1282.8),
('A0349', 'Đường dây trung thế', 'PC03', 'D0308', 2016, 24.71, 'km', 'Tốt', 5432.1),
('A0350', 'Đường dây trung thế', 'PC03', 'D0310', 2012, 4.95, 'km', 'Trung bình', 1598.0),
('A0351', 'Đường dây trung thế', 'PC03', 'D0305', 2013, 6.85, 'km', 'Trung bình', 2319.7),
('A0352', 'Đường dây trung thế', 'PC03', 'D0310', 2004, 7.38, 'km', 'Kém', 3318.7),
('A0353', 'Đường dây trung thế', 'PC03', 'D0305', 2017, 13.79, 'km', 'Tốt', 6161.9),
('A0354', 'Đường dây trung thế', 'PC04', 'D0405', 2018, 9.69, 'km', 'Tốt', 3563.8),
('A0355', 'Đường dây trung thế', 'PC04', 'D0408', 2007, 3.59, 'km', 'Trung bình', 720.6),
('A0356', 'Đường dây trung thế', 'PC04', 'D0405', 2009, 24.03, 'km', 'Trung bình', 10820.1),
('A0357', 'Đường dây trung thế', 'PC04', 'D0408', 2003, 17.38, 'km', 'Kém', 8130.5),
('A0358', 'Đường dây trung thế', 'PC04', 'D0407', 2005, 13.82, 'km', 'Trung bình', 5615.8),
('A0359', 'Đường dây trung thế', 'PC04', 'D0404', 2000, 5.63, 'km', 'Kém', 1594.2),
('A0360', 'Đường dây trung thế', 'PC04', 'D0402', 2019, 19.40, 'km', 'Tốt', 7261.8),
('A0361', 'Đường dây trung thế', 'PC04', 'D0407', 2008, 16.82, 'km', 'Trung bình', 5766.1),
('A0362', 'Đường dây trung thế', 'PC04', 'D0402', 2011, 14.28, 'km', 'Trung bình', 5320.4),
('A0363', 'Đường dây trung thế', 'PC04', 'D0405', 2005, 15.80, 'km', 'Trung bình', 3852.7),
('A0364', 'Đường dây trung thế', 'PC04', 'D0408', 2022, 5.98, 'km', 'Tốt', 1489.0),
('A0365', 'Đường dây trung thế', 'PC04', 'D0405', 2011, 12.23, 'km', 'Trung bình', 5792.5),
('A0366', 'Đường dây trung thế', 'PC04', 'D0406', 2001, 9.38, 'km', 'Kém', 3366.3),
('A0367', 'Đường dây trung thế', 'PC05', 'D0502', 2016, 7.26, 'km', 'Tốt', 2819.8),
('A0368', 'Đường dây trung thế', 'PC05', 'D0502', 2019, 19.56, 'km', 'Tốt', 7102.5),
('A0369', 'Đường dây trung thế', 'PC05', 'D0506', 2021, 20.60, 'km', 'Tốt', 5797.6),
('A0370', 'Đường dây trung thế', 'PC05', 'D0506', 2003, 14.76, 'km', 'Kém', 4509.0),
('A0371', 'Đường dây trung thế', 'PC05', 'D0503', 2000, 6.01, 'km', 'Kém', 1709.4),
('A0372', 'Đường dây trung thế', 'PC05', 'D0508', 2013, 10.49, 'km', 'Trung bình', 4964.2),
('A0373', 'Đường dây trung thế', 'PC05', 'D0502', 2006, 6.40, 'km', 'Trung bình', 1704.5),
('A0374', 'Đường dây trung thế', 'PC05', 'D0504', 2017, 16.50, 'km', 'Tốt', 7415.5),
('A0375', 'Đường dây trung thế', 'PC05', 'D0509', 2017, 18.68, 'km', 'Tốt', 7671.5),
('A0376', 'Đường dây trung thế', 'PC05', 'D0502', 2013, 13.13, 'km', 'Trung bình', 2926.9),
('A0377', 'Đường dây trung thế', 'PC05', 'D0503', 2000, 13.55, 'km', 'Kém', 3976.5),
('A0378', 'Đường dây trung thế', 'PC05', 'D0506', 2004, 20.97, 'km', 'Kém', 9791.3),
('A0379', 'Đường dây trung thế', 'PC05', 'D0510', 2016, 19.80, 'km', 'Tốt', 5991.7),
('A0380', 'Đường dây trung thế', 'PC06', 'D0605', 2000, 19.38, 'km', 'Kém', 4565.5),
('A0381', 'Đường dây trung thế', 'PC06', 'D0603', 2022, 6.13, 'km', 'Tốt', 1642.7),
('A0382', 'Đường dây trung thế', 'PC06', 'D0603', 2006, 5.86, 'km', 'Trung bình', 1310.2),
('A0383', 'Đường dây trung thế', 'PC06', 'D0602', 2002, 3.41, 'km', 'Kém', 1177.4),
('A0384', 'Đường dây trung thế', 'PC06', 'D0607', 2001, 7.32, 'km', 'Kém', 1536.0),
('A0385', 'Đường dây trung thế', 'PC06', 'D0609', 2018, 4.30, 'km', 'Tốt', 1013.4),
('A0386', 'Đường dây trung thế', 'PC06', 'D0605', 2001, 4.46, 'km', 'Kém', 1785.2),
('A0387', 'Đường dây trung thế', 'PC06', 'D0602', 2003, 23.24, 'km', 'Kém', 6080.1),
('A0388', 'Đường dây trung thế', 'PC06', 'D0604', 2005, 17.75, 'km', 'Trung bình', 3705.8),
('A0389', 'Đường dây trung thế', 'PC06', 'D0603', 2023, 23.72, 'km', 'Tốt', 11495.6),
('A0390', 'Đường dây trung thế', 'PC06', 'D0606', 2011, 6.53, 'km', 'Trung bình', 2286.7),
('A0391', 'Đường dây trung thế', 'PC06', 'D0604', 2016, 15.55, 'km', 'Tốt', 3572.3),
('A0392', 'Đường dây trung thế', 'PC06', 'D0601', 2016, 7.77, 'km', 'Tốt', 2000.5),
('A0393', 'Đường dây trung thế', 'PC07', 'D0705', 2005, 22.84, 'km', 'Trung bình', 8248.4),
('A0394', 'Đường dây trung thế', 'PC07', 'D0702', 2006, 23.25, 'km', 'Trung bình', 10587.8),
('A0395', 'Đường dây trung thế', 'PC07', 'D0708', 2011, 18.36, 'km', 'Trung bình', 4691.7),
('A0396', 'Đường dây trung thế', 'PC07', 'D0702', 2005, 21.36, 'km', 'Trung bình', 10560.2),
('A0397', 'Đường dây trung thế', 'PC07', 'D0707', 2006, 14.31, 'km', 'Trung bình', 4611.7),
('A0398', 'Đường dây trung thế', 'PC07', 'D0706', 2003, 13.25, 'km', 'Kém', 4715.9),
('A0399', 'Đường dây trung thế', 'PC07', 'D0708', 2011, 18.50, 'km', 'Trung bình', 6792.1),
('A0400', 'Đường dây trung thế', 'PC07', 'D0701', 2002, 10.22, 'km', 'Kém', 2398.8),
('A0401', 'Đường dây trung thế', 'PC07', 'D0705', 2014, 16.21, 'km', 'Trung bình', 4759.3),
('A0402', 'Đường dây trung thế', 'PC07', 'D0708', 2007, 15.19, 'km', 'Trung bình', 4362.2),
('A0403', 'Đường dây trung thế', 'PC07', 'D0707', 2006, 21.85, 'km', 'Trung bình', 10235.1),
('A0404', 'Đường dây trung thế', 'PC07', 'D0708', 2021, 11.08, 'km', 'Tốt', 2258.5),
('A0405', 'Đường dây trung thế', 'PC07', 'D0708', 2021, 5.31, 'km', 'Tốt', 1759.8),
('A0406', 'Đường dây trung thế', 'PC08', 'D0801', 2003, 6.15, 'km', 'Kém', 1969.2),
('A0407', 'Đường dây trung thế', 'PC08', 'D0801', 2023, 23.36, 'km', 'Tốt', 11524.8),
('A0408', 'Đường dây trung thế', 'PC08', 'D0801', 2011, 24.45, 'km', 'Trung bình', 7373.9),
('A0409', 'Đường dây trung thế', 'PC08', 'D0804', 2003, 8.12, 'km', 'Kém', 2658.6),
('A0410', 'Đường dây trung thế', 'PC08', 'D0804', 2008, 19.83, 'km', 'Trung bình', 8522.8),
('A0411', 'Đường dây trung thế', 'PC08', 'D0803', 2020, 23.75, 'km', 'Tốt', 7287.2),
('A0412', 'Đường dây trung thế', 'PC08', 'D0804', 2015, 14.25, 'km', 'Tốt', 3480.0),
('A0413', 'Đường dây trung thế', 'PC08', 'D0804', 2003, 5.69, 'km', 'Kém', 1973.3),
('A0414', 'Đường dây hạ thế', 'PC01', 'D0104', 2022, 11.37, 'km', 'Tốt', 1187.7),
('A0415', 'Đường dây hạ thế', 'PC01', 'D0101', 2004, 6.48, 'km', 'Kém', 674.0),
('A0416', 'Đường dây hạ thế', 'PC01', 'D0103', 2014, 7.65, 'km', 'Trung bình', 1140.2),
('A0417', 'Đường dây hạ thế', 'PC01', 'D0105', 2021, 7.86, 'km', 'Tốt', 1682.2),
('A0418', 'Đường dây hạ thế', 'PC01', 'D0108', 2016, 3.22, 'km', 'Tốt', 641.8),
('A0419', 'Đường dây hạ thế', 'PC01', 'D0108', 2018, 3.88, 'km', 'Tốt', 588.0),
('A0420', 'Đường dây hạ thế', 'PC01', 'D0101', 2003, 11.90, 'km', 'Kém', 2761.0),
('A0421', 'Đường dây hạ thế', 'PC01', 'D0102', 2014, 5.95, 'km', 'Trung bình', 1356.2),
('A0422', 'Đường dây hạ thế', 'PC01', 'D0108', 2016, 1.40, 'km', 'Tốt', 177.1),
('A0423', 'Đường dây hạ thế', 'PC01', 'D0105', 2024, 2.81, 'km', 'Tốt', 462.5),
('A0424', 'Đường dây hạ thế', 'PC01', 'D0105', 2024, 5.28, 'km', 'Tốt', 1133.1),
('A0425', 'Đường dây hạ thế', 'PC02', 'D0205', 2023, 6.40, 'km', 'Tốt', 1171.6),
('A0426', 'Đường dây hạ thế', 'PC02', 'D0205', 2020, 6.17, 'km', 'Tốt', 1137.4),
('A0427', 'Đường dây hạ thế', 'PC02', 'D0202', 2018, 1.61, 'km', 'Tốt', 224.6),
('A0428', 'Đường dây hạ thế', 'PC02', 'D0205', 2014, 7.79, 'km', 'Trung bình', 1191.2),
('A0429', 'Đường dây hạ thế', 'PC02', 'D0203', 2012, 1.68, 'km', 'Trung bình', 316.8),
('A0430', 'Đường dây hạ thế', 'PC02', 'D0202', 2013, 4.84, 'km', 'Trung bình', 1022.7),
('A0431', 'Đường dây hạ thế', 'PC02', 'D0201', 2022, 4.75, 'km', 'Tốt', 544.4),
('A0432', 'Đường dây hạ thế', 'PC02', 'D0203', 2013, 5.53, 'km', 'Trung bình', 599.8),
('A0433', 'Đường dây hạ thế', 'PC02', 'D0202', 2009, 3.58, 'km', 'Trung bình', 525.6),
('A0434', 'Đường dây hạ thế', 'PC02', 'D0201', 2024, 1.72, 'km', 'Tốt', 250.7),
('A0435', 'Đường dây hạ thế', 'PC02', 'D0203', 2007, 1.22, 'km', 'Kém', 181.7),
('A0436', 'Đường dây hạ thế', 'PC03', 'D0308', 2023, 10.50, 'km', 'Tốt', 1944.7),
('A0437', 'Đường dây hạ thế', 'PC03', 'D0307', 2010, 1.22, 'km', 'Trung bình', 208.0),
('A0438', 'Đường dây hạ thế', 'PC03', 'D0301', 2012, 5.16, 'km', 'Trung bình', 818.1),
('A0439', 'Đường dây hạ thế', 'PC03', 'D0310', 2005, 9.89, 'km', 'Kém', 1137.4),
('A0440', 'Đường dây hạ thế', 'PC03', 'D0311', 2008, 4.70, 'km', 'Trung bình', 824.5),
('A0441', 'Đường dây hạ thế', 'PC03', 'D0311', 2012, 2.83, 'km', 'Trung bình', 410.1),
('A0442', 'Đường dây hạ thế', 'PC03', 'D0307', 2008, 6.47, 'km', 'Trung bình', 1469.3),
('A0443', 'Đường dây hạ thế', 'PC03', 'D0302', 2019, 3.35, 'km', 'Tốt', 468.2),
('A0444', 'Đường dây hạ thế', 'PC03', 'D0305', 2020, 5.42, 'km', 'Tốt', 725.6),
('A0445', 'Đường dây hạ thế', 'PC03', 'D0302', 2024, 10.29, 'km', 'Tốt', 1175.2),
('A0446', 'Đường dây hạ thế', 'PC03', 'D0306', 2010, 1.74, 'km', 'Trung bình', 383.1),
('A0447', 'Đường dây hạ thế', 'PC03', 'D0308', 2015, 3.31, 'km', 'Trung bình', 726.0),
('A0448', 'Đường dây hạ thế', 'PC03', 'D0311', 2011, 6.55, 'km', 'Trung bình', 949.7),
('A0449', 'Đường dây hạ thế', 'PC03', 'D0311', 2019, 4.45, 'km', 'Tốt', 721.6),
('A0450', 'Đường dây hạ thế', 'PC03', 'D0305', 2021, 6.67, 'km', 'Tốt', 1338.9),
('A0451', 'Đường dây hạ thế', 'PC03', 'D0309', 2007, 10.69, 'km', 'Kém', 2075.7),
('A0452', 'Đường dây hạ thế', 'PC04', 'D0409', 2007, 7.35, 'km', 'Kém', 969.8),
('A0453', 'Đường dây hạ thế', 'PC04', 'D0408', 2010, 11.31, 'km', 'Trung bình', 2034.8),
('A0454', 'Đường dây hạ thế', 'PC04', 'D0407', 2020, 8.99, 'km', 'Tốt', 979.8),
('A0455', 'Đường dây hạ thế', 'PC04', 'D0404', 2013, 6.09, 'km', 'Trung bình', 828.6),
('A0456', 'Đường dây hạ thế', 'PC04', 'D0405', 2015, 5.51, 'km', 'Trung bình', 1261.9),
('A0457', 'Đường dây hạ thế', 'PC04', 'D0402', 2022, 3.24, 'km', 'Tốt', 524.4),
('A0458', 'Đường dây hạ thế', 'PC04', 'D0405', 2022, 2.77, 'km', 'Tốt', 562.4),
('A0459', 'Đường dây hạ thế', 'PC04', 'D0404', 2014, 3.62, 'km', 'Trung bình', 443.4),
('A0460', 'Đường dây hạ thế', 'PC04', 'D0401', 2009, 9.77, 'km', 'Trung bình', 1432.1),
('A0461', 'Đường dây hạ thế', 'PC04', 'D0408', 2019, 11.90, 'km', 'Tốt', 1943.3),
('A0462', 'Đường dây hạ thế', 'PC04', 'D0401', 2008, 2.75, 'km', 'Trung bình', 331.3),
('A0463', 'Đường dây hạ thế', 'PC05', 'D0505', 2010, 8.25, 'km', 'Trung bình', 1042.8),
('A0464', 'Đường dây hạ thế', 'PC05', 'D0501', 2017, 9.60, 'km', 'Tốt', 1039.7),
('A0465', 'Đường dây hạ thế', 'PC05', 'D0502', 2012, 7.62, 'km', 'Trung bình', 1753.2),
('A0466', 'Đường dây hạ thế', 'PC05', 'D0507', 2013, 8.39, 'km', 'Trung bình', 1953.7),
('A0467', 'Đường dây hạ thế', 'PC05', 'D0507', 2006, 3.60, 'km', 'Kém', 668.3),
('A0468', 'Đường dây hạ thế', 'PC05', 'D0509', 2005, 6.74, 'km', 'Kém', 1512.1),
('A0469', 'Đường dây hạ thế', 'PC05', 'D0509', 2010, 6.46, 'km', 'Trung bình', 733.5),
('A0470', 'Đường dây hạ thế', 'PC05', 'D0510', 2005, 9.51, 'km', 'Kém', 1398.1),
('A0471', 'Đường dây hạ thế', 'PC05', 'D0510', 2014, 9.86, 'km', 'Trung bình', 2086.3),
('A0472', 'Đường dây hạ thế', 'PC05', 'D0507', 2008, 2.59, 'km', 'Trung bình', 327.0),
('A0473', 'Đường dây hạ thế', 'PC05', 'D0505', 2016, 5.49, 'km', 'Tốt', 1259.6),
('A0474', 'Đường dây hạ thế', 'PC06', 'D0601', 2017, 6.87, 'km', 'Tốt', 1408.0),
('A0475', 'Đường dây hạ thế', 'PC06', 'D0602', 2012, 7.00, 'km', 'Trung bình', 1198.6),
('A0476', 'Đường dây hạ thế', 'PC06', 'D0604', 2010, 10.67, 'km', 'Trung bình', 2566.6),
('A0477', 'Đường dây hạ thế', 'PC06', 'D0606', 2017, 8.87, 'km', 'Tốt', 1979.8),
('A0478', 'Đường dây hạ thế', 'PC06', 'D0601', 2022, 11.63, 'km', 'Tốt', 2219.8),
('A0479', 'Đường dây hạ thế', 'PC06', 'D0601', 2024, 11.09, 'km', 'Tốt', 2226.2),
('A0480', 'Đường dây hạ thế', 'PC06', 'D0605', 2019, 5.23, 'km', 'Tốt', 1024.3),
('A0481', 'Đường dây hạ thế', 'PC06', 'D0606', 2023, 2.34, 'km', 'Tốt', 538.3),
('A0482', 'Đường dây hạ thế', 'PC06', 'D0608', 2014, 1.09, 'km', 'Trung bình', 266.1),
('A0483', 'Đường dây hạ thế', 'PC06', 'D0605', 2011, 1.99, 'km', 'Trung bình', 444.6),
('A0484', 'Đường dây hạ thế', 'PC06', 'D0604', 2011, 3.31, 'km', 'Trung bình', 773.0),
('A0485', 'Đường dây hạ thế', 'PC07', 'D0708', 2022, 4.49, 'km', 'Tốt', 996.0),
('A0486', 'Đường dây hạ thế', 'PC07', 'D0707', 2003, 4.01, 'km', 'Kém', 449.2),
('A0487', 'Đường dây hạ thế', 'PC07', 'D0708', 2017, 9.11, 'km', 'Tốt', 2177.1),
('A0488', 'Đường dây hạ thế', 'PC07', 'D0706', 2024, 5.65, 'km', 'Tốt', 1343.5),
('A0489', 'Đường dây hạ thế', 'PC07', 'D0702', 2007, 8.68, 'km', 'Kém', 1527.2),
('A0490', 'Đường dây hạ thế', 'PC07', 'D0706', 2015, 7.62, 'km', 'Trung bình', 1691.7),
('A0491', 'Đường dây hạ thế', 'PC07', 'D0706', 2016, 8.65, 'km', 'Tốt', 1853.7),
('A0492', 'Đường dây hạ thế', 'PC07', 'D0703', 2022, 5.88, 'km', 'Tốt', 1153.4),
('A0493', 'Đường dây hạ thế', 'PC07', 'D0701', 2014, 3.20, 'km', 'Trung bình', 466.7),
('A0494', 'Đường dây hạ thế', 'PC07', 'D0702', 2005, 2.74, 'km', 'Kém', 486.2),
('A0495', 'Đường dây hạ thế', 'PC07', 'D0703', 2021, 8.54, 'km', 'Tốt', 1869.4),
('A0496', 'Đường dây hạ thế', 'PC08', 'D0803', 2016, 6.26, 'km', 'Tốt', 1316.3),
('A0497', 'Đường dây hạ thế', 'PC08', 'D0803', 2007, 8.56, 'km', 'Kém', 1917.6),
('A0498', 'Đường dây hạ thế', 'PC08', 'D0803', 2008, 1.93, 'km', 'Trung bình', 299.4),
('A0499', 'Đường dây hạ thế', 'PC08', 'D0804', 2014, 11.39, 'km', 'Trung bình', 2649.9),
('A0500', 'Đường dây hạ thế', 'PC08', 'D0802', 2002, 11.43, 'km', 'Kém', 2725.7);

INSERT INTO `grid_assets` (`asset_id`, `asset_type`, `pc_id`, `district_id`, `installed_year`, `capacity_or_length`, `unit`, `condition_rating`, `replacement_cost_million_vnd`) VALUES
('A0501', 'Đường dây hạ thế', 'PC08', 'D0802', 2004, 11.72, 'km', 'Kém', 1520.6),
('A0502', 'Tụ bù', 'PC01', 'D0103', 2009, 450.00, 'kVAr', 'Trung bình', 218.4),
('A0503', 'Tụ bù', 'PC01', 'D0105', 2012, 100.00, 'kVAr', 'Trung bình', 58.7),
('A0504', 'Tụ bù', 'PC01', 'D0103', 2011, 100.00, 'kVAr', 'Trung bình', 51.6),
('A0505', 'Tụ bù', 'PC01', 'D0107', 2022, 450.00, 'kVAr', 'Tốt', 151.0),
('A0506', 'Tụ bù', 'PC01', 'D0104', 2014, 300.00, 'kVAr', 'Trung bình', 115.9),
('A0507', 'Tụ bù', 'PC02', 'D0204', 2020, 200.00, 'kVAr', 'Tốt', 85.9),
('A0508', 'Tụ bù', 'PC02', 'D0202', 2014, 300.00, 'kVAr', 'Trung bình', 155.4),
('A0509', 'Tụ bù', 'PC02', 'D0202', 2021, 200.00, 'kVAr', 'Tốt', 84.5),
('A0510', 'Tụ bù', 'PC02', 'D0202', 2008, 300.00, 'kVAr', 'Trung bình', 177.9),
('A0511', 'Tụ bù', 'PC02', 'D0202', 2022, 200.00, 'kVAr', 'Tốt', 82.2),
('A0512', 'Tụ bù', 'PC03', 'D0311', 2022, 100.00, 'kVAr', 'Tốt', 30.3),
('A0513', 'Tụ bù', 'PC03', 'D0303', 2018, 450.00, 'kVAr', 'Tốt', 227.7),
('A0514', 'Tụ bù', 'PC03', 'D0307', 2021, 600.00, 'kVAr', 'Tốt', 226.1),
('A0515', 'Tụ bù', 'PC03', 'D0302', 2009, 100.00, 'kVAr', 'Trung bình', 40.0),
('A0516', 'Tụ bù', 'PC03', 'D0304', 2023, 300.00, 'kVAr', 'Tốt', 179.7),
('A0517', 'Tụ bù', 'PC03', 'D0311', 2009, 100.00, 'kVAr', 'Trung bình', 37.6),
('A0518', 'Tụ bù', 'PC03', 'D0310', 2020, 300.00, 'kVAr', 'Tốt', 178.0),
('A0519', 'Tụ bù', 'PC03', 'D0311', 2019, 200.00, 'kVAr', 'Tốt', 118.1),
('A0520', 'Tụ bù', 'PC04', 'D0409', 2009, 600.00, 'kVAr', 'Trung bình', 212.3),
('A0521', 'Tụ bù', 'PC04', 'D0403', 2024, 450.00, 'kVAr', 'Tốt', 260.6),
('A0522', 'Tụ bù', 'PC04', 'D0408', 2012, 100.00, 'kVAr', 'Trung bình', 39.5),
('A0523', 'Tụ bù', 'PC04', 'D0409', 2021, 200.00, 'kVAr', 'Tốt', 75.6),
('A0524', 'Tụ bù', 'PC04', 'D0406', 2009, 200.00, 'kVAr', 'Trung bình', 90.0),
('A0525', 'Tụ bù', 'PC05', 'D0505', 2019, 450.00, 'kVAr', 'Tốt', 173.2),
('A0526', 'Tụ bù', 'PC05', 'D0505', 2016, 600.00, 'kVAr', 'Trung bình', 236.3),
('A0527', 'Tụ bù', 'PC05', 'D0503', 2018, 450.00, 'kVAr', 'Tốt', 238.1),
('A0528', 'Tụ bù', 'PC05', 'D0503', 2022, 100.00, 'kVAr', 'Tốt', 35.7),
('A0529', 'Tụ bù', 'PC05', 'D0501', 2015, 200.00, 'kVAr', 'Trung bình', 62.2),
('A0530', 'Tụ bù', 'PC06', 'D0605', 2013, 450.00, 'kVAr', 'Trung bình', 193.9),
('A0531', 'Tụ bù', 'PC06', 'D0608', 2009, 450.00, 'kVAr', 'Trung bình', 183.1),
('A0532', 'Tụ bù', 'PC06', 'D0609', 2023, 450.00, 'kVAr', 'Tốt', 201.6),
('A0533', 'Tụ bù', 'PC06', 'D0603', 2011, 300.00, 'kVAr', 'Trung bình', 98.4),
('A0534', 'Tụ bù', 'PC06', 'D0605', 2013, 200.00, 'kVAr', 'Trung bình', 105.0),
('A0535', 'Tụ bù', 'PC07', 'D0705', 2014, 600.00, 'kVAr', 'Trung bình', 359.6),
('A0536', 'Tụ bù', 'PC07', 'D0701', 2024, 600.00, 'kVAr', 'Tốt', 212.5),
('A0537', 'Tụ bù', 'PC07', 'D0702', 2015, 450.00, 'kVAr', 'Trung bình', 226.4),
('A0538', 'Tụ bù', 'PC07', 'D0706', 2008, 300.00, 'kVAr', 'Trung bình', 151.3),
('A0539', 'Tụ bù', 'PC07', 'D0702', 2020, 300.00, 'kVAr', 'Tốt', 143.1),
('A0540', 'Tụ bù', 'PC08', 'D0801', 2018, 200.00, 'kVAr', 'Tốt', 61.7),
('A0541', 'Tụ bù', 'PC08', 'D0804', 2023, 450.00, 'kVAr', 'Tốt', 219.8),
('A0542', 'Tụ bù', 'PC08', 'D0803', 2008, 300.00, 'kVAr', 'Trung bình', 177.3);

-- ----------------------------------------
-- Table: customer_segments
-- ----------------------------------------

INSERT INTO `customer_segments` (`segment_id`, `pc_id`, `segment_name`, `num_customers`, `proportion_pct`, `avg_price_vnd_per_kwh`) VALUES
(1, 'PC01', 'Công nghiệp - Xây dựng', 373728, 60.28, 1702.50),
(2, 'PC01', 'Quản lý - Tiêu dùng', 183210, 29.55, 2172.32),
(3, 'PC01', 'Thương nghiệp - Dịch vụ', 21532, 3.47, 2617.67),
(4, 'PC01', 'Nông lâm ngư nghiệp', 17263, 2.78, 1158.69),
(5, 'PC01', 'Khác', 30031, 4.84, 1852.98),
(6, 'PC02', 'Công nghiệp - Xây dựng', 285298, 59.44, 1750.54),
(7, 'PC02', 'Quản lý - Tiêu dùng', 139454, 29.05, 2169.88),
(8, 'PC02', 'Thương nghiệp - Dịch vụ', 15838, 3.30, 2604.49),
(9, 'PC02', 'Nông lâm ngư nghiệp', 6916, 1.44, 1208.93),
(10, 'PC02', 'Khác', 26970, 5.62, 1850.65),
(11, 'PC03', 'Công nghiệp - Xây dựng', 620672, 59.11, 1769.81),
(12, 'PC03', 'Quản lý - Tiêu dùng', 311645, 29.68, 2165.55),
(13, 'PC03', 'Thương nghiệp - Dịch vụ', 56851, 5.41, 2583.66),
(14, 'PC03', 'Nông lâm ngư nghiệp', 12447, 1.19, 1159.67),
(15, 'PC03', 'Khác', 59797, 5.69, 1910.37),
(16, 'PC04', 'Công nghiệp - Xây dựng', 315194, 60.61, 1772.97),
(17, 'PC04', 'Quản lý - Tiêu dùng', 156376, 30.07, 2247.31),
(18, 'PC04', 'Thương nghiệp - Dịch vụ', 14336, 2.76, 2605.20),
(19, 'PC04', 'Nông lâm ngư nghiệp', 13825, 2.66, 1211.85),
(20, 'PC04', 'Khác', 29761, 5.72, 1907.74),
(21, 'PC05', 'Công nghiệp - Xây dựng', 400582, 58.91, 1704.58),
(22, 'PC05', 'Quản lý - Tiêu dùng', 200299, 29.46, 2178.94),
(23, 'PC05', 'Thương nghiệp - Dịch vụ', 14685, 2.16, 2573.28),
(24, 'PC05', 'Nông lâm ngư nghiệp', 18373, 2.70, 1177.80),
(25, 'PC05', 'Khác', 35845, 5.27, 1886.48),
(26, 'PC06', 'Công nghiệp - Xây dựng', 340694, 58.74, 1720.95),
(27, 'PC06', 'Quản lý - Tiêu dùng', 171296, 29.53, 2243.67),
(28, 'PC06', 'Thương nghiệp - Dịch vụ', 19117, 3.30, 2610.91),
(29, 'PC06', 'Nông lâm ngư nghiệp', 13585, 2.34, 1222.91),
(30, 'PC06', 'Khác', 25095, 4.33, 1887.95),
(31, 'PC07', 'Công nghiệp - Xây dựng', 317091, 60.98, 1764.00),
(32, 'PC07', 'Quản lý - Tiêu dùng', 156592, 30.11, 2218.46),
(33, 'PC07', 'Thương nghiệp - Dịch vụ', 19165, 3.69, 2627.60),
(34, 'PC07', 'Nông lâm ngư nghiệp', 7582, 1.46, 1153.21),
(35, 'PC07', 'Khác', 24080, 4.63, 1876.77),
(36, 'PC08', 'Công nghiệp - Xây dựng', 207976, 59.42, 1794.29),
(37, 'PC08', 'Quản lý - Tiêu dùng', 107634, 30.75, 2181.47),
(38, 'PC08', 'Thương nghiệp - Dịch vụ', 11588, 3.31, 2589.56),
(39, 'PC08', 'Nông lâm ngư nghiệp', 9901, 2.83, 1195.89),
(40, 'PC08', 'Khác', 15854, 4.53, 1874.66);

-- ----------------------------------------
-- Table: loss_targets
-- ----------------------------------------

INSERT INTO `loss_targets` (`target_id`, `pc_id`, `year`, `target_loss_rate_pct`, `target_saidi_minutes`, `target_saifi_times`) VALUES
(1, 'PC01', 2024, 3.80, 280.0, 2.8),
(2, 'PC01', 2025, 3.70, 260.0, 2.6),
(3, 'PC02', 2024, 3.40, 240.0, 2.4),
(4, 'PC02', 2025, 3.30, 220.0, 2.2),
(5, 'PC03', 2024, 2.90, 160.0, 1.8),
(6, 'PC03', 2025, 2.80, 145.0, 1.6),
(7, 'PC04', 2024, 3.60, 300.0, 3.0),
(8, 'PC04', 2025, 3.50, 280.0, 2.8),
(9, 'PC05', 2024, 4.50, 320.0, 3.2),
(10, 'PC05', 2025, 4.40, 300.0, 3.0),
(11, 'PC06', 2024, 3.85, 340.0, 3.4),
(12, 'PC06', 2025, 3.75, 320.0, 3.2),
(13, 'PC07', 2024, 3.50, 260.0, 2.6),
(14, 'PC07', 2025, 3.40, 240.0, 2.4),
(15, 'PC08', 2024, 3.20, 140.0, 1.6),
(16, 'PC08', 2025, 3.10, 130.0, 1.4);

-- ----------------------------------------
-- Table: weather_events
-- ----------------------------------------

INSERT INTO `weather_events` (`event_id`, `event_name`, `event_type`, `start_date`, `end_date`, `severity`, `affected_provinces`, `max_wind_speed_kmh`, `rainfall_mm`, `notes`) VALUES
(1, 'Áp thấp nhiệt đới số 8', 'Áp thấp nhiệt đới', '2023-10-12', '2023-10-14', 'Trung bình', 'P01,P02,P03', 75, 180, 'Ảnh hưởng duyên hải Bắc Trung Bộ'),
(2, 'Bão số 7 - Jelawat', 'Bão', '2023-10-28', '2023-10-31', 'Nặng', 'P01,P02,P03,P04,P05', 110, 280, 'Đổ bộ Quảng Trị-Huế, gió mạnh'),
(3, 'Mưa lớn miền Trung', 'Mưa lớn', '2023-11-05', '2023-11-08', 'Trung bình', 'P03,P04,P05,P06', 0, 350, 'Mưa lũ kéo dài, ngập nhiều nơi'),
(4, 'Áp thấp nhiệt đới số 9', 'Áp thấp nhiệt đới', '2023-11-18', '2023-11-20', 'Nhẹ', 'P05,P06', 60, 120, 'Ảnh hưởng nhẹ ven biển'),
(5, 'Mưa lớn Tây Nguyên', 'Mưa lớn', '2023-12-02', '2023-12-04', 'Nhẹ', 'P08,P10', 0, 180, 'Mưa cuối mùa'),
(6, 'Mưa lớn đầu mùa', 'Mưa lớn', '2024-05-15', '2024-05-17', 'Nhẹ', 'P04,P05', 0, 120, 'Mưa đầu mùa bất thường'),
(7, 'Áp thấp nhiệt đới số 1', 'Áp thấp nhiệt đới', '2024-07-10', '2024-07-12', 'Nhẹ', 'P06,P11,P12', 65, 100, 'Ảnh hưởng nhẹ Nam Trung Bộ'),
(8, 'Bão số 2 - Prapiroon', 'Bão', '2024-07-22', '2024-07-24', 'Trung bình', 'P01,P02', 95, 200, 'Suy yếu trước khi đổ bộ'),
(9, 'Mưa lớn miền Trung', 'Mưa lớn', '2024-08-10', '2024-08-13', 'Trung bình', 'P04,P05,P06', 0, 250, 'Mưa lớn diện rộng'),
(10, 'Áp thấp nhiệt đới số 3', 'Áp thấp nhiệt đới', '2024-08-28', '2024-08-30', 'Nhẹ', 'P11,P12,P13', 70, 130, 'Ảnh hưởng Nam Trung Bộ'),
(11, 'Bão số 3 - Soulik', 'Bão', '2024-09-18', '2024-09-21', 'Nặng', 'P01,P02,P03', 115, 300, 'Đổ bộ QB-QT, thiệt hại nặng'),
(12, 'Bão số 4 - Trami', 'Bão', '2024-10-05', '2024-10-08', 'Nặng', 'P03,P04,P05,P06', 105, 350, 'Đổ bộ Đà Nẵng-Quảng Nam'),
(13, 'Mưa lũ miền Trung', 'Lũ lụt', '2024-10-15', '2024-10-19', 'Nặng', 'P03,P04,P05,P06,P08', 0, 450, 'Lũ lịch sử nhiều tỉnh'),
(14, 'Áp thấp nhiệt đới số 5', 'Áp thấp nhiệt đới', '2024-11-02', '2024-11-04', 'Trung bình', 'P06,P09,P11', 80, 200, 'Gây mưa Bình Định-Phú Yên'),
(15, 'Mưa lớn Tây Nguyên', 'Mưa lớn', '2024-11-20', '2024-11-22', 'Nhẹ', 'P08,P10', 0, 160, 'Mưa cuối mùa Tây Nguyên'),
(16, 'Sạt lở Kon Tum', 'Sạt lở', '2024-12-01', '2024-12-02', 'Trung bình', 'P07', 0, 80, 'Sạt lở đất vùng núi'),
(17, 'Mưa lớn đầu mùa', 'Mưa lớn', '2025-05-20', '2025-05-22', 'Nhẹ', 'P04,P05,P06', 0, 130, 'Mưa trái mùa'),
(18, 'Áp thấp nhiệt đới số 1/2025', 'Áp thấp nhiệt đới', '2025-06-25', '2025-06-27', 'Nhẹ', 'P11,P12', 60, 90, 'Ảnh hưởng nhẹ'),
(19, 'Bão số 2/2025 - Gaemi', 'Bão', '2025-07-15', '2025-07-18', 'Trung bình', 'P01,P02,P03', 90, 220, 'Đi qua Bắc Trung Bộ'),
(20, 'Mưa lớn Quảng Nam', 'Mưa lớn', '2025-08-05', '2025-08-07', 'Nhẹ', 'P05,P06', 0, 150, 'Mưa cục bộ'),
(21, 'Áp thấp nhiệt đới số 3/2025', 'Áp thấp nhiệt đới', '2025-08-20', '2025-08-22', 'Trung bình', 'P06,P09,P11', 75, 170, 'Gây mưa duyên hải'),
(22, 'Bão số 5/2025 - Yagi', 'Bão', '2025-09-14', '2025-09-17', 'Nặng', 'P01,P02,P03', 120, 320, 'Đổ bộ QB-QT, gió cấp 12'),
(23, 'Bão số 6/2025 - Bebinca', 'Bão', '2025-09-24', '2025-09-27', 'Rất nặng', 'P01,P02,P03,P04,P05', 150, 420, 'Siêu bão, đổ bộ QT-Huế-ĐN, thiệt hại rất lớn'),
(24, 'Lũ quét Gia Lai', 'Lũ lụt', '2025-08-12', '2025-08-13', 'Trung bình', 'P08', 0, 200, 'Lũ quét suối nhỏ'),
(25, 'Mưa lớn Đắk Lắk', 'Mưa lớn', '2025-07-25', '2025-07-27', 'Nhẹ', 'P10', 0, 140, 'Mưa mùa hè Tây Nguyên'),
(26, 'Sét đánh Quảng Ngãi', 'Mưa lớn', '2025-06-10', '2025-06-10', 'Nhẹ', 'P06', 0, 50, 'Giông sét cục bộ'),
(27, 'Mưa lớn Ninh Thuận', 'Mưa lớn', '2025-09-08', '2025-09-09', 'Nhẹ', 'P13', 0, 100, 'Mưa hiếm tại Ninh Thuận'),
(28, 'Áp thấp nhiệt đới số 4/2025', 'Áp thấp nhiệt đới', '2025-09-05', '2025-09-07', 'Trung bình', 'P09,P11,P12', 70, 180, 'Ảnh hưởng Nam Trung Bộ');

SET FOREIGN_KEY_CHECKS = 1;
