-- ============================================================
-- KN Holdings - Bất Động Sản Demo Database
-- 02_metadata.sql - Metadata Tables
-- ============================================================

USE kn_realestate_demo;

INSERT INTO _meta_tables (table_name, table_description, table_type, row_count_approx) VALUES
('projects', 'Danh sách dự án BĐS của KN Holdings', 'dimension', 6),
('sub_zones', 'Phân khu trong từng dự án, bao gồm thông tin giá và khoảng cách biển', 'dimension', 10),
('product_types', 'Danh mục loại sản phẩm BĐS (nhà phố, biệt thự, căn hộ, đất nền...)', 'dimension', 7),
('products', 'Danh sách ~5.000 sản phẩm BĐS (đơn vị bán) với giá, diện tích, view', 'dimension', 8459),
('sales_channels', 'Kênh bán hàng: online, đại lý, trực tiếp', 'dimension', 8),
('sales_agents', 'Đại lý và nhân viên bán hàng (50 agents, phân bổ Pareto)', 'dimension', 50),
('customers', 'Thông tin khách hàng với demographics (tỉnh, tuổi, mục đích mua)', 'dimension', 3200),
('payment_policies', 'Chính sách thanh toán: trả góp, cam kết thuê, chiết khấu', 'dimension', 6),
('sales_transactions', 'Giao dịch bán hàng BĐS với đầy đủ funnel booking→deposit→contract→handover', 'fact', 4211),
('leads_pipeline', 'Pipeline khách hàng tiềm năng, conversion funnel theo kênh', 'fact', 12891),
('pricing_history', 'Lịch sử thay đổi giá bán và chính sách thanh toán', 'fact', 13),
('inventory_snapshots', 'Snapshot tồn kho hàng tháng: available, absorption rate, sell rate', 'fact', 150),
('marketing_spend', 'Chi phí marketing theo tháng, dự án, kênh với CPL', 'fact', 432),
('revenue_targets', 'Mục tiêu doanh thu và số lượng SP theo quý', 'fact', 22),
('_meta_tables', 'Metadata - mô tả các bảng trong database', 'metadata', 18),
('_meta_columns', 'Metadata - mô tả các cột trong database', 'metadata', NULL),
('_meta_kpi', 'Metadata - định nghĩa KPI cho phân tích', 'metadata', NULL),
('_meta_glossary', 'Metadata - từ điển thuật ngữ BĐS', 'metadata', NULL);

INSERT INTO _meta_columns (table_name, column_name, column_description, data_type, unit, is_key, example_value) VALUES
('projects', 'project_id', 'Mã dự án', 'VARCHAR(10)', '', 1, 'PRJ-CW'),
('projects', 'project_name', 'Tên dự án', 'VARCHAR(100)', '', 0, 'CaraWorld Cam Ranh'),
('projects', 'project_type', 'Loại dự án', 'ENUM', '', 0, 'resort_township'),
('projects', 'total_area_ha', 'Tổng diện tích', 'DECIMAL', 'ha', 0, '800.00'),
('projects', 'total_units', 'Tổng số sản phẩm', 'INT', 'sản phẩm', 0, '3899'),
('projects', 'status', 'Trạng thái dự án', 'ENUM', '', 0, 'active_selling'),
('projects', 'total_investment_billion_vnd', 'Tổng vốn đầu tư', 'DECIMAL', 'tỷ VND', 0, '45000'),
('sub_zones', 'sub_zone_id', 'Mã phân khu', 'VARCHAR(15)', '', 1, 'SZ-ST'),
('sub_zones', 'project_id', 'Mã dự án (FK)', 'VARCHAR(10)', '', 1, 'PRJ-CW'),
('sub_zones', 'distance_to_beach_m', 'Khoảng cách đến biển - quan trọng cho phân tích Para Grus', 'INT', 'm', 0, '300'),
('sub_zones', 'avg_price_per_sqm_million', 'Giá TB trên m² - quan trọng cho so sánh giá', 'DECIMAL', 'triệu VND/m²', 0, '76.0'),
('sub_zones', 'total_units', 'Tổng số SP trong phân khu', 'INT', 'sản phẩm', 0, '1868'),
('products', 'product_id', 'Mã sản phẩm', 'VARCHAR(20)', '', 1, 'CW-ST-0001'),
('products', 'area_sqm', 'Diện tích', 'DECIMAL', 'm²', 0, '120.5'),
('products', 'listed_price_billion', 'Giá niêm yết', 'DECIMAL', 'tỷ VND', 0, '8.500'),
('products', 'status', 'Trạng thái SP', 'ENUM', '', 0, 'contracted'),
('products', 'has_sea_view', 'Có view biển', 'BOOLEAN', '', 0, '1'),
('sales_transactions', 'transaction_id', 'Mã giao dịch', 'VARCHAR(20)', '', 1, 'TXN-000001'),
('sales_transactions', 'booking_date', 'Ngày giữ chỗ', 'DATE', '', 0, '2024-03-15'),
('sales_transactions', 'deposit_date', 'Ngày đặt cọc', 'DATE', '', 0, '2024-03-20'),
('sales_transactions', 'contract_date', 'Ngày ký hợp đồng', 'DATE', '', 0, '2024-04-10'),
('sales_transactions', 'actual_price_billion', 'Giá thực bán', 'DECIMAL', 'tỷ VND', 0, '8.200'),
('sales_transactions', 'discount_percent', 'Chiết khấu', 'DECIMAL', '%', 0, '2.5'),
('sales_transactions', 'transaction_status', 'Trạng thái GD', 'ENUM', '', 0, 'contracted'),
('leads_pipeline', 'lead_id', 'Mã lead', 'VARCHAR(20)', '', 1, 'LEAD-000001'),
('leads_pipeline', 'lead_source', 'Nguồn lead', 'ENUM', '', 0, 'Facebook Ads'),
('leads_pipeline', 'current_stage', 'Giai đoạn hiện tại trong funnel', 'ENUM', '', 0, 'visited'),
('leads_pipeline', 'lead_score', 'Điểm đánh giá lead', 'TINYINT', 'điểm (1-100)', 0, '65'),
('inventory_snapshots', 'absorption_rate', 'Tỷ lệ hấp thụ', 'DECIMAL', '%', 0, '68.5'),
('inventory_snapshots', 'monthly_sell_rate', 'Tốc độ bán mỗi tháng', 'DECIMAL', 'SP/tháng', 0, '85'),
('inventory_snapshots', 'months_of_inventory', 'Số tháng tồn kho', 'DECIMAL', 'tháng', 0, '7.2'),
('pricing_history', 'price_change_percent', 'Thay đổi giá', 'DECIMAL', '%', 0, '-5.0'),
('pricing_history', 'reason', 'Lý do điều chỉnh giá hoặc chính sách', 'VARCHAR', '', 0, 'Kích cầu mùa hè'),
('marketing_spend', 'spend_amount_million', 'Chi phí marketing', 'DECIMAL', 'triệu VND', 0, '500.0'),
('marketing_spend', 'cost_per_lead_million', 'Chi phí mỗi lead', 'DECIMAL', 'triệu VND', 0, '3.5'),
('revenue_targets', 'target_revenue_billion', 'Mục tiêu doanh thu', 'DECIMAL', 'tỷ VND', 0, '2800'),
('revenue_targets', 'target_units', 'Mục tiêu số lượng SP', 'INT', 'sản phẩm', 0, '310');

INSERT INTO _meta_kpi (kpi_id, kpi_name, formula, unit, description, related_tables) VALUES
('KPI-REV', 'Doanh thu', 'SUM(actual_price_billion) WHERE status != cancelled', 'tỷ VND', 'Tổng doanh thu từ các giao dịch đã ký hợp đồng', 'sales_transactions'),
('KPI-VOL', 'Số lượng bán', 'COUNT(*) WHERE status != cancelled', 'sản phẩm', 'Số sản phẩm đã bán (booking trở lên, không tính hủy)', 'sales_transactions'),
('KPI-ASP', 'Giá bán trung bình', 'AVG(actual_price_billion) WHERE status != cancelled', 'tỷ VND', 'Giá bán trung bình mỗi sản phẩm', 'sales_transactions'),
('KPI-ABS', 'Tỷ lệ hấp thụ', '(total - available) / total * 100', '%', 'Tỷ lệ SP đã bán trên tổng SP', 'inventory_snapshots'),
('KPI-CONV', 'Tỷ lệ chuyển đổi', 'COUNT(contracted) / COUNT(lead) * 100', '%', 'Tỷ lệ lead chuyển thành hợp đồng', 'leads_pipeline'),
('KPI-CPL', 'Chi phí mỗi lead', 'spend / leads_generated', 'triệu VND', 'Chi phí marketing để có được một lead', 'marketing_spend'),
('KPI-MARGIN', 'Biên lợi nhuận gộp', '(revenue - land_cost - construction_cost) / revenue * 100', '%', 'Biên lợi nhuận gộp = (Doanh thu - Chi phí đất - Chi phí XD) / Doanh thu', 'sales_transactions, products'),
('KPI-MOI', 'Số tháng tồn kho', 'available / monthly_sell_rate', 'tháng', 'Số tháng để bán hết tồn kho với tốc độ hiện tại', 'inventory_snapshots'),
('KPI-SELLRATE', 'Tốc độ bán', 'COUNT sold per month', 'SP/tháng', 'Số sản phẩm bán được mỗi tháng', 'sales_transactions'),
('KPI-TARGET', 'Đạt mục tiêu', 'actual_revenue / target_revenue * 100', '%', 'Tỷ lệ hoàn thành mục tiêu doanh thu', 'revenue_targets, sales_transactions');

INSERT INTO _meta_glossary (term, definition_vi, definition_en, context) VALUES
('BĐS', 'Bất động sản', 'Real estate', 'Ngành nghề chính'),
('SP', 'Sản phẩm (đơn vị bán: căn hộ, lô đất, nhà phố...)', 'Product/Unit', 'Đơn vị kinh doanh'),
('NP', 'Nhà phố', 'Townhouse', 'Loại sản phẩm'),
('BT', 'Biệt thự', 'Villa', 'Loại sản phẩm'),
('SH', 'Shophouse', 'Shophouse/Commercial house', 'Loại sản phẩm'),
('CHND', 'Căn hộ nghỉ dưỡng', 'Resort apartment/Condotel', 'Loại sản phẩm'),
('CHCC', 'Căn hộ cao cấp', 'High-end apartment', 'Loại sản phẩm'),
('ĐN', 'Đất nền', 'Land lot', 'Loại sản phẩm'),
('Absorption Rate', 'Tỷ lệ hấp thụ - % sản phẩm đã bán trên tổng', 'Percentage of units sold vs total', 'KPI bán hàng'),
('ASP', 'Giá bán trung bình (Average Selling Price)', 'Average Selling Price', 'KPI giá'),
('CPL', 'Chi phí mỗi lead (Cost Per Lead)', 'Cost Per Lead', 'KPI marketing'),
('CPS', 'Chi phí mỗi giao dịch (Cost Per Sale)', 'Cost Per Sale', 'KPI marketing'),
('Funnel', 'Phễu bán hàng: Lead → Visit → Booking → Deposit → Contract', 'Sales funnel', 'Quy trình bán hàng'),
('MOI', 'Months of Inventory - số tháng để bán hết tồn kho', 'Months of Inventory', 'KPI tồn kho'),
('Sell Rate', 'Tốc độ bán - số SP bán được mỗi tháng', 'Monthly sell rate', 'KPI bán hàng'),
('YoY', 'So với cùng kỳ năm trước (Year over Year)', 'Year over Year', 'So sánh thời gian'),
('QoQ', 'So với quý trước (Quarter over Quarter)', 'Quarter over Quarter', 'So sánh thời gian'),
('Booking', 'Giữ chỗ - bước đầu tiên trong giao dịch BĐS', 'Reservation', 'Quy trình bán hàng'),
('Deposit', 'Đặt cọc - cam kết mua bằng tiền cọc (15-30% giá trị)', 'Deposit', 'Quy trình bán hàng'),
('Contract', 'Ký hợp đồng mua bán chính thức', 'Sales contract signing', 'Quy trình bán hàng'),
('Handover', 'Bàn giao sản phẩm cho khách hàng', 'Product handover/delivery', 'Quy trình bán hàng');
