-- ============================================================
-- PTSC M&C Demo Database — Master Data (Dimension Tables)
-- 4 clients, 5 projects, 7 disciplines, 10 cost categories,
-- 10 suppliers, 17 work areas, 200 workers
-- ============================================================

USE ptsc_mc_demo;

SET NAMES utf8mb4;
SET CHARACTER SET utf8mb4;

-- clients: 4 records
INSERT INTO `clients` (`client_id`, `client_name`, `country`, `sector`) VALUES
('CLI-001', 'Sao Vàng – Đại Nguyệt JOC', 'Việt Nam', 'O&G'),
('CLI-002', 'Hai Phong Wind Power JSC', 'Việt Nam', 'Renewables'),
('CLI-003', 'Bach Long JOC', 'Việt Nam', 'O&G'),
('CLI-004', 'QatarEnergy', 'Qatar', 'O&G');

-- projects: 5 records
INSERT INTO `projects` (`project_id`, `project_name`, `project_code`, `project_type`, `client_id`, `contract_value_usd`, `start_date`, `planned_end_date`, `duration_months`, `location`, `contract_type`, `description`, `status`) VALUES
('PJ-001', 'Sao Vàng CPP (Central Processing Platform)', 'SV-CPP', 'O&G', 'CLI-001', '280.00', '2024-01-15', '2026-06-30', 30, 'Vũng Tàu, Việt Nam', 'Lump Sum', 'Giàn xử lý trung tâm cho mỏ Sao Vàng – Đại Nguyệt, bao gồm topside modules và jacket', 'Active'),
('PJ-002', 'Đại Nguyệt WHP (4x Wellhead Platforms)', 'DN-WHP', 'O&G', 'CLI-001', '145.00', '2024-04-01', '2025-12-31', 21, 'Vũng Tàu, Việt Nam', 'Lump Sum', '4 giàn đầu giếng cho mỏ Đại Nguyệt, chế tạo song song tại yard Vũng Tàu', 'Active'),
('PJ-003', 'Hải Phong OSS (2x Offshore Substations)', 'HP-OSS', 'Renewables', 'CLI-002', '195.00', '2024-07-01', '2026-09-30', 27, 'Vũng Tàu, Việt Nam', 'Lump Sum', '2 trạm biến áp ngoài khơi cho dự án điện gió Hải Phòng, công nghệ mới cho PTSC M&C', 'Active'),
('PJ-004', 'Bạch Long Pipeline', 'BL-PIPE', 'O&G', 'CLI-003', '85.00', '2024-10-01', '2026-03-31', 18, 'Vũng Tàu, Việt Nam', 'Lump Sum', 'Hệ thống đường ống ngầm liên giàn cho mỏ Bạch Long', 'Active'),
('PJ-005', 'Gallaf Phase 3 Topside Modules', 'GAL-P3', 'O&G', 'CLI-004', '120.00', '2024-03-01', '2025-09-30', 19, 'Vũng Tàu → Qatar', 'Lump Sum', 'Chế tạo topside modules tại yard Vũng Tàu, vận chuyển và lắp đặt tại Qatar', 'Active');

-- disciplines: 7 records
INSERT INTO `disciplines` (`discipline_id`, `discipline_name`, `description`, `sequence_order`) VALUES
('COMMS', 'Commissioning', 'Chạy thử, nghiệm thu (pre-commissioning, commissioning)', 7),
('ELECT', 'Electrical', 'Hệ thống điện (cable tray, cable pulling, termination)', 3),
('INSTRU', 'Instrumentation', 'Hệ thống điều khiển, đo lường (instrument tubing, calibration)', 4),
('MECH', 'Mechanical', 'Lắp đặt thiết bị cơ khí (equipment setting, alignment)', 6),
('PAINT', 'Painting', 'Xử lý bề mặt, sơn chống ăn mòn (blasting, coating)', 5),
('PIPING', 'Piping', 'Chế tạo & lắp đặt hệ thống ống (spool fabrication, installation)', 2),
('STRUCT', 'Structural', 'Chế tạo kết cấu thép (jacket, topside frame, deck)', 1);

-- cost_categories: 10 records
INSERT INTO `cost_categories` (`cost_category_id`, `category_name`, `parent_category`, `description`) VALUES
('LABOR-EI', 'E&I Labor', 'LABOR', 'Chi phí nhân công điện - đo lường'),
('LABOR-OTHER', 'Other Labor', 'LABOR', 'Nhân công khác (QC, rigging, scaffolding)'),
('LABOR-PIPE', 'Pipefitting Labor', 'LABOR', 'Chi phí nhân công thợ ống'),
('LABOR-STRUCT', 'Structural Labor', 'LABOR', 'Chi phí nhân công kết cấu'),
('LABOR-WELD', 'Welding Labor', 'LABOR', 'Chi phí nhân công thợ hàn'),
('MAT-EQUIP', 'Equipment', 'MATERIAL', 'Thiết bị chính (máy nén, bơm, v.v.)'),
('MAT-PIPE', 'Piping Materials', 'MATERIAL', 'Ống, phụ kiện ống, van'),
('MAT-STEEL', 'Structural Steel', 'MATERIAL', 'Thép kết cấu (carbon steel)'),
('OVERHEAD', 'Project Overhead', 'OVERHEAD', 'Chi phí quản lý dự án, bảo hiểm, văn phòng'),
('SUBCON-BP', 'Blasting & Painting Subcon', 'SUBCONTRACTOR', 'Thầu phụ phun sơn');

-- suppliers: 10 records
INSERT INTO `suppliers` (`supplier_id`, `supplier_name`, `country`, `specialization`) VALUES
('CN-SUP-001', 'Baosteel (Baoshan)', 'Trung Quốc', 'Carbon steel pipe, bulk materials'),
('EU-SUP-001', 'Emerson (Đức)', 'Đức', 'Thiết bị đo lường, van điều khiển'),
('IN-SUP-001', 'Tata Steel', 'Ấn Độ', 'Structural steel, plate'),
('JP-SUP-001', 'Nippon Steel', 'Nhật Bản', 'High-grade pipe, duplex SS (backup)'),
('JP-SUP-002', 'JFE Holdings', 'Nhật Bản', 'Structural steel, thick plate'),
('KR-SUP-001', 'Posco International', 'Hàn Quốc', 'Thép kết cấu, carbon steel'),
('KR-SUP-002', 'Hyundai Steel', 'Hàn Quốc', 'Duplex stainless steel, alloy pipe'),
('US-SUP-001', 'Cameron (Schlumberger)', 'Mỹ', 'Thiết bị áp suất cao, BOP'),
('VN-SUP-001', 'Hoà Phát Steel', 'Việt Nam', 'Thép kết cấu nội địa'),
('VN-SUP-002', 'Pomina Steel', 'Việt Nam', 'Thép cuộn, thép hình');

-- work_areas: 17 records
INSERT INTO `work_areas` (`area_id`, `project_id`, `area_name`, `description`, `scope_weight`) VALUES
('AREA-BL-1', 'PJ-004', 'Spool Fabrication Bay', 'Khu vực chế tạo spool ống', '0.40'),
('AREA-BL-2', 'PJ-004', 'Coating & Testing Area', 'Khu vực phủ lớp chống ăn mòn và thử áp', '0.30'),
('AREA-BL-3', 'PJ-004', 'Assembly & Loadout', 'Khu vực lắp ráp và chuẩn bị hạ thủy', '0.30'),
('AREA-DN-1', 'PJ-002', 'WHP-1 Platform', 'Giàn đầu giếng số 1', '0.25'),
('AREA-DN-2', 'PJ-002', 'WHP-2 Platform', 'Giàn đầu giếng số 2', '0.25'),
('AREA-DN-3', 'PJ-002', 'WHP-3 Platform', 'Giàn đầu giếng số 3', '0.25'),
('AREA-DN-4', 'PJ-002', 'WHP-4 Platform', 'Giàn đầu giếng số 4', '0.25'),
('AREA-GAL-1', 'PJ-005', 'Topside Module 1 — Process', 'Module xử lý chính cho Gallaf', '0.40'),
('AREA-GAL-2', 'PJ-005', 'Topside Module 2 — Utility', 'Module tiện ích (điện, nước, HVAC)', '0.35'),
('AREA-GAL-3', 'PJ-005', 'Pipe Rack & Flare', 'Giá ống và hệ thống đuốc đốt', '0.25'),
('AREA-HP-1', 'PJ-003', 'OSS-1 Topside', 'Trạm biến áp ngoài khơi số 1 — topside', '0.35'),
('AREA-HP-2', 'PJ-003', 'OSS-2 Topside', 'Trạm biến áp ngoài khơi số 2 — topside', '0.35'),
('AREA-HP-3', 'PJ-003', 'Jacket & Foundation (OSS)', 'Kết cấu chân đế cho 2 trạm biến áp', '0.30'),
('AREA-SV-1', 'PJ-001', 'Module A — Living Quarter & Helideck', 'Khu vực sinh hoạt và sân bay trực thăng', '0.20'),
('AREA-SV-2', 'PJ-001', 'Module B — Process Module', 'Module xử lý công nghệ chính', '0.30'),
('AREA-SV-3', 'PJ-001', 'Module C — Compression & Power', 'Khu vực máy nén và phát điện — piping mật độ cao', '0.30'),
('AREA-SV-4', 'PJ-001', 'Jacket & Foundation', 'Kết cấu chân đế và móng', '0.20');

-- workforce: 200 records
INSERT INTO `workforce` (`worker_id`, `worker_name`, `skill_type`, `certification`, `current_project_id`, `hire_date`) VALUES
('WK-001', 'Tạ Ngọc Linh', 'Welder', '6G SMAW, 6G GTAW, Duplex SS Welding', 'PJ-002', '2021-11-21'),
('WK-002', 'Đinh Xuân Dũng', 'Welder', '6G SMAW, 6G GTAW, Duplex SS Welding', 'PJ-005', '2019-04-03'),
('WK-003', 'Mai Ngọc Khoa', 'Welder', '6G SMAW, 6G GTAW, Duplex SS Welding', 'PJ-003', '2022-04-01'),
('WK-004', 'Trần Minh Cường', 'Welder', '6G SMAW, 6G GTAW, Duplex SS Welding', NULL, '2018-06-03'),
('WK-005', 'Võ Công Thắng', 'Welder', '6G SMAW, 6G GTAW, Duplex SS Welding', 'PJ-003', '2019-09-05'),
('WK-006', 'Mai Trọng Thắng', 'Welder', '6G SMAW, 6G GTAW, Duplex SS Welding', 'PJ-003', '2019-08-26'),
('WK-007', 'Phạm Hữu Vương', 'Welder', '6G SMAW, 6G GTAW, Duplex SS Welding', 'PJ-001', '2021-06-14'),
('WK-008', 'Trần Công Vinh', 'Welder', '6G SMAW, 6G GTAW, Duplex SS Welding', 'PJ-001', '2023-02-02'),
('WK-009', 'Bùi Tuấn Kiên', 'Welder', '6G SMAW, 6G GTAW, Duplex SS Welding', 'PJ-002', '2018-04-07'),
('WK-010', 'Dương Đức Sơn', 'Welder', '6G SMAW, 6G GTAW, Duplex SS Welding', 'PJ-001', '2019-05-15'),
('WK-011', 'Lê Xuân Đức', 'Welder', '6G SMAW, 6G GTAW, Duplex SS Welding', 'PJ-003', '2022-02-02'),
('WK-012', 'Tạ Anh An', 'Welder', '6G SMAW, 6G GTAW, Duplex SS Welding', 'PJ-005', '2018-04-06'),
('WK-013', 'Lý Minh Kiên', 'Welder', '6G SMAW, 6G GTAW, Duplex SS Welding', 'PJ-003', '2021-01-06'),
('WK-014', 'Hồ Thanh Tâm', 'Welder', '6G SMAW, 6G GTAW, Duplex SS Welding', 'PJ-002', '2021-05-14'),
('WK-015', 'Tạ Công Khánh', 'Welder', '6G SMAW, 6G GTAW, Duplex SS Welding', 'PJ-004', '2021-03-07'),
('WK-016', 'Trần Trọng Lộc', 'Welder', '6G SMAW, 6G GTAW, Duplex SS Welding', 'PJ-005', '2022-01-24'),
('WK-017', 'Trần Trọng Thắng', 'Welder', '6G SMAW, 6G GTAW, Duplex SS Welding', 'PJ-001', '2022-09-06'),
('WK-018', 'Đinh Hữu Kiên', 'Welder', '6G SMAW, 6G GTAW, Duplex SS Welding', 'PJ-003', '2019-02-20'),
('WK-019', 'Vũ Hồng Dũng', 'Welder', '6G SMAW, 6G GTAW, Duplex SS Welding', 'PJ-001', '2022-04-19'),
('WK-020', 'Tô Hữu Sơn', 'Welder', '6G SMAW, 6G GTAW, Duplex SS Welding', 'PJ-001', '2023-10-19'),
('WK-021', 'Võ Minh Vương', 'Welder', '6G SMAW, 6G GTAW, Duplex SS Welding', 'PJ-004', '2023-06-08'),
('WK-022', 'Hoàng Công Vinh', 'Welder', '6G SMAW, 6G GTAW, Duplex SS Welding', 'PJ-001', '2020-08-11'),
('WK-023', 'Lê Thị Phương', 'Welder', '6G SMAW, 6G GTAW, Duplex SS Welding', 'PJ-001', '2022-10-04'),
('WK-024', 'Phan Ngọc Long', 'Welder', '6G SMAW, 6G GTAW, Duplex SS Welding', 'PJ-003', '2019-06-03'),
('WK-025', 'Đỗ Thanh Hải', 'Welder', '6G SMAW, 6G GTAW, Duplex SS Welding', 'PJ-005', '2021-09-23'),
('WK-026', 'Đinh Văn Vương', 'Welder', '6G SMAW, 6G GTAW, Duplex SS Welding', 'PJ-005', '2022-05-22'),
('WK-027', 'Hoàng Thanh Dũng', 'Welder', '6G SMAW, 6G GTAW, Duplex SS Welding', 'PJ-001', '2018-12-18'),
('WK-028', 'Đặng Trọng Hùng', 'Welder', '6G SMAW, 6G GTAW, Duplex SS Welding', 'PJ-003', '2023-06-07'),
('WK-029', 'Võ Ngọc Thắng', 'Welder', '6G SMAW, 6G GTAW, Duplex SS Welding', 'PJ-001', '2020-01-03'),
('WK-030', 'Võ Văn An', 'Welder', '6G SMAW, 6G GTAW, Duplex SS Welding', NULL, '2020-03-21'),
('WK-031', 'Huỳnh Hoàng Thảo', 'Welder', '6G SMAW, 6G GTAW', 'PJ-001', '2023-07-18'),
('WK-032', 'Lê Bảo Khánh', 'Welder', '6G SMAW, 6G GTAW', 'PJ-003', '2019-09-02'),
('WK-033', 'Mai Ngọc Đạt', 'Welder', '6G SMAW, 6G GTAW', 'PJ-001', '2021-03-02'),
('WK-034', 'Trần Bảo Phong', 'Welder', '6G SMAW, 6G GTAW', 'PJ-001', '2019-11-08'),
('WK-035', 'Đỗ Tuấn Toàn', 'Welder', '6G SMAW, 6G GTAW', 'PJ-004', '2021-10-24'),
('WK-036', 'Vũ Anh Hải', 'Welder', '6G SMAW, 6G GTAW', 'PJ-002', '2019-07-01'),
('WK-037', 'Bùi Tuấn Tâm', 'Welder', '6G SMAW, 6G GTAW', 'PJ-002', '2021-11-28'),
('WK-038', 'Vũ Thanh Hải', 'Welder', '6G SMAW, 6G GTAW', NULL, '2023-02-13'),
('WK-039', 'Lý Minh Hùng', 'Welder', '6G SMAW, 6G GTAW', 'PJ-001', '2021-06-10'),
('WK-040', 'Vũ Minh An', 'Welder', '6G SMAW, 6G GTAW', 'PJ-005', '2023-04-13'),
('WK-041', 'Lê Tuấn Long', 'Welder', '6G SMAW, 6G GTAW', 'PJ-005', '2020-11-17'),
('WK-042', 'Tạ Quốc An', 'Welder', '6G SMAW, 6G GTAW', 'PJ-002', '2018-05-06'),
('WK-043', 'Võ Văn Dũng', 'Welder', '6G SMAW, 6G GTAW', 'PJ-001', '2022-07-12'),
('WK-044', 'Bùi Hồng Tuấn', 'Welder', '6G SMAW, 6G GTAW', 'PJ-004', '2022-02-13'),
('WK-045', 'Phan Thanh Bình', 'Welder', '6G SMAW, 6G GTAW', 'PJ-005', '2023-07-01'),
('WK-046', 'Tạ Công Lộc', 'Welder', '6G SMAW, 6G GTAW', 'PJ-001', '2023-12-22'),
('WK-047', 'Ngô Hữu Vương', 'Welder', '6G SMAW, 6G GTAW', 'PJ-003', '2020-10-11'),
('WK-048', 'Phạm Thành Nghĩa', 'Welder', '6G SMAW, 6G GTAW', 'PJ-003', '2020-09-10'),
('WK-049', 'Bùi Hồng Khánh', 'Welder', '6G SMAW, 6G GTAW', 'PJ-002', '2020-09-05'),
('WK-050', 'Hồ Công Lộc', 'Welder', '6G SMAW, 6G GTAW', 'PJ-003', '2019-10-19'),
('WK-051', 'Đặng Thanh Hùng', 'Welder', '6G SMAW, 6G GTAW', 'PJ-003', '2021-10-20'),
('WK-052', 'Dương Xuân Tài', 'Welder', '6G SMAW, 6G GTAW', 'PJ-003', '2023-04-17'),
('WK-053', 'Huỳnh Công Cường', 'Welder', '6G SMAW, 6G GTAW', 'PJ-003', '2020-09-22'),
('WK-054', 'Bùi Hữu Hào', 'Welder', '6G SMAW, 6G GTAW', 'PJ-004', '2019-11-10'),
('WK-055', 'Phan Đức An', 'Welder', '6G SMAW, 6G GTAW', 'PJ-001', '2018-04-16'),
('WK-056', 'Lê Xuân Sơn', 'Welder', '6G SMAW, 6G GTAW', 'PJ-001', '2023-10-07'),
('WK-057', 'Hồ Xuân Quân', 'Welder', '6G SMAW, 6G GTAW', 'PJ-005', '2019-03-21'),
('WK-058', 'Phạm Tuấn Sơn', 'Welder', '6G SMAW, 6G GTAW', NULL, '2019-03-26'),
('WK-059', 'Đinh Hoàng Anh', 'Welder', '6G SMAW, 6G GTAW', 'PJ-001', '2022-04-28'),
('WK-060', 'Hoàng Tuấn Tài', 'Welder', '6G SMAW, 6G GTAW', 'PJ-002', '2023-09-18'),
('WK-061', 'Dương Trọng Hào', 'Pipefitter', 'Pipefitting Level 3, Hydrostatic Testing', 'PJ-003', '2023-09-14'),
('WK-062', 'Tạ Xuân Nghĩa', 'Pipefitter', 'Pipefitting Level 3, Hydrostatic Testing', 'PJ-001', '2019-12-28'),
('WK-063', 'Võ Tuấn Khoa', 'Pipefitter', 'Pipefitting Level 3, Hydrostatic Testing', 'PJ-004', '2023-05-25'),
('WK-064', 'Lý Công Khoa', 'Pipefitter', 'Pipefitting Level 3, Hydrostatic Testing', 'PJ-005', '2020-08-03'),
('WK-065', 'Vũ Thanh Nam', 'Pipefitter', 'Pipefitting Level 3, Hydrostatic Testing', 'PJ-003', '2020-09-03'),
('WK-066', 'Vũ Hồng Khánh', 'Pipefitter', 'Pipefitting Level 3, Hydrostatic Testing', 'PJ-002', '2019-12-07'),
('WK-067', 'Ngô Quốc Toàn', 'Pipefitter', 'Pipefitting Level 3, Hydrostatic Testing', 'PJ-003', '2021-07-02'),
('WK-068', 'Ngô Hồng Nghĩa', 'Pipefitter', 'Pipefitting Level 3, Hydrostatic Testing', 'PJ-001', '2022-12-01'),
('WK-069', 'Mai Hồng Thắng', 'Pipefitter', 'Pipefitting Level 3, Hydrostatic Testing', 'PJ-001', '2018-06-10'),
('WK-070', 'Ngô Ngọc Lộc', 'Pipefitter', 'Pipefitting Level 3, Hydrostatic Testing', 'PJ-005', '2023-09-26'),
('WK-071', 'Vũ Xuân Khoa', 'Pipefitter', 'Pipefitting Level 3, Hydrostatic Testing', 'PJ-004', '2020-07-16'),
('WK-072', 'Bùi Công Vương', 'Pipefitter', 'Pipefitting Level 3, Hydrostatic Testing', 'PJ-005', '2021-12-06'),
('WK-073', 'Hoàng Trọng Toàn', 'Pipefitter', 'Pipefitting Level 3, Hydrostatic Testing', 'PJ-002', '2018-07-19'),
('WK-074', 'Nguyễn Hữu Vinh', 'Pipefitter', 'Pipefitting Level 3, Hydrostatic Testing', 'PJ-002', '2021-03-28'),
('WK-075', 'Trần Thanh Quân', 'Pipefitter', 'Pipefitting Level 3, Hydrostatic Testing', 'PJ-005', '2020-04-15'),
('WK-076', 'Hồ Thanh Phúc', 'Pipefitter', 'Pipefitting Level 3, Hydrostatic Testing', 'PJ-001', '2021-05-27'),
('WK-077', 'Nguyễn Thành Toàn', 'Pipefitter', 'Pipefitting Level 3, Hydrostatic Testing', 'PJ-003', '2018-06-08'),
('WK-078', 'Trần Tuấn An', 'Pipefitter', 'Pipefitting Level 3, Hydrostatic Testing', 'PJ-002', '2019-04-27'),
('WK-079', 'Hoàng Minh Đạt', 'Pipefitter', 'Pipefitting Level 3, Hydrostatic Testing', 'PJ-001', '2021-11-04'),
('WK-080', 'Phan Xuân Khánh', 'Pipefitter', 'Pipefitting Level 3, Hydrostatic Testing', NULL, '2020-06-06'),
('WK-081', 'Phạm Tuấn Hào', 'Pipefitter', 'Pipefitting Level 3, Hydrostatic Testing', 'PJ-002', '2019-05-04'),
('WK-082', 'Đặng Trọng Vương', 'Pipefitter', 'Pipefitting Level 3, Hydrostatic Testing', 'PJ-003', '2021-07-23'),
('WK-083', 'Mai Thành Hào', 'Pipefitter', 'Pipefitting Level 3, Hydrostatic Testing', 'PJ-003', '2023-04-04'),
('WK-084', 'Đặng Anh Vương', 'Pipefitter', 'Pipefitting Level 3, Hydrostatic Testing', 'PJ-003', '2022-02-26'),
('WK-085', 'Trần Thu Thảo', 'Pipefitter', 'Pipefitting Level 3, Hydrostatic Testing', 'PJ-004', '2021-11-12'),
('WK-086', 'Bùi Văn Kiên', 'Pipefitter', 'Pipefitting Level 3, Hydrostatic Testing', 'PJ-001', '2021-08-04'),
('WK-087', 'Đỗ Công Nghĩa', 'Pipefitter', 'Pipefitting Level 3, Hydrostatic Testing', 'PJ-001', '2021-12-05'),
('WK-088', 'Đinh Công Long', 'Pipefitter', 'Pipefitting Level 3, Hydrostatic Testing', 'PJ-004', '2022-09-25'),
('WK-089', 'Ngô Anh Lộc', 'Pipefitter', 'Pipefitting Level 3, Hydrostatic Testing', 'PJ-003', '2022-05-11'),
('WK-090', 'Lê Thanh Nghĩa', 'Pipefitter', 'Pipefitting Level 3, Hydrostatic Testing', 'PJ-005', '2021-04-25'),
('WK-091', 'Tô Công Quân', 'Pipefitter', 'Pipefitting Level 3, Hydrostatic Testing', 'PJ-002', '2020-01-16'),
('WK-092', 'Huỳnh Xuân Hùng', 'Pipefitter', 'Pipefitting Level 3, Hydrostatic Testing', 'PJ-002', '2020-05-11'),
('WK-093', 'Tô Thành Nghĩa', 'Pipefitter', 'Pipefitting Level 3, Hydrostatic Testing', 'PJ-004', '2020-09-01'),
('WK-094', 'Phan Hữu Khoa', 'Pipefitter', 'Pipefitting Level 3, Hydrostatic Testing', 'PJ-003', '2023-07-16'),
('WK-095', 'Vũ Thành Thắng', 'Pipefitter', 'Pipefitting Level 3, Hydrostatic Testing', 'PJ-004', '2023-12-16'),
('WK-096', 'Nguyễn Hữu Minh', 'Pipefitter', 'Pipefitting Level 3, Hydrostatic Testing', 'PJ-002', '2019-07-23'),
('WK-097', 'Mai Quốc Thắng', 'Pipefitter', 'Pipefitting Level 3, Hydrostatic Testing', 'PJ-001', '2022-09-12'),
('WK-098', 'Tạ Quốc Phong', 'Pipefitter', 'Pipefitting Level 3, Hydrostatic Testing', 'PJ-005', '2023-08-09'),
('WK-099', 'Vũ Hữu Lộc', 'Pipefitter', 'Pipefitting Level 3, Hydrostatic Testing', 'PJ-003', '2019-06-04'),
('WK-100', 'Huỳnh Minh Hùng', 'Pipefitter', 'Pipefitting Level 3, Hydrostatic Testing', 'PJ-001', '2023-08-09'),
('WK-101', 'Đinh Trọng Minh', 'Structural Fitter', 'Structural Fitting Level 3, AWS D1.1', 'PJ-005', '2018-04-10'),
('WK-102', 'Huỳnh Thanh An', 'Structural Fitter', 'Structural Fitting Level 3, AWS D1.1', 'PJ-001', '2023-09-05'),
('WK-103', 'Trần Ngọc Minh', 'Structural Fitter', 'Structural Fitting Level 3, AWS D1.1', 'PJ-001', '2023-03-21'),
('WK-104', 'Lý Hữu Kiên', 'Structural Fitter', 'Structural Fitting Level 3, AWS D1.1', 'PJ-005', '2018-10-10'),
('WK-105', 'Dương Quốc Hải', 'Structural Fitter', 'Structural Fitting Level 3, AWS D1.1', 'PJ-003', '2018-05-28'),
('WK-106', 'Lê Hồng Thắng', 'Structural Fitter', 'Structural Fitting Level 3, AWS D1.1', 'PJ-003', '2018-10-21'),
('WK-107', 'Hoàng Đức Đức', 'Structural Fitter', 'Structural Fitting Level 3, AWS D1.1', 'PJ-003', '2022-05-03'),
('WK-108', 'Phạm Minh Ngọc', 'Structural Fitter', 'Structural Fitting Level 3, AWS D1.1', 'PJ-003', '2022-10-26'),
('WK-109', 'Đinh Hồng Tài', 'Structural Fitter', 'Structural Fitting Level 3, AWS D1.1', NULL, '2021-05-28'),
('WK-110', 'Ngô Thanh Trung', 'Structural Fitter', 'Structural Fitting Level 3, AWS D1.1', 'PJ-003', '2022-01-20'),
('WK-111', 'Phạm Ngọc Lan', 'Structural Fitter', 'Structural Fitting Level 3, AWS D1.1', 'PJ-005', '2020-11-03'),
('WK-112', 'Huỳnh Ngọc Cường', 'Structural Fitter', 'Structural Fitting Level 3, AWS D1.1', 'PJ-003', '2019-01-14'),
('WK-113', 'Tô Xuân Minh', 'Structural Fitter', 'Structural Fitting Level 3, AWS D1.1', 'PJ-001', '2018-04-10'),
('WK-114', 'Dương Hữu Vương', 'Structural Fitter', 'Structural Fitting Level 3, AWS D1.1', 'PJ-001', '2019-05-26'),
('WK-115', 'Mai Công Đức', 'Structural Fitter', 'Structural Fitting Level 3, AWS D1.1', 'PJ-005', '2019-07-04'),
('WK-116', 'Hoàng Bảo Long', 'Structural Fitter', 'Structural Fitting Level 3, AWS D1.1', 'PJ-003', '2019-02-02'),
('WK-117', 'Đặng Trọng Lộc', 'Structural Fitter', 'Structural Fitting Level 3, AWS D1.1', 'PJ-004', '2022-05-15'),
('WK-118', 'Đặng Thành Quân', 'Structural Fitter', 'Structural Fitting Level 3, AWS D1.1', 'PJ-003', '2020-09-18'),
('WK-119', 'Lê Trọng Bình', 'Structural Fitter', 'Structural Fitting Level 3, AWS D1.1', 'PJ-003', '2021-12-11'),
('WK-120', 'Nguyễn Hữu Khoa', 'Structural Fitter', 'Structural Fitting Level 3, AWS D1.1', 'PJ-001', '2023-10-19'),
('WK-121', 'Võ Minh Anh', 'Structural Fitter', 'Structural Fitting Level 3, AWS D1.1', 'PJ-002', '2019-08-17'),
('WK-122', 'Võ Đức Trung', 'Structural Fitter', 'Structural Fitting Level 3, AWS D1.1', 'PJ-002', '2021-11-27'),
('WK-123', 'Lê Xuân Phong', 'Structural Fitter', 'Structural Fitting Level 3, AWS D1.1', 'PJ-001', '2021-06-11'),
('WK-124', 'Huỳnh Quốc Sơn', 'Structural Fitter', 'Structural Fitting Level 3, AWS D1.1', 'PJ-002', '2023-08-10'),
('WK-125', 'Hồ Anh Phúc', 'Structural Fitter', 'Structural Fitting Level 3, AWS D1.1', 'PJ-005', '2022-01-15'),
('WK-126', 'Võ Quốc Dũng', 'Structural Fitter', 'Structural Fitting Level 3, AWS D1.1', 'PJ-003', '2021-09-27'),
('WK-127', 'Tạ Hoàng Ngọc', 'Structural Fitter', 'Structural Fitting Level 3, AWS D1.1', 'PJ-002', '2018-04-17'),
('WK-128', 'Lý Công Tài', 'Structural Fitter', 'Structural Fitting Level 3, AWS D1.1', 'PJ-002', '2018-04-09'),
('WK-129', 'Đặng Xuân Nghĩa', 'Structural Fitter', 'Structural Fitting Level 3, AWS D1.1', 'PJ-001', '2023-08-04'),
('WK-130', 'Tô Tuấn Khoa', 'Structural Fitter', 'Structural Fitting Level 3, AWS D1.1', 'PJ-003', '2023-03-10'),
('WK-131', 'Tạ Hồng Cường', 'Electrician', 'IEC 61439, Cable Termination Level 2', 'PJ-003', '2019-02-15'),
('WK-132', 'Hoàng Hoàng Linh', 'Electrician', 'IEC 61439, Cable Termination Level 2', 'PJ-001', '2022-12-09'),
('WK-133', 'Lý Xuân Khoa', 'Electrician', 'IEC 61439, Cable Termination Level 2', 'PJ-003', '2021-09-05'),
('WK-134', 'Tô Ngọc Lộc', 'Electrician', 'IEC 61439, Cable Termination Level 2', 'PJ-003', '2019-02-09'),
('WK-135', 'Ngô Quốc Tâm', 'Electrician', 'IEC 61439, Cable Termination Level 2', NULL, '2022-05-27'),
('WK-136', 'Đặng Anh Trung', 'Electrician', 'IEC 61439, Cable Termination Level 2', 'PJ-004', '2022-11-16'),
('WK-137', 'Dương Ngọc Thắng', 'Electrician', 'IEC 61439, Cable Termination Level 2', 'PJ-001', '2020-06-18'),
('WK-138', 'Hồ Xuân Tâm', 'Electrician', 'IEC 61439, Cable Termination Level 2', 'PJ-005', '2020-04-23'),
('WK-139', 'Hồ Minh Kiên', 'Electrician', 'IEC 61439, Cable Termination Level 2', 'PJ-004', '2021-01-11'),
('WK-140', 'Hồ Hồng Vương', 'Electrician', 'IEC 61439, Cable Termination Level 2', 'PJ-002', '2023-03-16'),
('WK-141', 'Hoàng Minh Trang', 'Electrician', 'IEC 61439, Cable Termination Level 2', 'PJ-001', '2020-02-28'),
('WK-142', 'Phạm Ngọc Tâm', 'Electrician', 'IEC 61439, Cable Termination Level 2', 'PJ-004', '2021-01-24'),
('WK-143', 'Hoàng Hữu Thắng', 'Electrician', 'IEC 61439, Cable Termination Level 2', 'PJ-001', '2020-06-20'),
('WK-144', 'Lê Anh Nam', 'Electrician', 'IEC 61439, Cable Termination Level 2', 'PJ-001', '2023-09-13'),
('WK-145', 'Lý Minh Anh', 'Electrician', 'IEC 61439, Cable Termination Level 2', 'PJ-003', '2022-02-08'),
('WK-146', 'Đặng Minh Lộc', 'Electrician', 'IEC 61439, Cable Termination Level 2', 'PJ-002', '2018-07-04'),
('WK-147', 'Phạm Xuân Hải', 'Electrician', 'IEC 61439, Cable Termination Level 2', 'PJ-004', '2023-05-01'),
('WK-148', 'Trần Thanh Phong', 'Electrician', 'IEC 61439, Cable Termination Level 2', 'PJ-001', '2020-07-05'),
('WK-149', 'Ngô Trọng Vương', 'Electrician', 'IEC 61439, Cable Termination Level 2', 'PJ-003', '2019-03-06'),
('WK-150', 'Hồ Trọng Vương', 'Electrician', 'IEC 61439, Cable Termination Level 2', 'PJ-001', '2019-08-19'),
('WK-151', 'Dương Công Long', 'Instrument Technician', 'ISA CCST Level II, Loop Testing', 'PJ-003', '2021-05-22'),
('WK-152', 'Dương Bảo Minh', 'Instrument Technician', 'ISA CCST Level II, Loop Testing', 'PJ-003', '2023-09-06'),
('WK-153', 'Đỗ Trọng Minh', 'Instrument Technician', 'ISA CCST Level II, Loop Testing', 'PJ-001', '2023-07-23'),
('WK-154', 'Đặng Minh Quân', 'Instrument Technician', 'ISA CCST Level II, Loop Testing', 'PJ-002', '2021-02-08'),
('WK-155', 'Đặng Văn Hào', 'Instrument Technician', 'ISA CCST Level II, Loop Testing', 'PJ-002', '2023-07-09'),
('WK-156', 'Trần Bảo Tuấn', 'Instrument Technician', 'ISA CCST Level II, Loop Testing', 'PJ-003', '2023-08-27'),
('WK-157', 'Đặng Ngọc Trang', 'Instrument Technician', 'ISA CCST Level II, Loop Testing', 'PJ-001', '2020-04-21'),
('WK-158', 'Võ Công Phúc', 'Instrument Technician', 'ISA CCST Level II, Loop Testing', 'PJ-003', '2023-11-22'),
('WK-159', 'Phạm Bảo Vinh', 'Instrument Technician', 'ISA CCST Level II, Loop Testing', 'PJ-005', '2023-01-10'),
('WK-160', 'Trần Trọng Phong', 'Instrument Technician', 'ISA CCST Level II, Loop Testing', NULL, '2023-03-03'),
('WK-161', 'Bùi Hoàng Hương', 'Instrument Technician', 'ISA CCST Level II, Loop Testing', 'PJ-002', '2019-03-26'),
('WK-162', 'Đỗ Ngọc Thiện', 'Instrument Technician', 'ISA CCST Level II, Loop Testing', 'PJ-005', '2020-03-09'),
('WK-163', 'Lý Thu Mai', 'Instrument Technician', 'ISA CCST Level II, Loop Testing', 'PJ-001', '2018-08-03'),
('WK-164', 'Vũ Anh Vương', 'Instrument Technician', 'ISA CCST Level II, Loop Testing', 'PJ-005', '2023-11-13'),
('WK-165', 'Tạ Thu Hà', 'Instrument Technician', 'ISA CCST Level II, Loop Testing', 'PJ-002', '2021-01-09'),
('WK-166', 'Dương Quốc Vương', 'Rigger / Crane Operator', 'LEEA Certified, Crane Operator License', 'PJ-005', '2023-11-09'),
('WK-167', 'Đỗ Hữu Vương', 'Rigger / Crane Operator', 'LEEA Certified, Crane Operator License', 'PJ-001', '2019-08-01'),
('WK-168', 'Tạ Quốc Tâm', 'Rigger / Crane Operator', 'LEEA Certified, Crane Operator License', 'PJ-001', '2022-04-21'),
('WK-169', 'Dương Bảo Khánh', 'Rigger / Crane Operator', 'LEEA Certified, Crane Operator License', 'PJ-002', '2020-11-14'),
('WK-170', 'Trần Văn Minh', 'Rigger / Crane Operator', 'LEEA Certified, Crane Operator License', 'PJ-004', '2021-02-04'),
('WK-171', 'Tạ Đức Quân', 'Rigger / Crane Operator', 'LEEA Certified, Crane Operator License', 'PJ-003', '2021-06-22'),
('WK-172', 'Tạ Hoàng Trang', 'Rigger / Crane Operator', 'LEEA Certified, Crane Operator License', 'PJ-001', '2023-12-05'),
('WK-173', 'Phạm Anh Thắng', 'Rigger / Crane Operator', 'LEEA Certified, Crane Operator License', 'PJ-003', '2022-07-09'),
('WK-174', 'Đỗ Minh Tài', 'Rigger / Crane Operator', 'LEEA Certified, Crane Operator License', NULL, '2021-04-28'),
('WK-175', 'Đỗ Ngọc Nghĩa', 'Rigger / Crane Operator', 'LEEA Certified, Crane Operator License', 'PJ-005', '2023-06-02'),
('WK-176', 'Phan Hữu Kiên', 'Rigger / Crane Operator', 'LEEA Certified, Crane Operator License', 'PJ-001', '2021-02-22'),
('WK-177', 'Tô Văn Bình', 'Rigger / Crane Operator', 'LEEA Certified, Crane Operator License', 'PJ-004', '2020-04-05'),
('WK-178', 'Phan Hữu Hào', 'Rigger / Crane Operator', 'LEEA Certified, Crane Operator License', NULL, '2022-04-19'),
('WK-179', 'Vũ Quốc Phúc', 'Rigger / Crane Operator', 'LEEA Certified, Crane Operator License', 'PJ-004', '2019-10-01'),
('WK-180', 'Hoàng Đức Toàn', 'Rigger / Crane Operator', 'LEEA Certified, Crane Operator License', 'PJ-003', '2020-03-04'),
('WK-181', 'Nguyễn Đức An', 'QC Inspector', 'CSWIP 3.1, NDT Level II (RT, UT, MT, PT)', 'PJ-001', '2020-04-19'),
('WK-182', 'Huỳnh Thanh Bình', 'QC Inspector', 'CSWIP 3.1, NDT Level II (RT, UT, MT, PT)', 'PJ-001', '2019-12-14'),
('WK-183', 'Lê Xuân Tài', 'QC Inspector', 'CSWIP 3.1, NDT Level II (RT, UT, MT, PT)', 'PJ-001', '2020-09-19'),
('WK-184', 'Đinh Minh Tuấn', 'QC Inspector', 'CSWIP 3.1, NDT Level II (RT, UT, MT, PT)', 'PJ-001', '2018-12-26'),
('WK-185', 'Đinh Thu Phương', 'QC Inspector', 'CSWIP 3.1, NDT Level II (RT, UT, MT, PT)', 'PJ-001', '2023-01-02'),
('WK-186', 'Hồ Hoàng Hà', 'QC Inspector', 'CSWIP 3.1, NDT Level II (RT, UT, MT, PT)', 'PJ-003', '2021-12-15'),
('WK-187', 'Lê Quốc Tuấn', 'QC Inspector', 'CSWIP 3.1, NDT Level II (RT, UT, MT, PT)', 'PJ-004', '2019-02-05'),
('WK-188', 'Mai Ngọc Khánh', 'QC Inspector', 'CSWIP 3.1, NDT Level II (RT, UT, MT, PT)', 'PJ-001', '2020-07-20'),
('WK-189', 'Dương Ngọc Tuấn', 'QC Inspector', 'CSWIP 3.1, NDT Level II (RT, UT, MT, PT)', 'PJ-003', '2021-02-26'),
('WK-190', 'Tạ Thành Kiên', 'QC Inspector', 'CSWIP 3.1, NDT Level II (RT, UT, MT, PT)', 'PJ-005', '2019-07-15'),
('WK-191', 'Ngô Quốc Hào', 'Painter', 'NACE CIP Level 2, SSPC-SP10', 'PJ-001', '2021-07-14'),
('WK-192', 'Bùi Hồng Nam', 'Painter', 'NACE CIP Level 2, SSPC-SP10', 'PJ-005', '2023-05-12'),
('WK-193', 'Lý Thị Hà', 'Painter', 'NACE CIP Level 2, SSPC-SP10', 'PJ-001', '2018-02-14'),
('WK-194', 'Đỗ Tuấn Đạt', 'Painter', 'NACE CIP Level 2, SSPC-SP10', 'PJ-001', '2022-01-19'),
('WK-195', 'Ngô Thu Ngọc', 'Painter', 'NACE CIP Level 2, SSPC-SP10', 'PJ-002', '2023-01-10'),
('WK-196', 'Đỗ Hữu Trung', 'Painter', 'NACE CIP Level 2, SSPC-SP10', 'PJ-002', '2022-04-05'),
('WK-197', 'Vũ Anh Dũng', 'Painter', 'NACE CIP Level 2, SSPC-SP10', 'PJ-005', '2020-09-12'),
('WK-198', 'Võ Trọng Khoa', 'Painter', 'NACE CIP Level 2, SSPC-SP10', 'PJ-001', '2021-09-25'),
('WK-199', 'Tô Công Vinh', 'Painter', 'NACE CIP Level 2, SSPC-SP10', 'PJ-001', '2022-01-20'),
('WK-200', 'Võ Thị Hương', 'Painter', 'NACE CIP Level 2, SSPC-SP10', 'PJ-005', '2020-12-25');

