-- ============================================================================
-- SASCO Demo Database - Master Data
-- Mo ta: INSERT dimension tables (terminals, business_lines, locations, lounges,
--         nationality_groups, product_categories, products)
-- ============================================================================

USE sasco_demo;

-- ============================================================================
-- terminals (5 records)
-- ============================================================================
INSERT INTO terminals (terminal_id, terminal_name, terminal_code, airport_name, airport_code, terminal_type, is_active, open_date) VALUES
(1, 'Nhà ga T1 Quốc nội', 'T1', 'Tân Sơn Nhất', 'SGN', 'Noi dia', TRUE, '1993-01-01'),
(2, 'Nhà ga T2 Quốc tế', 'T2', 'Tân Sơn Nhất', 'SGN', 'Quoc te', TRUE, '2007-01-01'),
(3, 'Nhà ga T3', 'T3', 'Tân Sơn Nhất', 'SGN', 'Hon hop', TRUE, '2025-04-01'),
(4, 'Nhà ga Quốc tế Cam Ranh', 'CR', 'Cam Ranh', 'CXR', 'Quoc te', TRUE, '2018-06-01'),
(5, 'Nhà ga Phú Quốc', 'PQ', 'Phú Quốc', 'PQC', 'Hon hop', TRUE, '2024-11-01');

-- ============================================================================
-- business_lines (4 records)
-- ============================================================================
INSERT INTO business_lines (business_line_id, business_line_name, business_line_code, description) VALUES
(1, 'Phòng chờ thương gia', 'LOUNGE', 'Dịch vụ phòng chờ cao cấp tại sân bay, bao gồm Lotus Lounge và The SENS. Biên lợi nhuận ~80%.'),
(2, 'Cửa hàng miễn thuế', 'DUTY_FREE', 'Bán hàng miễn thuế tại khu vực quốc tế: mỹ phẩm, rượu, thời trang, đặc sản. Biên lợi nhuận ~67%.'),
(3, 'Nhà hàng, café & bán lẻ', 'FNB_RETAIL', 'Chuỗi nhà hàng, café, cửa hàng bán lẻ trong sân bay. Biên lợi nhuận ~75%.'),
(4, 'Dịch vụ sân bay khác', 'OTHER_SVC', 'Spa, thu đổi ngoại tệ, limousine, hỗ trợ hành khách VIP.');

-- ============================================================================
-- locations (37 records)
-- ============================================================================

-- Phong cho (15)
INSERT INTO locations (location_id, location_name, location_code, terminal_id, business_line_id, location_type, floor_area_sqm, capacity, open_date, is_active) VALUES
(101, 'Lotus Lounge Quốc tế 1 (T2)', 'LLI1_T2', 2, 1, 'Phòng chờ', 450.00, 120, '2016-01-01', TRUE),
(102, 'Lotus Lounge Quốc tế 2 (T2)', 'LLI2_T2', 2, 1, 'Phòng chờ', 380.00, 100, '2018-06-01', TRUE),
(103, 'Lotus Lounge Quốc tế 3 (T2)', 'LLI3_T2', 2, 1, 'Phòng chờ', 300.00, 80, '2019-03-01', TRUE),
(104, 'The SENS Business Lounge (T2)', 'SENS_T2', 2, 1, 'Phòng chờ', 350.00, 90, '2020-01-01', TRUE),
(105, 'Lotus Lounge Quốc nội 1 (T1)', 'LLD1_T1', 1, 1, 'Phòng chờ', 380.00, 100, '2016-01-01', TRUE),
(106, 'Lotus Lounge Quốc nội 2 (T1)', 'LLD2_T1', 1, 1, 'Phòng chờ', 300.00, 80, '2017-06-01', TRUE),
(107, 'Lotus Lounge Quốc nội 3 (T1)', 'LLD3_T1', 1, 1, 'Phòng chờ', 220.00, 60, '2019-09-01', TRUE),
(108, 'Lotus Lounge Quốc nội 4 (T1)', 'LLD4_T1', 1, 1, 'Phòng chờ', 260.00, 70, '2021-01-01', TRUE),
(109, 'Lotus Lounge Quốc nội 5 (T1)', 'LLD5_T1', 1, 1, 'Phòng chờ', 220.00, 60, '2022-06-01', TRUE),
(110, 'Lotus Lounge Quốc nội 6 (T1)', 'LLD6_T1', 1, 1, 'Phòng chờ', 180.00, 50, '2023-01-01', TRUE),
(111, 'Lotus Lounge T3', 'LL_T3', 3, 1, 'Phòng chờ', 420.00, 110, '2025-04-01', TRUE),
(112, 'The SENS Business Lounge T3', 'SENS_T3', 3, 1, 'Phòng chờ', 350.00, 90, '2025-04-01', TRUE),
(113, 'Lotus Lounge Cam Ranh 1', 'LL1_CR', 4, 1, 'Phòng chờ', 220.00, 60, '2018-06-01', TRUE),
(114, 'Lotus Lounge Cam Ranh 2', 'LL2_CR', 4, 1, 'Phòng chờ', 180.00, 50, '2020-01-01', TRUE),
(115, 'The SENS Leisure Lounge Phú Quốc', 'SENS_PQ', 5, 1, 'Phòng chờ', 200.00, 50, '2024-11-01', TRUE);

-- Cua hang mien thue (5)
INSERT INTO locations (location_id, location_name, location_code, terminal_id, business_line_id, location_type, floor_area_sqm, capacity, open_date, is_active) VALUES
(201, 'SASCO Duty Free Quốc tế 1 (T2)', 'DF1_T2', 2, 2, 'Cửa hàng miễn thuế', 600.00, NULL, '2010-01-01', TRUE),
(202, 'SASCO Duty Free Quốc tế 2 (T2)', 'DF2_T2', 2, 2, 'Cửa hàng miễn thuế', 450.00, NULL, '2014-01-01', TRUE),
(203, 'SASCO Duty Free Quốc tế 3 (T2)', 'DF3_T2', 2, 2, 'Cửa hàng miễn thuế', 350.00, NULL, '2018-01-01', TRUE),
(204, 'SASCO Duty Free T3', 'DF_T3', 3, 2, 'Cửa hàng miễn thuế', 500.00, NULL, '2025-04-01', TRUE),
(205, 'SASCO Duty Free Cam Ranh', 'DF_CR', 4, 2, 'Cửa hàng miễn thuế', 250.00, NULL, '2018-06-01', TRUE);

-- F&B & Ban le (12)
INSERT INTO locations (location_id, location_name, location_code, terminal_id, business_line_id, location_type, floor_area_sqm, capacity, open_date, is_active) VALUES
(301, 'Phở Sen (T2)', 'PS_T2', 2, 3, 'Nhà hàng', 180.00, 60, '2015-01-01', TRUE),
(302, 'The Phoenix (T2)', 'PHX_T2', 2, 3, 'Nhà hàng', 250.00, 80, '2016-06-01', TRUE),
(303, 'Cuisine de Saigon (T2)', 'CDS_T2', 2, 3, 'Nhà hàng', 200.00, 70, '2017-01-01', TRUE),
(304, '+84 Café & Eatery (T2)', 'C84_T2', 2, 3, 'Café', 120.00, 40, '2019-01-01', TRUE),
(305, 'Fresh2Go (T1)', 'F2G_T1', 1, 3, 'Café', 80.00, 30, '2018-01-01', TRUE),
(306, 'SASCO Shop (T2)', 'SS_T2', 2, 3, 'Shop bán lẻ', 150.00, NULL, '2012-01-01', TRUE),
(307, 'SASCO Souvenir Shop (T2)', 'SSS_T2', 2, 3, 'Shop bán lẻ', 100.00, NULL, '2016-01-01', TRUE),
(308, 'Phở Sen T3', 'PS_T3', 3, 3, 'Nhà hàng', 200.00, 70, '2025-04-01', TRUE),
(309, '+84 Café T3', 'C84_T3', 3, 3, 'Café', 130.00, 45, '2025-04-01', TRUE),
(310, 'SASCO Shop T3', 'SS_T3', 3, 3, 'Shop bán lẻ', 160.00, NULL, '2025-04-01', TRUE),
(311, 'SASCO Souvenir Shop T3', 'SSS_T3', 3, 3, 'Shop bán lẻ', 90.00, NULL, '2025-04-01', TRUE),
(312, 'Big Bowl (T1)', 'BB_T1', 1, 3, 'Nhà hàng', 150.00, 50, '2020-01-01', TRUE);

-- Dich vu khac (5)
INSERT INTO locations (location_id, location_name, location_code, terminal_id, business_line_id, location_type, floor_area_sqm, capacity, open_date, is_active) VALUES
(401, 'SASCO Spa & Massage (T2)', 'SPA_T2', 2, 4, 'Spa', 120.00, 10, '2017-01-01', TRUE),
(402, 'Thu đổi ngoại tệ (T2)', 'FX_T2', 2, 4, 'Thu đổi ngoại tệ', 30.00, NULL, '2010-01-01', TRUE),
(403, 'Dịch vụ Limousine', 'LIMO', 2, 4, 'Vận chuyển', NULL, NULL, '2015-01-01', TRUE),
(404, 'Dịch vụ hỗ trợ hành khách VIP (T2)', 'VIP_T2', 2, 4, 'Hỗ trợ VIP', 80.00, NULL, '2016-01-01', TRUE),
(405, 'Dịch vụ hỗ trợ hành khách T3', 'VIP_T3', 3, 4, 'Hỗ trợ VIP', 60.00, NULL, '2025-04-01', TRUE);

-- ============================================================================
-- lounges (15 records)
-- ============================================================================
INSERT INTO lounges (lounge_id, lounge_type, brand, max_capacity_per_hour, base_price_vnd) VALUES
(101, 'Quoc te', 'Lotus Lounge', 100, 650000),
(102, 'Quoc te', 'Lotus Lounge', 85, 650000),
(103, 'Quoc te', 'Lotus Lounge', 65, 650000),
(104, 'Quoc te', 'The SENS', 75, 850000),
(105, 'Noi dia', 'Lotus Lounge', 85, 380000),
(106, 'Noi dia', 'Lotus Lounge', 65, 380000),
(107, 'Noi dia', 'Lotus Lounge', 50, 380000),
(108, 'Noi dia', 'Lotus Lounge', 55, 380000),
(109, 'Noi dia', 'Lotus Lounge', 50, 380000),
(110, 'Noi dia', 'Lotus Lounge', 40, 380000),
(111, 'Hon hop', 'Lotus Lounge', 90, 550000),
(112, 'Hon hop', 'The SENS', 75, 750000),
(113, 'Quoc te', 'Lotus Lounge', 50, 550000),
(114, 'Quoc te', 'Lotus Lounge', 40, 550000),
(115, 'Hon hop', 'The SENS', 40, 600000);

-- ============================================================================
-- nationality_groups (13 records, including id=0 for domestic)
-- ============================================================================
INSERT INTO nationality_groups (nationality_group_id, nationality_name, nationality_name_en, region, avg_spend_per_pax_vnd, pax_share_pct) VALUES
(0, 'Nội địa Việt Nam', 'Domestic Vietnam', 'Việt Nam', 0, 0.00),
(1, 'Hàn Quốc', 'South Korea', 'Đông Bắc Á', 850000, 28.00),
(2, 'Trung Quốc', 'China', 'Đông Bắc Á', 550000, 18.00),
(3, 'Đài Loan', 'Taiwan', 'Đông Bắc Á', 450000, 6.00),
(4, 'Nhật Bản', 'Japan', 'Đông Bắc Á', 700000, 5.00),
(5, 'Mỹ', 'United States', 'Âu Mỹ', 600000, 4.00),
(6, 'Ấn Độ', 'India', 'Nam Á', 280000, 5.00),
(7, 'Malaysia', 'Malaysia', 'Đông Nam Á', 250000, 3.00),
(8, 'Úc', 'Australia', 'Âu Mỹ', 500000, 2.50),
(9, 'Campuchia', 'Cambodia', 'Đông Nam Á', 180000, 3.00),
(10, 'Thái Lan', 'Thailand', 'Đông Nam Á', 200000, 2.50),
(11, 'Châu Âu khác', 'Other Europe', 'Âu Mỹ', 520000, 8.00),
(12, 'Khác', 'Others', 'Khác', 300000, 15.00);

-- ============================================================================
-- product_categories (25 records)
-- ============================================================================

-- Mien thue (business_line_id=2)
INSERT INTO product_categories (category_id, category_name, business_line_id, parent_category_id) VALUES
(10, 'Mỹ phẩm & Nước hoa', 2, NULL),
(11, 'Nước hoa cao cấp', 2, 10),
(12, 'Mỹ phẩm & Skincare', 2, 10),
(20, 'Rượu & Thuốc lá', 2, NULL),
(21, 'Rượu vang & Champagne', 2, 20),
(22, 'Rượu mạnh', 2, 20),
(23, 'Thuốc lá', 2, 20),
(30, 'Thời trang & Phụ kiện', 2, NULL),
(31, 'Kính mắt', 2, 30),
(32, 'Đồng hồ', 2, 30),
(33, 'Túi xách & Ví', 2, 30),
(40, 'Đặc sản & Quà tặng', 2, NULL),
(41, 'Đặc sản vùng miền', 2, 40),
(42, 'Trà & Cà phê', 2, 40),
(43, 'Gia vị', 2, 40),
(44, 'Hàng thủ công mỹ nghệ', 2, 40),
(50, 'Bánh kẹo & Chocolate', 2, NULL),
(60, 'Điện tử & Phụ kiện', 2, NULL);

-- F&B (business_line_id=3)
INSERT INTO product_categories (category_id, category_name, business_line_id, parent_category_id) VALUES
(70, 'Phở & Món Việt', 3, NULL),
(71, 'Món Á', 3, NULL),
(72, 'Món Âu', 3, NULL),
(73, 'Café & Đồ uống', 3, NULL),
(74, 'Ăn nhanh & Snack', 3, NULL);

-- Phong cho (business_line_id=1)
INSERT INTO product_categories (category_id, category_name, business_line_id, parent_category_id) VALUES
(80, 'Dịch vụ phòng chờ tiêu chuẩn', 1, NULL),
(81, 'Dịch vụ phòng chờ VIP', 1, NULL),
(82, 'Gói dịch vụ đặc biệt', 1, NULL);

-- Dich vu khac (business_line_id=4)
INSERT INTO product_categories (category_id, category_name, business_line_id, parent_category_id) VALUES
(90, 'Spa & Massage', 4, NULL),
(91, 'Thu đổi ngoại tệ', 4, NULL),
(92, 'Vận chuyển (Limousine)', 4, NULL),
(93, 'Hỗ trợ hành khách VIP', 4, NULL);
-- Total products: 317

-- ============================================================================
-- Products (~317 SKU)
-- ============================================================================

INSERT INTO products (product_id, product_name, product_code, category_id, unit_price_vnd, cost_price_vnd, is_active, popularity_weight, nationality_preference) VALUES
(1000, 'Nước hoa Chanel No.5 100ml', 'PF0001', 11, 3200000, 1056000, TRUE, 0.1893, '[1,3,4]'),
(1001, 'Nước hoa Chanel Coco Mademoiselle 50ml', 'PF0002', 11, 2800000, 924000, TRUE, 0.0876, '[1,3,4]'),
(1002, 'Nước hoa Dior J''adore 50ml', 'PF0003', 11, 2500000, 825000, TRUE, 0.0656, '[1,3,4,11]'),
(1003, 'Nước hoa Dior Sauvage EDT 100ml', 'PF0004', 11, 2700000, 891000, TRUE, 0.0545, '[1,4,5,11]'),
(1004, 'Nước hoa Gucci Bloom 50ml', 'PF0005', 11, 2300000, 759000, TRUE, 0.0537, '[1,3]'),
(1005, 'Nước hoa Gucci Guilty 75ml', 'PF0006', 11, 2400000, 792000, TRUE, 0.0416, '[1,5]'),
(1006, 'Nước hoa Lancôme La Vie Est Belle 75ml', 'PF0007', 11, 2600000, 858000, TRUE, 0.0372, '[1,3,11]'),
(1007, 'Nước hoa YSL Black Opium 50ml', 'PF0008', 11, 2200000, 726000, TRUE, 0.0351, '[1,3,4]'),
(1008, 'Nước hoa Versace Eros 100ml', 'PF0009', 11, 1800000, 594000, TRUE, 0.0328, '[5,11]'),
(1009, 'Nước hoa Burberry Her 50ml', 'PF0010', 11, 1900000, 627000, TRUE, 0.0320, '[1,11]'),
(1010, 'Nước hoa Jo Malone English Pear 30ml', 'PF0011', 11, 1600000, 528000, TRUE, 0.0296, '[4,8]'),
(1011, 'Nước hoa Tom Ford Black Orchid 50ml', 'PF0012', 11, 3800000, 1254000, TRUE, 0.0287, '[1,5,8]'),
(1012, 'Nước hoa Hermès Terre d''Hermès 75ml', 'PF0013', 11, 2900000, 957000, TRUE, 0.0264, '[5,11]'),
(1013, 'Nước hoa Prada Luna Rossa 100ml', 'PF0014', 11, 2100000, 693000, TRUE, 0.0246, '[11]'),
(1014, 'Nước hoa Dolce&Gabbana Light Blue 100ml', 'PF0015', 11, 1700000, 561000, TRUE, 0.0216, '[5,11]'),
(1015, 'Nước hoa Calvin Klein CK One 200ml', 'PF0016', 11, 1200000, 396000, TRUE, 0.0194, '[5,7,10]'),
(1016, 'Nước hoa Bulgari Omnia 65ml', 'PF0017', 11, 1500000, 495000, TRUE, 0.0193, '[3,4]'),
(1017, 'Nước hoa Marc Jacobs Daisy 75ml', 'PF0018', 11, 1400000, 462000, TRUE, 0.0179, '[1,3]'),
(1018, 'Nước hoa Givenchy L''Interdit 50ml', 'PF0019', 11, 2000000, 660000, TRUE, 0.0169, '[1,11]'),
(1019, 'Nước hoa Armani Sì 50ml', 'PF0020', 11, 2100000, 693000, TRUE, 0.0169, '[1,3,11]'),
(1020, 'Nước hoa Valentino Donna Born In Roma 50ml', 'PF0021', 11, 2300000, 759000, TRUE, 0.0168, '[1,11]'),
(1021, 'Nước hoa Montblanc Explorer 100ml', 'PF0022', 11, 1300000, 429000, TRUE, 0.0165, '[5,11]'),
(1022, 'Nước hoa Hugo Boss Bottled 100ml', 'PF0023', 11, 1100000, 363000, TRUE, 0.0158, '[5,7,11]'),
(1023, 'Nước hoa Chloé Eau de Parfum 50ml', 'PF0024', 11, 1800000, 594000, TRUE, 0.0149, '[1,3,4]'),
(1024, 'Nước hoa Thierry Mugler Angel 50ml', 'PF0025', 11, 1900000, 627000, TRUE, 0.0148, '[11]'),
(1025, 'Nước hoa Carolina Herrera Good Girl 50ml', 'PF0026', 11, 2000000, 660000, TRUE, 0.0148, '[1,5]'),
(1026, 'Nước hoa Narciso Rodriguez For Her 50ml', 'PF0027', 11, 1700000, 561000, TRUE, 0.0140, '[4,1]'),
(1027, 'Nước hoa Issey Miyake L''Eau d''Issey 50ml', 'PF0028', 11, 1500000, 495000, TRUE, 0.0140, '[4]'),
(1028, 'Nước hoa Kenzo Flower 50ml', 'PF0029', 11, 1300000, 429000, TRUE, 0.0140, '[4,3]'),
(1029, 'Nước hoa Ferragamo Signorina 50ml', 'PF0030', 11, 1200000, 396000, TRUE, 0.0138, '[3]'),
(1030, 'Kem dưỡng SK-II Facial Treatment Essence 75ml', 'SK0031', 12, 3500000, 1155000, TRUE, 0.2350, '[1,3,4]'),
(1031, 'Kem dưỡng Estée Lauder Advanced Night Repair 50ml', 'SK0032', 12, 2800000, 924000, TRUE, 0.1150, '[1,3,4]'),
(1032, 'Son MAC Ruby Woo', 'SK0033', 12, 650000, 214500, TRUE, 0.0600, '[1,3,2]'),
(1033, 'Son YSL Rouge Pur Couture', 'SK0034', 12, 850000, 280500, TRUE, 0.0504, '[1,3]'),
(1034, 'Son Dior Addict Lip Glow', 'SK0035', 12, 950000, 313500, TRUE, 0.0455, '[1,3,4]'),
(1035, 'Kem chống nắng La Roche-Posay Anthelios 50ml', 'SK0036', 12, 550000, 181500, TRUE, 0.0343, '[1,4,8]'),
(1036, 'Sữa rửa mặt Shiseido Senka 120g', 'SK0037', 12, 280000, 92400, TRUE, 0.0343, '[1,4,3]'),
(1037, 'Mặt nạ Innisfree Jeju Volcanic (bộ 10)', 'SK0038', 12, 350000, 115500, TRUE, 0.0319, '[1,2]'),
(1038, 'Set dưỡng da Laneige Water Sleeping Mask', 'SK0039', 12, 680000, 224400, TRUE, 0.0276, '[1,3]'),
(1039, 'Kem mắt Clinique All About Eyes 15ml', 'SK0040', 12, 780000, 257400, TRUE, 0.0268, '[1,5,8]'),
(1040, 'Phấn Chanel Les Beiges Healthy Glow', 'SK0041', 12, 1500000, 495000, TRUE, 0.0258, '[1,3]'),
(1041, 'Mascara Lancôme Hypnôse', 'SK0042', 12, 780000, 257400, TRUE, 0.0252, '[1,3,11]'),
(1042, 'Serum Vichy Minéral 89 50ml', 'SK0043', 12, 650000, 214500, TRUE, 0.0237, '[1,11]'),
(1043, 'Kem nền Giorgio Armani Luminous Silk', 'SK0044', 12, 1400000, 462000, TRUE, 0.0225, '[1,3]'),
(1044, 'Set trang điểm Charlotte Tilbury Pillow Talk', 'SK0045', 12, 1200000, 396000, TRUE, 0.0219, '[1,5,8]'),
(1045, 'Dầu tẩy trang DHC Deep Cleansing Oil 200ml', 'SK0046', 12, 450000, 148500, TRUE, 0.0172, '[4,1]'),
(1046, 'Kem dưỡng Sulwhasoo Concentrated Ginseng 60ml', 'SK0047', 12, 4200000, 1386000, TRUE, 0.0172, '[1,2]'),
(1047, 'Toner Hada Labo Gokujyun 170ml', 'SK0048', 12, 320000, 105600, TRUE, 0.0170, '[4,1]'),
(1048, 'BB Cream Missha M Perfect Cover', 'SK0049', 12, 380000, 125400, TRUE, 0.0168, '[1,2]'),
(1049, 'Serum The Ordinary Niacinamide 10% 30ml', 'SK0050', 12, 280000, 92400, TRUE, 0.0153, '[5,8,11]');

INSERT INTO products (product_id, product_name, product_code, category_id, unit_price_vnd, cost_price_vnd, is_active, popularity_weight, nationality_preference) VALUES
(1050, 'Son Charlotte Tilbury Matte Revolution', 'SK0051', 12, 850000, 280500, TRUE, 0.0151, '[5,8,1]'),
(1051, 'Cushion Laneige Neo Cushion Matte', 'SK0052', 12, 720000, 237600, TRUE, 0.0150, '[1,3]'),
(1052, 'Kem dưỡng Kiehl''s Ultra Facial Cream 50ml', 'SK0053', 12, 780000, 257400, TRUE, 0.0144, '[5,8]'),
(1053, 'Set chăm sóc da Aesop Departure Kit', 'SK0054', 12, 1200000, 396000, TRUE, 0.0143, '[8,5]'),
(1054, 'Sữa tắm Molton Brown 300ml', 'SK0055', 12, 850000, 280500, TRUE, 0.0140, '[8,11]'),
(1055, 'Kem body Byredo Gypsy Water 200ml', 'SK0056', 12, 1500000, 495000, TRUE, 0.0135, '[5,8,11]'),
(1056, 'Nước tẩy trang Bioderma Sensibio 500ml', 'SK0057', 12, 380000, 125400, TRUE, 0.0134, '[11]'),
(1057, 'Set mini nước hoa Chanel (4x7.5ml)', 'SK0058', 12, 2200000, 726000, TRUE, 0.0126, '[1,3,4]'),
(1058, 'Son Hermès Rouge à Lèvres Satin', 'SK0059', 12, 1600000, 528000, TRUE, 0.0124, '[1,5]'),
(1059, 'Phấn highlight Dior Backstage Glow Face', 'SK0060', 12, 1100000, 363000, TRUE, 0.0120, '[1,3]'),
(1060, 'Champagne Moët & Chandon Impérial 750ml', 'WN0061', 21, 1200000, 396000, TRUE, 0.5176, '[1,5,11]'),
(1061, 'Champagne Dom Pérignon Vintage 750ml', 'WN0062', 21, 6500000, 2145000, TRUE, 0.1260, '[1,5,11]'),
(1062, 'Champagne Veuve Clicquot Yellow Label 750ml', 'WN0063', 21, 1350000, 445500, TRUE, 0.0662, '[5,11]'),
(1063, 'Rượu vang đỏ Penfolds Bin 389 750ml', 'WN0064', 21, 1100000, 363000, TRUE, 0.0542, '[8,5]'),
(1064, 'Rượu vang đỏ Château Margaux 2015 750ml', 'WN0065', 21, 8500000, 2805000, TRUE, 0.0403, '[5,11]'),
(1065, 'Rượu vang đỏ Opus One 2018 750ml', 'WN0066', 21, 12000000, 3960000, TRUE, 0.0303, '[5,1]'),
(1066, 'Rượu vang trắng Cloudy Bay Sauvignon 750ml', 'WN0067', 21, 650000, 214500, TRUE, 0.0282, '[8,5]'),
(1067, 'Rượu vang đỏ Tignanello 2019 750ml', 'WN0068', 21, 2800000, 924000, TRUE, 0.0272, '[11]'),
(1068, 'Champagne Laurent-Perrier Rosé 750ml', 'WN0069', 21, 1800000, 594000, TRUE, 0.0228, '[1,11]'),
(1069, 'Rượu vang đỏ Casillero del Diablo 750ml', 'WN0070', 21, 350000, 115500, TRUE, 0.0159, '[5,7,10]'),
(1070, 'Rượu vang Prosecco DOC 750ml', 'WN0071', 21, 420000, 138600, TRUE, 0.0159, '[11,5]'),
(1071, 'Rượu vang đỏ Yellow Tail Shiraz 750ml', 'WN0072', 21, 280000, 92400, TRUE, 0.0150, '[8]'),
(1072, 'Champagne Perrier-Jouët Belle Époque 750ml', 'WN0073', 21, 4500000, 1485000, TRUE, 0.0144, '[1,5,11]'),
(1073, 'Rượu vang đỏ Robert Mondavi Napa 750ml', 'WN0074', 21, 950000, 313500, TRUE, 0.0141, '[5]'),
(1074, 'Rượu vang Ice Wine Inniskillin 375ml', 'WN0075', 21, 1200000, 396000, TRUE, 0.0119, '[1,2]'),
(1075, 'Rượu Hennessy VSOP 700ml', 'SP0076', 22, 1350000, 445500, TRUE, 0.8223, '[2,1]'),
(1076, 'Rượu Hennessy XO 700ml', 'SP0077', 22, 3800000, 1254000, TRUE, 0.0428, '[2,1]'),
(1077, 'Rượu Johnnie Walker Blue Label 750ml', 'SP0078', 22, 4500000, 1485000, TRUE, 0.0369, '[1,2,5]'),
(1078, 'Rượu Johnnie Walker Black Label 750ml', 'SP0079', 22, 850000, 280500, TRUE, 0.0115, '[1,2,7,10]'),
(1079, 'Rượu Chivas Regal 18 700ml', 'SP0080', 22, 1200000, 396000, TRUE, 0.0109, '[1,2]'),
(1080, 'Rượu Macallan 12 Years 700ml', 'SP0081', 22, 1500000, 495000, TRUE, 0.0100, '[1,5,8]'),
(1081, 'Rượu Jack Daniel''s Old No.7 700ml', 'SP0082', 22, 650000, 214500, TRUE, 0.0092, '[5,7]'),
(1082, 'Rượu Mao Đài Quý Châu 500ml', 'SP0083', 22, 3200000, 1056000, TRUE, 0.0084, '[2]'),
(1083, 'Rượu Sake Dassai 45 720ml', 'SP0084', 22, 850000, 280500, TRUE, 0.0084, '[4]'),
(1084, 'Rượu Vodka Grey Goose 750ml', 'SP0085', 22, 750000, 247500, TRUE, 0.0071, '[5,11]'),
(1085, 'Rượu Bombay Sapphire Gin 750ml', 'SP0086', 22, 550000, 181500, TRUE, 0.0071, '[5,8,11]'),
(1086, 'Rượu Rémy Martin XO 700ml', 'SP0087', 22, 4200000, 1386000, TRUE, 0.0070, '[2,1]'),
(1087, 'Rượu Glenfiddich 15 Years 700ml', 'SP0088', 22, 1300000, 429000, TRUE, 0.0068, '[5,8]'),
(1088, 'Rượu Baileys Irish Cream 700ml', 'SP0089', 22, 450000, 148500, TRUE, 0.0060, '[5,11,7]'),
(1089, 'Rượu Patron Silver Tequila 750ml', 'SP0090', 22, 1100000, 363000, TRUE, 0.0057, '[5]'),
(1090, 'Thuốc lá Marlboro Gold (1 tút)', 'TB0091', 23, 380000, 125400, TRUE, 0.7320, NULL),
(1091, 'Thuốc lá Dunhill Fine Cut (1 tút)', 'TB0092', 23, 420000, 138600, TRUE, 0.1372, '[11]'),
(1092, 'Thuốc lá 555 Gold (1 tút)', 'TB0093', 23, 350000, 115500, TRUE, 0.0370, '[7,10]'),
(1093, 'Thuốc lá Mild Seven/Mevius (1 tút)', 'TB0094', 23, 380000, 125400, TRUE, 0.0265, '[4]'),
(1094, 'Thuốc lá Camel (1 tút)', 'TB0095', 23, 350000, 115500, TRUE, 0.0163, '[5]'),
(1095, 'Thuốc lá Winston (1 tút)', 'TB0096', 23, 320000, 105600, TRUE, 0.0134, NULL),
(1096, 'Thuốc lá Lucky Strike (1 tút)', 'TB0097', 23, 330000, 108900, TRUE, 0.0113, NULL),
(1097, 'Thuốc lá Kent (1 tút)', 'TB0098', 23, 360000, 118800, TRUE, 0.0107, '[11]'),
(1098, 'Xì gà Cohiba Robusto (hộp 5)', 'TB0099', 23, 2500000, 825000, TRUE, 0.0079, '[5,11]'),
(1099, 'Xì gà Montecristo No.4 (hộp 5)', 'TB0100', 23, 1800000, 594000, TRUE, 0.0076, '[5,11]');

INSERT INTO products (product_id, product_name, product_code, category_id, unit_price_vnd, cost_price_vnd, is_active, popularity_weight, nationality_preference) VALUES
(1100, 'Kính mắt Ray-Ban Aviator Classic', 'EW0101', 31, 3500000, 1155000, TRUE, 0.4414, '[1,5,11]'),
(1101, 'Kính mắt Ray-Ban Wayfarer', 'EW0102', 31, 3200000, 1056000, TRUE, 0.0985, '[5,11]'),
(1102, 'Kính mắt Gucci GG0036S', 'EW0103', 31, 7500000, 2475000, TRUE, 0.0884, '[1,3]'),
(1103, 'Kính mắt Prada Linea Rossa', 'EW0104', 31, 5800000, 1914000, TRUE, 0.0799, '[1,11]'),
(1104, 'Kính mắt Oakley Holbrook', 'EW0105', 31, 2800000, 924000, TRUE, 0.0647, '[5,8]'),
(1105, 'Kính mắt Tom Ford FT0237', 'EW0106', 31, 6500000, 2145000, TRUE, 0.0563, '[1,5]'),
(1106, 'Kính mắt Dior DiorSoReal', 'EW0107', 31, 8500000, 2805000, TRUE, 0.0548, '[1,3]'),
(1107, 'Kính mắt Versace VE4361', 'EW0108', 31, 4500000, 1485000, TRUE, 0.0441, '[1,2]'),
(1108, 'Kính mắt Cartier Santos de Cartier', 'EW0109', 31, 12000000, 3960000, TRUE, 0.0376, '[1,2,5]'),
(1109, 'Kính mắt Gentle Monster Dreamer', 'EW0110', 31, 5500000, 1815000, TRUE, 0.0344, '[1,2,3]'),
(1110, 'Đồng hồ Tissot PRX Powermatic 80', 'WT0111', 32, 12500000, 4125000, TRUE, 0.2535, '[1,5,11]'),
(1111, 'Đồng hồ Seiko Presage Cocktail', 'WT0112', 32, 8500000, 2805000, TRUE, 0.1892, '[4,1]'),
(1112, 'Đồng hồ Casio G-Shock GA-2100', 'WT0113', 32, 2800000, 924000, TRUE, 0.1827, '[2,7,10]'),
(1113, 'Đồng hồ Daniel Wellington Classic 40mm', 'WT0114', 32, 3500000, 1155000, TRUE, 0.0777, '[1,3]'),
(1114, 'Đồng hồ Fossil Gen 6 Smartwatch', 'WT0115', 32, 6500000, 2145000, TRUE, 0.0727, '[5,6]'),
(1115, 'Đồng hồ Citizen Eco-Drive', 'WT0116', 32, 5500000, 1815000, TRUE, 0.0593, '[4,5]'),
(1116, 'Đồng hồ Calvin Klein Minimal 40mm', 'WT0117', 32, 4200000, 1386000, TRUE, 0.0447, '[1,11]'),
(1117, 'Đồng hồ Swatch Sistem51', 'WT0118', 32, 3200000, 1056000, TRUE, 0.0429, '[11]'),
(1118, 'Đồng hồ Michael Kors Runway', 'WT0119', 32, 5800000, 1914000, TRUE, 0.0392, '[5,1]'),
(1119, 'Đồng hồ Longines La Grande Classique', 'WT0120', 32, 14500000, 4785000, TRUE, 0.0382, '[1,2]'),
(1120, 'Túi xách Coach Tabby 26', 'BG0121', 33, 8500000, 2805000, TRUE, 0.2724, '[1,3,2]'),
(1121, 'Túi xách Longchamp Le Pliage L', 'BG0122', 33, 3200000, 1056000, TRUE, 0.1742, '[1,3,4]'),
(1122, 'Ví da Montblanc Meisterstück 6cc', 'BG0123', 33, 5500000, 1815000, TRUE, 0.1325, '[1,5,2]'),
(1123, 'Túi xách Michael Kors Jet Set', 'BG0124', 33, 4800000, 1584000, TRUE, 0.1055, '[5,1]'),
(1124, 'Ví Coach Signature Zip Around', 'BG0125', 33, 2800000, 924000, TRUE, 0.0995, '[1,3]'),
(1125, 'Túi đeo chéo Tory Burch Kira', 'BG0126', 33, 6500000, 2145000, TRUE, 0.0573, '[1,5]'),
(1126, 'Ví Gucci GG Marmont Card Case', 'BG0127', 33, 7500000, 2475000, TRUE, 0.0564, '[1,2,3]'),
(1127, 'Túi xách Kate Spade Cedar Street', 'BG0128', 33, 3800000, 1254000, TRUE, 0.0416, '[5,1]'),
(1128, 'Ba lô Samsonite Red Aleron', 'BG0129', 33, 3500000, 1155000, TRUE, 0.0305, '[1,2,4]'),
(1129, 'Túi du lịch Rimowa Original Cabin', 'BG0130', 33, 14500000, 4785000, TRUE, 0.0300, '[1,5,2]'),
(1130, 'Khô bò Bà Tư miếng 250g', 'DS0131', 41, 185000, 74000, TRUE, 0.3298, '[2,9,6]'),
(1131, 'Mắm tép Bà Giáo Khỏe 200ml', 'DS0132', 41, 95000, 38000, TRUE, 0.1648, '[6,9]'),
(1132, 'Bánh tráng cuốn Tây Ninh (bộ 20)', 'DS0133', 41, 65000, 26000, TRUE, 0.0957, '[6,9,2]'),
(1133, 'Nước mắm Phú Quốc Hưng Thịnh 500ml', 'DS0134', 41, 120000, 48000, TRUE, 0.0939, '[6,9,4]'),
(1134, 'Hạt điều rang muối Bình Phước 500g', 'DS0135', 41, 180000, 72000, TRUE, 0.0555, '[2,6,9]'),
(1135, 'Mứt dừa Bến Tre hộp quà 400g', 'DS0136', 41, 135000, 54000, TRUE, 0.0497, '[2,9]'),
(1136, 'Kẹo dừa Bến Tre hộp 400g', 'DS0137', 41, 85000, 34000, TRUE, 0.0488, '[2,9,6]'),
(1137, 'Phồng tôm Sa Giang hộp quà', 'DS0138', 41, 75000, 30000, TRUE, 0.0388, '[6,9]'),
(1138, 'Cơm cháy chà bông Ninh Bình 300g', 'DS0139', 41, 125000, 50000, TRUE, 0.0320, '[2,6]'),
(1139, 'Bột gia vị phở Việt Nam (set 5 gói)', 'DS0140', 41, 95000, 38000, TRUE, 0.0308, '[6,4]'),
(1140, 'Mật ong rừng U Minh 500ml', 'DS0141', 41, 250000, 100000, TRUE, 0.0303, '[4,8]'),
(1141, 'Tương ớt Sriracha 480ml', 'DS0142', 41, 55000, 22000, TRUE, 0.0300, '[6,9,7]'),
(1142, 'Cà phê Trung Nguyên Legend hộp quà 500g', 'TC0143', 42, 350000, 140000, TRUE, 0.8130, '[6,4,2]'),
(1143, 'Cà phê Trung Nguyên G7 3in1 (hộp 50 gói)', 'TC0144', 42, 180000, 72000, TRUE, 0.0533, '[6,9,2]'),
(1144, 'Cà phê weasel (chồn) Đà Lạt 250g', 'TC0145', 42, 850000, 340000, TRUE, 0.0285, '[4,8,5]'),
(1145, 'Trà sen Tây Hồ hộp quà 200g', 'TC0146', 42, 280000, 112000, TRUE, 0.0230, '[4,2,6]'),
(1146, 'Trà ô long Bảo Lộc hộp quà 250g', 'TC0147', 42, 220000, 88000, TRUE, 0.0183, '[2,3]'),
(1147, 'Trà atiso Đà Lạt (hộp 20 túi lọc)', 'TC0148', 42, 85000, 34000, TRUE, 0.0152, '[6,9]'),
(1148, 'Cà phê phin nhôm + cà phê rang xay set', 'TC0149', 42, 250000, 100000, TRUE, 0.0131, '[4,5,8]'),
(1149, 'Trà Thái Nguyên đặc biệt 200g', 'TC0150', 42, 180000, 72000, TRUE, 0.0124, '[2,4]');

INSERT INTO products (product_id, product_name, product_code, category_id, unit_price_vnd, cost_price_vnd, is_active, popularity_weight, nationality_preference) VALUES
(1150, 'Cà phê Highlands Coffee hộp quà', 'TC0151', 42, 150000, 60000, TRUE, 0.0117, '[6,9]'),
(1151, 'Socola cà phê Marou Bến Tre 80g', 'TC0152', 42, 120000, 48000, TRUE, 0.0116, '[4,5,8,11]'),
(1152, 'Bột cà ri Ấn Độ Everest 200g', 'GV0153', 43, 85000, 38250, TRUE, 0.1778, '[6]'),
(1153, 'Nước mắm nhĩ Phan Thiết 250ml', 'GV0154', 43, 75000, 33750, TRUE, 0.1558, '[6,9]'),
(1154, 'Hạt tiêu Phú Quốc đen 200g', 'GV0155', 43, 120000, 54000, TRUE, 0.1372, '[6,4,8]'),
(1155, 'Sả tươi sấy khô gói 100g', 'GV0156', 43, 55000, 24750, TRUE, 0.1197, '[6,9]'),
(1156, 'Bột nghệ Đắk Lắk nguyên chất 200g', 'GV0157', 43, 95000, 42750, TRUE, 0.1055, '[6]'),
(1157, 'Muối ớt Tây Ninh 200g', 'GV0158', 43, 45000, 20250, TRUE, 0.1049, '[6,9,2]'),
(1158, 'Gia vị lẩu Thái hộp set (4 gói)', 'GV0159', 43, 65000, 29250, TRUE, 0.1044, '[6,10]'),
(1159, 'Set gia vị nấu phở gia truyền (5 gói)', 'GV0160', 43, 85000, 38250, TRUE, 0.0945, '[6,4]'),
(1160, 'Áo dài lụa thêu tay size M', 'TC0161', 44, 1200000, 420000, TRUE, 0.2967, '[4,5,8,11]'),
(1161, 'Tranh sơn mài Hạ Long 40x60cm', 'TC0162', 44, 850000, 297500, TRUE, 0.2135, '[4,8,11]'),
(1162, 'Nón lá Huế thêu tay', 'TC0163', 44, 180000, 62999, TRUE, 0.1045, '[4,5,8]'),
(1163, 'Tượng gỗ trầm hương 20cm', 'TC0164', 44, 650000, 227500, TRUE, 0.0954, '[2,1]'),
(1164, 'Đèn lồng Hội An (bộ 3)', 'TC0165', 44, 250000, 87500, TRUE, 0.0521, '[4,5,8]'),
(1165, 'Khăn lụa Vạn Phúc 180x45cm', 'TC0166', 44, 350000, 122499, TRUE, 0.0516, '[4,11]'),
(1166, 'Gốm sứ Bát Tràng - Bộ trà 6 chén', 'TC0167', 44, 420000, 147000, TRUE, 0.0508, '[4,2]'),
(1167, 'Quạt lụa vẽ tay Huế', 'TC0168', 44, 150000, 52500, TRUE, 0.0468, '[4,8]'),
(1168, 'Hộp sơn mài khảm trai', 'TC0169', 44, 580000, 203000, TRUE, 0.0442, '[4,8,11]'),
(1169, 'Vòng tay trầm hương tự nhiên', 'TC0170', 44, 380000, 133000, TRUE, 0.0442, '[2,1,3]'),
(1170, 'Socola Godiva Gold Collection 24pc', 'BK0171', 50, 1200000, 420000, TRUE, 0.2909, '[1,2,5]'),
(1171, 'Socola Lindt Lindor Assorted 500g', 'BK0172', 50, 650000, 227500, TRUE, 0.1169, '[5,11]'),
(1172, 'Socola Ferrero Rocher T30', 'BK0173', 50, 450000, 157500, TRUE, 0.1065, '[2,9,6]'),
(1173, 'Kẹo Haribo Goldbären hộp 1kg', 'BK0174', 50, 280000, 98000, TRUE, 0.0880, '[5,11]'),
(1174, 'Bánh LU Petite Écolier hộp 300g', 'BK0175', 50, 220000, 77000, TRUE, 0.0753, '[11]'),
(1175, 'Socola Toblerone Gold 360g', 'BK0176', 50, 320000, 112000, TRUE, 0.0600, '[5,11]'),
(1176, 'Bánh quy Royce Chocolate Chip 12pc', 'BK0177', 50, 380000, 133000, TRUE, 0.0505, '[4,1]'),
(1177, 'Kẹo hạnh nhân Maxim''s Paris 200g', 'BK0178', 50, 350000, 122499, TRUE, 0.0501, '[11]'),
(1178, 'Bánh quy bơ Đan Mạch hộp thiếc 908g', 'BK0179', 50, 250000, 87500, TRUE, 0.0474, '[2,9]'),
(1179, 'Socola Marou Lâm Đồng 70% 80g', 'BK0180', 50, 120000, 42000, TRUE, 0.0469, '[4,5,8]'),
(1180, 'Bánh pía Sóc Trăng hộp quà (6 cái)', 'BK0181', 50, 135000, 47250, TRUE, 0.0353, '[2,9,6]'),
(1181, 'Mè xửng Huế hộp quà 500g', 'BK0182', 50, 95000, 33250, TRUE, 0.0323, '[2,9]'),
(1182, 'Tai nghe Apple AirPods Pro 2', 'DT0183', 60, 5500000, 2750000, TRUE, 0.6610, '[1,2,6]'),
(1183, 'Tai nghe Sony WH-1000XM5', 'DT0184', 60, 7500000, 3750000, TRUE, 0.1086, '[4,5,8]'),
(1184, 'Sạc dự phòng Anker 20000mAh', 'DT0185', 60, 850000, 425000, TRUE, 0.0343, '[6,7]'),
(1185, 'Adapter sạc nhanh Anker 65W', 'DT0186', 60, 550000, 275000, TRUE, 0.0330, '[6,7]'),
(1186, 'Loa Bluetooth JBL Flip 6', 'DT0187', 60, 2500000, 1250000, TRUE, 0.0321, '[5,6]'),
(1187, 'Tai nghe Samsung Galaxy Buds2 Pro', 'DT0188', 60, 3800000, 1900000, TRUE, 0.0295, '[1,6]'),
(1188, 'Cáp Lightning/USB-C Belkin 1m', 'DT0189', 60, 350000, 175000, TRUE, 0.0274, '[6,7]'),
(1189, 'Ốp lưng iPhone Spigen Ultra Hybrid', 'DT0190', 60, 450000, 225000, TRUE, 0.0265, '[1,6]'),
(1190, 'Đồng hồ thông minh Amazfit GTR 4', 'DT0191', 60, 3500000, 1750000, TRUE, 0.0249, '[6,2]'),
(1191, 'Bút cảm ứng Adonit Note+', 'DT0192', 60, 850000, 425000, TRUE, 0.0228, '[5,4]'),
(1192, 'Phở bò tái nạm', 'VF0193', 70, 128000, 32000, TRUE, 0.8716, NULL),
(1193, 'Phở bò tái chín gầu', 'VF0194', 70, 138000, 34500, TRUE, 0.0378, NULL),
(1194, 'Phở gà', 'VF0195', 70, 118000, 29500, TRUE, 0.0184, NULL),
(1195, 'Bún bò Huế', 'VF0196', 70, 138000, 34500, TRUE, 0.0178, NULL),
(1196, 'Cơm tấm sườn bì chả', 'VF0197', 70, 128000, 32000, TRUE, 0.0108, NULL),
(1197, 'Bánh mì thịt nướng', 'VF0198', 70, 78000, 19500, TRUE, 0.0101, NULL),
(1198, 'Gỏi cuốn tôm thịt (4 cuốn)', 'VF0199', 70, 88000, 22000, TRUE, 0.0094, NULL),
(1199, 'Hủ tiếu Nam Vang', 'VF0200', 70, 118000, 29500, TRUE, 0.0041, NULL);

INSERT INTO products (product_id, product_name, product_code, category_id, unit_price_vnd, cost_price_vnd, is_active, popularity_weight, nationality_preference) VALUES
(1200, 'Mì Quảng', 'VF0201', 70, 108000, 27000, TRUE, 0.0036, NULL),
(1201, 'Bún thịt nướng', 'VF0202', 70, 118000, 29500, TRUE, 0.0034, NULL),
(1202, 'Bánh xèo Sài Gòn', 'VF0203', 70, 108000, 27000, TRUE, 0.0032, NULL),
(1203, 'Cháo lòng', 'VF0204', 70, 88000, 22000, TRUE, 0.0027, NULL),
(1204, 'Bún riêu cua', 'VF0205', 70, 118000, 29500, TRUE, 0.0026, NULL),
(1205, 'Cơm chiên Dương Châu', 'VF0206', 70, 108000, 27000, TRUE, 0.0024, NULL),
(1206, 'Nem rán/Chả giò (4 cuốn)', 'VF0207', 70, 78000, 19500, TRUE, 0.0022, NULL),
(1207, 'Cơm cuộn Hàn Quốc (Kimbap)', 'AF0208', 71, 108000, 27000, TRUE, 0.5810, NULL),
(1208, 'Mì ramen Nhật Bản', 'AF0209', 71, 148000, 37000, TRUE, 0.2199, NULL),
(1209, 'Pad Thái', 'AF0210', 71, 128000, 32000, TRUE, 0.0904, NULL),
(1210, 'Cơm rang kimchi', 'AF0211', 71, 118000, 29500, TRUE, 0.0234, NULL),
(1211, 'Dim sum set (6 viên)', 'AF0212', 71, 128000, 32000, TRUE, 0.0188, NULL),
(1212, 'Gà teriyaki cơm Nhật', 'AF0213', 71, 158000, 39500, TRUE, 0.0128, NULL),
(1213, 'Curry gà Ấn Độ & cơm', 'AF0214', 71, 138000, 34500, TRUE, 0.0108, NULL),
(1214, 'Nasi goreng', 'AF0215', 71, 118000, 29500, TRUE, 0.0103, NULL),
(1215, 'Tom yum kung', 'AF0216', 71, 148000, 37000, TRUE, 0.0097, NULL),
(1216, 'Sushi set (8 miếng)', 'AF0217', 71, 188000, 47000, TRUE, 0.0084, NULL),
(1217, 'Bibimbap Hàn Quốc', 'AF0218', 71, 138000, 34500, TRUE, 0.0075, NULL),
(1218, 'Mì xào Singapore', 'AF0219', 71, 118000, 29500, TRUE, 0.0069, NULL),
(1219, 'Steak bò Úc 200g kèm khoai tây', 'WF0220', 72, 298000, 74500, TRUE, 0.4795, NULL),
(1220, 'Burger bò phô mai', 'WF0221', 72, 158000, 39500, TRUE, 0.1319, NULL),
(1221, 'Pasta Carbonara', 'WF0222', 72, 168000, 42000, TRUE, 0.0843, NULL),
(1222, 'Pizza Margherita 9 inch', 'WF0223', 72, 178000, 44500, TRUE, 0.0555, NULL),
(1223, 'Salad Caesar gà nướng', 'WF0224', 72, 138000, 34500, TRUE, 0.0550, NULL),
(1224, 'Fish & Chips', 'WF0225', 72, 168000, 42000, TRUE, 0.0513, NULL),
(1225, 'Club Sandwich', 'WF0226', 72, 128000, 32000, TRUE, 0.0479, NULL),
(1226, 'Soup kem nấm', 'WF0227', 72, 78000, 19500, TRUE, 0.0358, NULL),
(1227, 'Risotto hải sản', 'WF0228', 72, 198000, 49500, TRUE, 0.0308, NULL),
(1228, 'Spaghetti Bolognese', 'WF0229', 72, 148000, 37000, TRUE, 0.0281, NULL),
(1229, 'Cà phê sữa đá', 'DK0230', 73, 55000, 13750, TRUE, 0.2896, NULL),
(1230, 'Cà phê đen đá', 'DK0231', 73, 45000, 11250, TRUE, 0.1894, NULL),
(1231, 'Bạc xỉu', 'DK0232', 73, 55000, 13750, TRUE, 0.1229, NULL),
(1232, 'Cappuccino', 'DK0233', 73, 65000, 16250, TRUE, 0.0498, NULL),
(1233, 'Latte', 'DK0234', 73, 65000, 16250, TRUE, 0.0436, NULL),
(1234, 'Espresso', 'DK0235', 73, 50000, 12500, TRUE, 0.0414, NULL),
(1235, 'Trà sen nóng', 'DK0236', 73, 55000, 13750, TRUE, 0.0414, NULL),
(1236, 'Trà đào cam sả', 'DK0237', 73, 65000, 16250, TRUE, 0.0405, NULL),
(1237, 'Sinh tố bơ', 'DK0238', 73, 75000, 18750, TRUE, 0.0361, NULL),
(1238, 'Nước ép cam tươi', 'DK0239', 73, 65000, 16250, TRUE, 0.0307, NULL),
(1239, 'Bia Tiger lon 330ml', 'DK0240', 73, 45000, 11250, TRUE, 0.0247, NULL),
(1240, 'Bia Heineken lon 330ml', 'DK0241', 73, 50000, 12500, TRUE, 0.0244, NULL),
(1241, 'Nước suối Aquafina 500ml', 'DK0242', 73, 20000, 5000, TRUE, 0.0231, NULL),
(1242, 'Coca-Cola lon 330ml', 'DK0243', 73, 25000, 6250, TRUE, 0.0217, NULL),
(1243, 'Smoothie xoài nhiệt đới', 'DK0244', 73, 75000, 18750, TRUE, 0.0209, NULL),
(1244, 'Bánh mì que pate', 'SN0245', 74, 45000, 11250, TRUE, 0.2090, NULL),
(1245, 'Xôi gà', 'SN0246', 74, 55000, 13750, TRUE, 0.1869, NULL),
(1246, 'Sandwich tam giác', 'SN0247', 74, 48000, 12000, TRUE, 0.1655, NULL),
(1247, 'Croissant bơ', 'SN0248', 74, 42000, 10500, TRUE, 0.0995, NULL),
(1248, 'Salad trái cây', 'SN0249', 74, 58000, 14500, TRUE, 0.0898, NULL),
(1249, 'Khoai tây chiên', 'SN0250', 74, 55000, 13750, TRUE, 0.0881, NULL);

INSERT INTO products (product_id, product_name, product_code, category_id, unit_price_vnd, cost_price_vnd, is_active, popularity_weight, nationality_preference) VALUES
(1250, 'Onion rings', 'SN0251', 74, 48000, 12000, TRUE, 0.0821, NULL),
(1251, 'Gà viên chiên (6 viên)', 'SN0252', 74, 58000, 14500, TRUE, 0.0791, NULL),
(1252, 'Phòng chờ Lotus tiêu chuẩn - Nội địa', 'LS0253', 80, 380000, 76000, TRUE, 0.6760, NULL),
(1253, 'Phòng chờ Lotus tiêu chuẩn - Quốc tế', 'LS0254', 80, 650000, 130000, TRUE, 0.3123, NULL),
(1254, 'Phòng chờ Lotus tiêu chuẩn - Hỗn hợp', 'LS0255', 80, 550000, 110000, TRUE, 0.0051, NULL),
(1255, 'Phòng chờ Lotus tiêu chuẩn - Cam Ranh', 'LS0256', 80, 550000, 110000, TRUE, 0.0033, NULL),
(1256, 'Phòng chờ SENS Leisure - Phú Quốc', 'LS0257', 80, 600000, 120000, TRUE, 0.0033, NULL),
(1257, 'Phòng chờ SENS Business - Quốc tế T2', 'LV0258', 81, 850000, 170000, TRUE, 0.4015, NULL),
(1258, 'Phòng chờ SENS Business - T3', 'LV0259', 81, 750000, 150000, TRUE, 0.2477, NULL),
(1259, 'Phòng chờ Lotus First Class', 'LV0260', 81, 1200000, 240000, TRUE, 0.2450, NULL),
(1260, 'Phòng chờ VIP riêng (2 giờ)', 'LV0261', 81, 2500000, 500000, TRUE, 0.0544, NULL),
(1261, 'Gói phòng chờ gia đình (4 người)', 'LV0262', 81, 2000000, 400000, TRUE, 0.0514, NULL),
(1262, 'Combo phòng chờ + Spa 60 phút', 'LX0263', 82, 1100000, 220000, TRUE, 0.3705, NULL),
(1263, 'Combo phòng chờ + Spa 90 phút', 'LX0264', 82, 1400000, 280000, TRUE, 0.2288, NULL),
(1264, 'Gói nghỉ ngơi qua đêm (phòng chờ + giường)', 'LX0265', 82, 1800000, 360000, TRUE, 0.1827, NULL),
(1265, 'Combo phòng chờ + Limousine đưa đón', 'LX0266', 82, 2200000, 440000, TRUE, 0.1220, NULL),
(1266, 'Gói trải nghiệm SASCO Premium (trọn gói)', 'LX0267', 82, 3500000, 700000, TRUE, 0.0959, NULL),
(1267, 'Massage chân 30 phút', 'SP0268', 90, 250000, 62500, TRUE, 0.6244, NULL),
(1268, 'Massage toàn thân 60 phút', 'SP0269', 90, 500000, 125000, TRUE, 0.1695, NULL),
(1269, 'Massage toàn thân 90 phút', 'SP0270', 90, 700000, 175000, TRUE, 0.0679, NULL),
(1270, 'Massage đầu & vai 30 phút', 'SP0271', 90, 200000, 50000, TRUE, 0.0409, NULL),
(1271, 'Facial chăm sóc da mặt 45 phút', 'SP0272', 90, 450000, 112500, TRUE, 0.0399, NULL),
(1272, 'Combo massage + facial 90 phút', 'SP0273', 90, 800000, 200000, TRUE, 0.0222, NULL),
(1273, 'Massage ghế tự động 15 phút', 'SP0274', 90, 80000, 20000, TRUE, 0.0186, NULL),
(1274, 'Liệu trình detox toàn thân 120 phút', 'SP0275', 90, 1200000, 300000, TRUE, 0.0166, NULL),
(1275, 'Phí thu đổi ngoại tệ (dưới 500 USD)', 'FX0276', 91, 50000, 15000, TRUE, 0.4700, NULL),
(1276, 'Phí thu đổi ngoại tệ (500-2000 USD)', 'FX0277', 91, 100000, 30000, TRUE, 0.2660, NULL),
(1277, 'Phí thu đổi ngoại tệ (trên 2000 USD)', 'FX0278', 91, 200000, 60000, TRUE, 0.2639, NULL),
(1278, 'Limousine đưa đón sân bay - nội thành', 'LM0279', 92, 550000, 220000, TRUE, 0.2909, NULL),
(1279, 'Limousine đưa đón sân bay - ngoại thành', 'LM0280', 92, 850000, 340000, TRUE, 0.2345, NULL),
(1280, 'Limousine VIP Mercedes S-Class', 'LM0281', 92, 1500000, 600000, TRUE, 0.2198, NULL),
(1281, 'Xe đưa đón sân bay - sedan', 'LM0282', 92, 350000, 140000, TRUE, 0.1322, NULL),
(1282, 'Xe đưa đón sân bay - SUV 7 chỗ', 'LM0283', 92, 650000, 260000, TRUE, 0.1226, NULL),
(1283, 'Dịch vụ đón/tiễn VIP cửa máy bay', 'VP0284', 93, 800000, 240000, TRUE, 0.4777, NULL),
(1284, 'Dịch vụ fast-track xuất nhập cảnh', 'VP0285', 93, 500000, 150000, TRUE, 0.3187, NULL),
(1285, 'Dịch vụ hỗ trợ hành lý ưu tiên', 'VP0286', 93, 300000, 90000, TRUE, 0.1171, NULL),
(1286, 'Gói VIP trọn gói (đón + fast-track + phòng chờ)', 'VP0287', 93, 2000000, 600000, TRUE, 0.0865, NULL),
(1287, 'Set dưỡng da The History of Whoo', 'FL0288', 12, 5500000, 1815000, TRUE, 0.0050, '[1,2]'),
(1288, 'Kem dưỡng Laneige Water Bank 50ml', 'FL0289', 12, 680000, 224400, TRUE, 0.0050, '[1,3]'),
(1289, 'Son Chanel Rouge Allure', 'FL0290', 12, 1050000, 346500, TRUE, 0.0050, '[1,3]'),
(1290, 'Phấn mắt Urban Decay Naked 3', 'FL0291', 12, 1200000, 396000, TRUE, 0.0050, '[5,8]'),
(1291, 'Serum Estée Lauder Re-Nutriv 30ml', 'FL0292', 12, 3200000, 1056000, TRUE, 0.0050, '[1,5]'),
(1292, 'Nước hoa Acqua di Gio Profumo 75ml', 'FL0293', 11, 2200000, 726000, TRUE, 0.0050, '[5,11]'),
(1293, 'Nước hoa Miss Dior Blooming Bouquet 50ml', 'FL0294', 11, 2100000, 693000, TRUE, 0.0050, '[1,3]'),
(1294, 'Nước hoa Creed Aventus 50ml', 'FL0295', 11, 5500000, 1815000, TRUE, 0.0050, '[5,8]'),
(1295, 'Socola Belgian Seashells 250g', 'FL0296', 50, 280000, 98000, TRUE, 0.0050, '[11]'),
(1296, 'Bánh quy Gavottes Crêpes Dentelles 125g', 'FL0297', 50, 180000, 62999, TRUE, 0.0050, '[11]'),
(1297, 'Mực rim me 200g', 'FL0298', 41, 145000, 58000, TRUE, 0.0050, '[2,9]'),
(1298, 'Tôm khô Cà Mau loại 1 250g', 'FL0299', 41, 280000, 112000, TRUE, 0.0050, '[2,9]'),
(1299, 'Trà hoa cúc Đà Lạt hộp 50g', 'FL0300', 42, 95000, 38000, TRUE, 0.0050, '[4,6]');

INSERT INTO products (product_id, product_name, product_code, category_id, unit_price_vnd, cost_price_vnd, is_active, popularity_weight, nationality_preference) VALUES
(1300, 'Cà phê Arabica Cầu Đất 250g', 'FL0301', 42, 165000, 66000, TRUE, 0.0050, '[4,5,8]'),
(1301, 'Cáp sạc nhanh USB-C 2m Ugreen', 'FL0302', 60, 180000, 90000, TRUE, 0.0050, '[6,7]'),
(1302, 'Pin dự phòng Xiaomi 10000mAh', 'FL0303', 60, 450000, 225000, TRUE, 0.0050, '[6,2]'),
(1303, 'Rượu Hennessy Paradis 700ml', 'FL0304', 22, 8500000, 2805000, TRUE, 0.0050, '[2,1]'),
(1304, 'Rượu Yamazaki 12 Years 700ml', 'FL0305', 22, 3500000, 1155000, TRUE, 0.0050, '[4]'),
(1305, 'Rượu vang đỏ Sassicaia 2019 750ml', 'FL0306', 21, 3800000, 1254000, TRUE, 0.0050, '[11,5]'),
(1306, 'Túi xách MCM Stark Backpack Mini', 'FL0307', 33, 9500000, 3135000, TRUE, 0.0050, '[1,2,3]'),
(1307, 'Phở chay rau nấm', 'FF0308', 70, 98000, 24500, TRUE, 0.0050, NULL),
(1308, 'Bún chả Hà Nội', 'FF0309', 70, 128000, 32000, TRUE, 0.0050, NULL),
(1309, 'Cơm gà Hải Nam', 'FF0310', 71, 128000, 32000, TRUE, 0.0050, NULL),
(1310, 'Mì udon tempura', 'FF0311', 71, 148000, 37000, TRUE, 0.0050, NULL),
(1311, 'Chicken Cordon Bleu', 'FF0312', 72, 188000, 47000, TRUE, 0.0050, NULL),
(1312, 'Grilled salmon fillet', 'FF0313', 72, 258000, 64500, TRUE, 0.0050, NULL),
(1313, 'Matcha Latte', 'FF0314', 73, 68000, 17000, TRUE, 0.0050, NULL),
(1314, 'Hot Chocolate', 'FF0315', 73, 58000, 14500, TRUE, 0.0050, NULL),
(1315, 'Fresh coconut juice', 'FF0316', 73, 55000, 13750, TRUE, 0.0050, NULL),
(1316, 'Bánh cuốn nóng', 'FF0317', 74, 65000, 16250, TRUE, 0.0050, NULL);

-- Additional products: 77

INSERT INTO products (product_id, product_name, product_code, category_id, unit_price_vnd, cost_price_vnd, is_active, popularity_weight, nationality_preference) VALUES
(2000, 'Nước hoa Byredo Gypsy Water 50ml', 'EX1001', 11, 3200000, 1056000, TRUE, 0.0050, '[5,8,11]'),
(2001, 'Nước hoa Maison Francis Kurkdjian Baccarat Rouge 540 35ml', 'EX1002', 11, 4800000, 1584000, TRUE, 0.0050, '[1,5]'),
(2002, 'Nước hoa Penhaligon''s Halfeti 75ml', 'EX1003', 11, 3500000, 1155000, TRUE, 0.0050, '[8,11]'),
(2003, 'Nước hoa Le Labo Santal 33 50ml', 'EX1004', 11, 4200000, 1386000, TRUE, 0.0050, '[5,8]'),
(2004, 'Nước hoa Diptyque Eau Rose 75ml', 'EX1005', 11, 2800000, 924000, TRUE, 0.0050, '[4,11]'),
(2005, 'Kem dưỡng La Mer Moisturizing Cream 30ml', 'EX1006', 12, 5800000, 1914000, TRUE, 0.0050, '[1,5,8]'),
(2006, 'Serum SK-II GenOptics Aura Essence 50ml', 'EX1007', 12, 4500000, 1485000, TRUE, 0.0050, '[1,3,4]'),
(2007, 'Set mini Dior Addict Lip (5 thỏi)', 'EX1008', 12, 1800000, 594000, TRUE, 0.0050, '[1,3]'),
(2008, 'Kem mắt La Prairie Skin Caviar 20ml', 'EX1009', 12, 6200000, 2046000, TRUE, 0.0050, '[1,5]'),
(2009, 'Sữa dưỡng thể Jo Malone 250ml', 'EX1010', 12, 1200000, 396000, TRUE, 0.0050, '[8,11]'),
(2010, 'Phấn phủ Laura Mercier Translucent', 'EX1011', 12, 950000, 313500, TRUE, 0.0050, '[5,8,1]'),
(2011, 'Son Guerlain KissKiss', 'EX1012', 12, 850000, 280500, TRUE, 0.0050, '[1,11]'),
(2012, 'Kem dưỡng Tatcha Dewy Skin Cream 50ml', 'EX1013', 12, 1500000, 495000, TRUE, 0.0050, '[4,5]'),
(2013, 'Set chăm sóc tóc Olaplex No.3-4-5', 'EX1014', 12, 1100000, 363000, TRUE, 0.0050, '[5,8]'),
(2014, 'Kem chống nắng Anessa Perfect UV 60ml', 'EX1015', 12, 550000, 181500, TRUE, 0.0050, '[4,1,3]'),
(2015, 'Rượu vang đỏ Antinori Tignanello 2020 750ml', 'EX1016', 21, 2500000, 825000, TRUE, 0.0050, '[11,5]'),
(2016, 'Rượu vang trắng Chablis Premier Cru 750ml', 'EX1017', 21, 850000, 280500, TRUE, 0.0050, '[11]'),
(2017, 'Champagne Krug Grande Cuvée 750ml', 'EX1018', 21, 5500000, 1815000, TRUE, 0.0050, '[5,11]'),
(2018, 'Rượu vang đỏ Barossa Valley Shiraz 750ml', 'EX1019', 21, 680000, 224400, TRUE, 0.0050, '[8]'),
(2019, 'Rượu vang rosé Whispering Angel 750ml', 'EX1020', 21, 550000, 181500, TRUE, 0.0050, '[5,11]'),
(2020, 'Rượu Nikka From The Barrel 500ml', 'EX1021', 22, 1200000, 396000, TRUE, 0.0050, '[4]'),
(2021, 'Rượu Hibiki Harmony 700ml', 'EX1022', 22, 2200000, 726000, TRUE, 0.0050, '[4,1]'),
(2022, 'Rượu Cointreau 700ml', 'EX1023', 22, 550000, 181500, TRUE, 0.0050, '[11]'),
(2023, 'Rượu Aperol Spritz 750ml', 'EX1024', 22, 450000, 148500, TRUE, 0.0050, '[11]'),
(2024, 'Rượu Crown Royal 750ml', 'EX1025', 22, 750000, 247500, TRUE, 0.0050, '[5]'),
(2025, 'Ví Louis Vuitton Zippy Wallet', 'EX1026', 33, 14500000, 4785000, TRUE, 0.0050, '[1,2,3]'),
(2026, 'Túi xách Furla Metropolis Mini', 'EX1027', 33, 5500000, 1815000, TRUE, 0.0050, '[1,3,11]'),
(2027, 'Kính mắt Maui Jim Peahi', 'EX1028', 31, 4200000, 1386000, TRUE, 0.0050, '[5,8]'),
(2028, 'Kính mắt Celine CL40187I', 'EX1029', 31, 7800000, 2574000, TRUE, 0.0050, '[1,11]'),
(2029, 'Đồng hồ Hamilton Khaki Field 42mm', 'EX1030', 32, 9500000, 3135000, TRUE, 0.0050, '[5,4]'),
(2030, 'Bánh tráng trộn Tây Ninh gói 200g', 'EX1031', 41, 55000, 22000, TRUE, 0.0050, '[6,9,2]'),
(2031, 'Chả lụa Vissan 500g', 'EX1032', 41, 85000, 34000, TRUE, 0.0050, '[9,2]'),
(2032, 'Muối tôm Tây Ninh 200g', 'EX1033', 41, 45000, 18000, TRUE, 0.0050, '[6,9]'),
(2033, 'Khô cá lóc 250g', 'EX1034', 41, 165000, 66000, TRUE, 0.0050, '[9,2]'),
(2034, 'Cà phê muối Huế gói 10 sticks', 'EX1035', 42, 85000, 34000, TRUE, 0.0050, '[4,6]'),
(2035, 'Trà lài Bảo Lộc 200g', 'EX1036', 42, 120000, 48000, TRUE, 0.0050, '[2,4]'),
(2036, 'Gia vị bún bò Huế (set 5 gói)', 'EX1037', 43, 75000, 30000, TRUE, 0.0050, '[6]'),
(2037, 'Nước cốt dừa Vietcoco 400ml', 'EX1038', 43, 35000, 14000, TRUE, 0.0050, '[6,9]'),
(2038, 'Socola Venchi Assorted 200g', 'EX1039', 50, 380000, 133000, TRUE, 0.0050, '[11]'),
(2039, 'Kẹo dừa Bến Tre vị sầu riêng 300g', 'EX1040', 50, 75000, 26250, TRUE, 0.0050, '[2,9]'),
(2040, 'Mochi Nhật Bản hộp 12 viên', 'EX1041', 50, 150000, 52500, TRUE, 0.0050, '[4,1]'),
(2041, 'Bánh trung thu SASCO hộp 4', 'EX1042', 50, 350000, 122499, TRUE, 0.0050, '[2,9]'),
(2042, 'Bộ chuyển đổi ổ cắm du lịch đa năng', 'EX1043', 60, 250000, 125000, TRUE, 0.0050, '[6,7]'),
(2043, 'Tai nghe Bose QuietComfort Earbuds II', 'EX1044', 60, 6800000, 3400000, TRUE, 0.0050, '[5,8]'),
(2044, 'Chuột không dây Logitech MX Anywhere 3', 'EX1045', 60, 1500000, 750000, TRUE, 0.0050, '[5,4]'),
(2045, 'Bánh canh cua', 'EX1046', 70, 128000, 32000, TRUE, 0.0050, NULL),
(2046, 'Cơm gà xối mỡ', 'EX1047', 70, 118000, 29500, TRUE, 0.0050, NULL),
(2047, 'Lẩu Thái mini (1 người)', 'EX1048', 71, 178000, 44500, TRUE, 0.0050, NULL),
(2048, 'Cơm chiên cá mặn', 'EX1049', 71, 108000, 27000, TRUE, 0.0050, NULL),
(2049, 'Beef Wellington mini', 'EX1050', 72, 288000, 72000, TRUE, 0.0050, NULL);

INSERT INTO products (product_id, product_name, product_code, category_id, unit_price_vnd, cost_price_vnd, is_active, popularity_weight, nationality_preference) VALUES
(2050, 'Crème brûlée', 'EX1051', 72, 78000, 19500, TRUE, 0.0050, NULL),
(2051, 'Trà sữa trân châu', 'EX1052', 73, 65000, 16250, TRUE, 0.0050, NULL),
(2052, 'Sinh tố dâu', 'EX1053', 73, 68000, 17000, TRUE, 0.0050, NULL),
(2053, 'Nước chanh dây', 'EX1054', 73, 55000, 13750, TRUE, 0.0050, NULL),
(2054, 'Chả giò rế (4 cuốn)', 'EX1055', 74, 65000, 16250, TRUE, 0.0050, NULL),
(2055, 'Bánh flan caramel', 'EX1056', 74, 45000, 11250, TRUE, 0.0050, NULL),
(2056, 'Nail art cơ bản', 'EX1057', 90, 180000, 45000, TRUE, 0.0050, NULL),
(2057, 'Gội đầu dưỡng sinh 30 phút', 'EX1058', 90, 150000, 37500, TRUE, 0.0050, NULL),
(2058, 'Dịch vụ giữ hành lý 24h', 'EX1059', 93, 150000, 37500, TRUE, 0.0050, NULL),
(2059, 'Dịch vụ bọc hành lý', 'EX1060', 93, 100000, 25000, TRUE, 0.0050, NULL),
(2060, 'Upgrade phòng chờ tiêu chuẩn → VIP', 'EX1061', 82, 450000, 90000, TRUE, 0.0050, NULL),
(2061, 'Phòng chờ Lotus transit 3 giờ', 'EX1062', 80, 350000, 70000, TRUE, 0.0050, NULL),
(2062, 'Phòng chờ SENS ngày lễ (premium)', 'EX1063', 81, 950000, 190000, TRUE, 0.0050, NULL),
(2063, 'Xe đưa đón sân bay - Vũng Tàu', 'EX1064', 92, 1800000, 720000, TRUE, 0.0050, NULL),
(2064, 'Xe đưa đón sân bay - Bình Dương', 'EX1065', 92, 650000, 260000, TRUE, 0.0050, NULL),
(2065, 'Phí thu đổi ngoại tệ - Yên Nhật', 'EX1066', 91, 80000, 24000, TRUE, 0.0050, NULL),
(2066, 'Phí thu đổi ngoại tệ - Won Hàn', 'EX1067', 91, 70000, 21000, TRUE, 0.0050, NULL),
(2067, 'Túi thổ cẩm Tây Nguyên', 'EX1068', 44, 250000, 87500, TRUE, 0.0050, '[4,5,8]'),
(2068, 'Tranh đông hồ in canvas 30x40cm', 'EX1069', 44, 180000, 62999, TRUE, 0.0050, '[4,8]'),
(2069, 'Set đũa gỗ khảm trai (6 đôi)', 'EX1070', 44, 280000, 98000, TRUE, 0.0050, '[4,2]'),
(2070, 'Thuốc lá Parliament (1 tút)', 'EX1071', 23, 400000, 132000, TRUE, 0.0050, '[11]'),
(2071, 'Xì gà Romeo y Julieta (hộp 5)', 'EX1072', 23, 2200000, 726000, TRUE, 0.0050, '[5,11]'),
(2072, 'Đồng hồ Garmin Venu 3', 'EX1073', 32, 8500000, 2805000, TRUE, 0.0050, '[5,6]'),
(2073, 'Đồng hồ Orient Bambino 40.5mm', 'EX1074', 32, 4500000, 1485000, TRUE, 0.0050, '[4]'),
(2074, 'Balo Herschel Little America', 'EX1075', 33, 2200000, 726000, TRUE, 0.0050, '[5,7]'),
(2075, 'Túi crossbody Lacoste Classic', 'EX1076', 33, 2800000, 924000, TRUE, 0.0050, '[7,10]'),
(2076, 'Kính mắt Persol PO0714', 'EX1077', 31, 4800000, 1584000, TRUE, 0.0050, '[11,5]');

