-- ============================================================
-- 03_master_data.sql
-- Database: menas_demo
-- Menas Group — Master/Dimension Data
-- ============================================================

USE menas_demo;
SET FOREIGN_KEY_CHECKS = 0;

-- business_units: 5 records
INSERT INTO `business_units` (id, name, description, revenue_model) VALUES
('MALL', 'Trung tâm thương mại', 'Quản lý & vận hành TTTM', 'Cho thuê mặt bằng + chia sẻ doanh thu'),
('SUPERMARKET', 'Siêu thị Mena Gourmet', 'Siêu thị cao cấp nhập khẩu', 'Bán lẻ trực tiếp'),
('FB', 'F&B Restaurants', 'Chuỗi nhà hàng & ẩm thực', 'Doanh thu dịch vụ ăn uống'),
('DUTYFREE', 'Duty Free 3Sixty', 'Cửa hàng miễn thuế sân bay', 'Bán lẻ miễn thuế'),
('BEAUTY', 'Mena Cosmetics & Perfumes', 'Mỹ phẩm & nước hoa cao cấp', 'Bán lẻ chuyên ngành');

-- locations: 15 records
INSERT INTO `locations` (id, name, business_unit_id, location_type, address, city, district, sqm, opening_date, status) VALUES
('LOC01', 'Menas Mall Saigon Airport', 'MALL', 'TTTM', '60A Trường Sơn, Tân Bình', 'HCM', 'Tân Bình', 15000.00, '2020-12-01', 'active'),
('LOC02', 'Menas Mall Central Square Nha Trang', 'MALL', 'TTTM', 'Trần Phú, Nha Trang', 'Nha Trang', 'Lộc Thọ', 8000.00, '2021-06-01', 'active'),
('LOC03', 'Mena Gourmet - Saigon Airport', 'SUPERMARKET', 'Siêu thị', 'Tầng B1 Menas Mall SA', 'HCM', 'Tân Bình', 3000.00, '2024-10-01', 'active'),
('LOC04', 'Mena Gourmet - Celesta Rise', 'SUPERMARKET', 'Siêu thị', 'Celesta Rise, Nhà Bè', 'HCM', 'Nhà Bè', 1500.00, '2024-11-01', 'active'),
('LOC05', 'Steakhouse The Fan', 'FB', 'F&B', 'Kim Long Villas, Nhà Bè', 'HCM', 'Nhà Bè', 250.00, '2021-03-01', 'active'),
('LOC06', 'Yum Food Village - Mall SA', 'FB', 'F&B', 'Tầng 5 Menas Mall SA', 'HCM', 'Tân Bình', 1000.00, '2020-12-01', 'active'),
('LOC07', 'L\'Amuse Gourmet Bistro', 'FB', 'F&B', 'Tầng B1 Menas Mall SA', 'HCM', 'Tân Bình', 180.00, '2021-01-01', 'active'),
('LOC08', 'Don Cipriani\'s', 'FB', 'F&B', 'Menas Mall SA', 'HCM', 'Tân Bình', 150.00, '2021-06-01', 'active'),
('LOC09', 'V-Senses Dining', 'FB', 'F&B', 'Menas Mall SA', 'HCM', 'Tân Bình', 200.00, '2021-06-01', 'active'),
('LOC10', 'Thai Siam Kitchen', 'FB', 'F&B', '547 Huỳnh Tấn Phát, Q7', 'HCM', 'Quận 7', 200.00, '2022-01-01', 'active'),
('LOC11', 'Boulangeries de Saigon', 'FB', 'F&B', 'Trong Mena Gourmet Market', 'HCM', 'Tân Bình', 80.00, '2024-10-01', 'active'),
('LOC12', 'Yum Food Outlet - Kim Long', 'FB', 'F&B', 'Kim Long Villas, Nhà Bè', 'HCM', 'Nhà Bè', 200.00, '2022-06-01', 'active'),
('LOC13', '3Sixty Duty-free', 'DUTYFREE', 'Duty Free', 'Menas Mall Saigon Airport', 'HCM', 'Tân Bình', 1000.00, '2020-12-01', 'active'),
('LOC14', 'Mena Cosmetics & Perfumes', 'BEAUTY', 'Beauty', 'Tầng 1 Menas Mall SA', 'HCM', 'Tân Bình', 200.00, '2025-12-01', 'active'),
('LOC15', 'Yum Food Village - Nha Trang', 'FB', 'F&B', 'Menas Mall Nha Trang', 'Nha Trang', 'Lộc Thọ', 600.00, '2021-06-01', 'active');

-- product_categories: 6 records
INSERT INTO `product_categories` (id, name, description, base_margin_pct) VALUES
(1.00, 'Thực phẩm tươi sống', 'Rau củ, thịt cá, trái cây tươi', 25),
(2.00, 'Thực phẩm nhập khẩu', 'Thực phẩm châu Âu, Nhật, Hàn', 15),
(3.00, 'Rượu bia', 'Rượu vang, bia nhập, sake, whisky', 20),
(4.00, 'Mỹ phẩm & Nước hoa', 'Skincare, nước hoa cao cấp', 35),
(5.00, 'Bánh kẹo & Quà tặng', 'Chocolate, quà Tết, gift set', 22),
(6.00, 'Đồ dùng gia đình', 'Dụng cụ nhà bếp, nến thơm, trang trí', 28);

-- products: 500 records
INSERT INTO `products` (id, sku, name, category_id, origin, base_price_vnd, cost_price_vnd, popularity_weight) VALUES
(1.00, 'SKU0001', 'Bơ Đắk Lắk loại 1', 1.00, 'domestic', 33000, 25000, 23.66),
(2.00, 'SKU0002', 'Cá hồi Na Uy fillet 300g', 1.00, 'domestic', 98000, 74000, 10.30),
(3.00, 'SKU0003', 'Rau organic Đà Lạt combo', 1.00, 'domestic', 245000, 184000, 6.33),
(4.00, 'SKU0004', 'Gà H\'Mông Tây Giang nguyên con', 1.00, 'domestic', 53000, 40000, 4.48),
(5.00, 'SKU0005', 'Tôm sú Cà Mau 500g', 1.00, 'domestic', 35000, 26000, 3.43),
(6.00, 'SKU0006', 'Thịt bò Wagyu Úc 200g', 1.00, 'domestic', 189000, 142000, 2.76),
(7.00, 'SKU0007', 'Cá ngừ đại dương 500g', 1.00, 'domestic', 90000, 68000, 2.29),
(8.00, 'SKU0008', 'Nấm đùi gà Đà Lạt 300g', 1.00, 'domestic', 202000, 152000, 1.95),
(9.00, 'SKU0009', 'Xà lách Mỹ hữu cơ', 1.00, 'domestic', 217000, 163000, 1.69),
(10.00, 'SKU0010', 'Cà chua cherry Đà Lạt 500g', 1.00, 'domestic', 27000, 20000, 1.49),
(11.00, 'SKU0011', 'Thịt heo Mộc Châu 500g', 1.00, 'domestic', 252000, 189000, 1.33),
(12.00, 'SKU0012', 'Cá diêu hồng phi lê', 1.00, 'domestic', 76000, 57000, 1.20),
(13.00, 'SKU0013', 'Rau muống organic 300g', 1.00, 'imported', 134000, 100000, 1.09),
(14.00, 'SKU0014', 'Bí đỏ Nhật 1kg', 1.00, 'domestic', 56000, 42000, 1.00),
(15.00, 'SKU0015', 'Khoai lang mật Đà Lạt', 1.00, 'domestic', 221000, 166000, 0.92),
(16.00, 'SKU0016', 'Trứng gà ta Bến Tre 10 quả', 1.00, 'domestic', 262000, 196000, 0.85),
(17.00, 'SKU0017', 'Đậu bắp baby 300g', 1.00, 'domestic', 341000, 256000, 0.79),
(18.00, 'SKU0018', 'Ớt chuông 3 màu', 1.00, 'domestic', 204000, 153000, 0.74),
(19.00, 'SKU0019', 'Bắp cải tím 500g', 1.00, 'domestic', 226000, 170000, 0.69),
(20.00, 'SKU0020', 'Dưa leo baby 300g', 1.00, 'domestic', 213000, 160000, 0.65),
(21.00, 'SKU0021', 'Măng tây Ninh Thuận 200g', 1.00, 'domestic', 40000, 30000, 0.61),
(22.00, 'SKU0022', 'Chanh dây Đắk Nông 1kg', 1.00, 'domestic', 119000, 89000, 0.58),
(23.00, 'SKU0023', 'Sầu riêng Ri6 1kg', 1.00, 'domestic', 101000, 76000, 0.55),
(24.00, 'SKU0024', 'Xoài cát Hòa Lộc', 1.00, 'domestic', 115000, 86000, 0.52),
(25.00, 'SKU0025', 'Thanh long ruột đỏ Bình Thuận', 1.00, 'domestic', 144000, 108000, 0.50),
(26.00, 'SKU0026', 'Bưởi da xanh Bến Tre', 1.00, 'domestic', 93000, 70000, 0.47),
(27.00, 'SKU0027', 'Táo Fuji Nhật', 1.00, 'domestic', 329000, 247000, 0.45),
(28.00, 'SKU0028', 'Nho xanh Mỹ seedless 500g', 1.00, 'domestic', 223000, 167000, 0.43),
(29.00, 'SKU0029', 'Dâu tây Đà Lạt hộp 300g', 1.00, 'domestic', 262000, 196000, 0.42),
(30.00, 'SKU0030', 'Cam sành Vĩnh Long', 1.00, 'domestic', 148000, 111000, 0.40),
(31.00, 'SKU0031', 'Thịt bò Úc MB3 300g', 1.00, 'imported', 233000, 175000, 0.38),
(32.00, 'SKU0032', 'Sườn cừu New Zealand', 1.00, 'domestic', 247000, 185000, 0.37),
(33.00, 'SKU0033', 'Ba chỉ bò Mỹ 400g', 1.00, 'domestic', 277000, 208000, 0.36),
(34.00, 'SKU0034', 'Cá chẽm phi lê 300g', 1.00, 'domestic', 35000, 26000, 0.34),
(35.00, 'SKU0035', 'Tôm hùm Alaska 500g', 1.00, 'domestic', 112000, 84000, 0.33),
(36.00, 'SKU0036', 'Mực ống tươi Phú Quốc', 1.00, 'domestic', 331000, 248000, 0.32),
(37.00, 'SKU0037', 'Nghêu lụa Cần Giờ 500g', 1.00, 'domestic', 127000, 95000, 0.31),
(38.00, 'SKU0038', 'Hàu sữa Vân Đồn 1kg', 1.00, 'domestic', 154000, 116000, 0.30),
(39.00, 'SKU0039', 'Ếch đồng 500g', 1.00, 'imported', 174000, 130000, 0.29),
(40.00, 'SKU0040', 'Chả giò rế Cầu Tre', 1.00, 'domestic', 105000, 79000, 0.28),
(41.00, 'SKU0041', 'Nem chua Thanh Hóa', 1.00, 'domestic', 110000, 82000, 0.27),
(42.00, 'SKU0042', 'Giò lụa Ước Lễ', 1.00, 'domestic', 317000, 238000, 0.27),
(43.00, 'SKU0043', 'Bơ Đắk Lắk loại 1 Mini', 1.00, 'domestic', 96000, 72000, 0.26),
(44.00, 'SKU0044', 'Cá hồi Na Uy fillet 300g Family', 1.00, 'imported', 191000, 143000, 0.25),
(45.00, 'SKU0045', 'Rau organic Đà Lạt combo Organic', 1.00, 'domestic', 40000, 30000, 0.25),
(46.00, 'SKU0046', 'Gà H\'Mông Tây Giang nguyên con Limited Edition', 1.00, 'domestic', 229000, 172000, 0.24),
(47.00, 'SKU0047', 'Tôm sú Cà Mau 500g Set 2', 1.00, 'domestic', 162000, 122000, 0.23),
(48.00, 'SKU0048', 'Thịt bò Wagyu Úc 200g Combo', 1.00, 'domestic', 149000, 112000, 0.23),
(49.00, 'SKU0049', 'Cá ngừ đại dương 500g Premium', 1.00, 'imported', 197000, 148000, 0.22),
(50.00, 'SKU0050', 'Nấm đùi gà Đà Lạt 300g Đặc biệt', 1.00, 'imported', 305000, 229000, 0.22),
(51.00, 'SKU0051', 'Xà lách Mỹ hữu cơ Hộp quà', 1.00, 'domestic', 259000, 194000, 0.21),
(52.00, 'SKU0052', 'Cà chua cherry Đà Lạt 500g Size L', 1.00, 'domestic', 200000, 150000, 0.21),
(53.00, 'SKU0053', 'Thịt heo Mộc Châu 500g New', 1.00, 'domestic', 233000, 175000, 0.20),
(54.00, 'SKU0054', 'Cá diêu hồng phi lê Classic', 1.00, 'domestic', 166000, 124000, 0.20),
(55.00, 'SKU0055', 'Rau muống organic 300g Mini', 1.00, 'domestic', 335000, 251000, 0.19),
(56.00, 'SKU0056', 'Bí đỏ Nhật 1kg Family', 1.00, 'domestic', 111000, 83000, 0.19),
(57.00, 'SKU0057', 'Khoai lang mật Đà Lạt Organic', 1.00, 'domestic', 83000, 62000, 0.18),
(58.00, 'SKU0058', 'Trứng gà ta Bến Tre 10 quả Limited Edition', 1.00, 'imported', 308000, 231000, 0.18),
(59.00, 'SKU0059', 'Đậu bắp baby 300g Set 2', 1.00, 'domestic', 233000, 175000, 0.18),
(60.00, 'SKU0060', 'Ớt chuông 3 màu Combo', 1.00, 'domestic', 75000, 56000, 0.17),
(61.00, 'SKU0061', 'Bắp cải tím 500g Premium', 1.00, 'domestic', 200000, 150000, 0.17),
(62.00, 'SKU0062', 'Dưa leo baby 300g Đặc biệt', 1.00, 'domestic', 197000, 148000, 0.17),
(63.00, 'SKU0063', 'Măng tây Ninh Thuận 200g Hộp quà', 1.00, 'domestic', 130000, 98000, 0.16),
(64.00, 'SKU0064', 'Chanh dây Đắk Nông 1kg Size L', 1.00, 'domestic', 327000, 245000, 0.16),
(65.00, 'SKU0065', 'Sầu riêng Ri6 1kg New', 1.00, 'domestic', 295000, 221000, 0.16),
(66.00, 'SKU0066', 'Xoài cát Hòa Lộc Classic', 1.00, 'domestic', 44000, 33000, 0.16),
(67.00, 'SKU0067', 'Thanh long ruột đỏ Bình Thuận Mini', 1.00, 'domestic', 333000, 250000, 0.15),
(68.00, 'SKU0068', 'Bưởi da xanh Bến Tre Family', 1.00, 'domestic', 183000, 137000, 0.15),
(69.00, 'SKU0069', 'Táo Fuji Nhật Organic', 1.00, 'domestic', 272000, 204000, 0.15),
(70.00, 'SKU0070', 'Nho xanh Mỹ seedless 500g Limited Edition', 1.00, 'domestic', 67000, 50000, 0.14),
(71.00, 'SKU0071', 'Dâu tây Đà Lạt hộp 300g Set 2', 1.00, 'domestic', 204000, 153000, 0.14),
(72.00, 'SKU0072', 'Cam sành Vĩnh Long Combo', 1.00, 'domestic', 309000, 232000, 0.14),
(73.00, 'SKU0073', 'Thịt bò Úc MB3 300g Premium', 1.00, 'domestic', 94000, 70000, 0.14),
(74.00, 'SKU0074', 'Sườn cừu New Zealand Đặc biệt', 1.00, 'domestic', 262000, 196000, 0.13),
(75.00, 'SKU0075', 'Ba chỉ bò Mỹ 400g Hộp quà', 1.00, 'domestic', 126000, 94000, 0.13),
(76.00, 'SKU0076', 'Cá chẽm phi lê 300g Size L', 1.00, 'imported', 236000, 177000, 0.13),
(77.00, 'SKU0077', 'Tôm hùm Alaska 500g New', 1.00, 'domestic', 193000, 145000, 0.13),
(78.00, 'SKU0078', 'Mực ống tươi Phú Quốc Classic', 1.00, 'domestic', 98000, 74000, 0.13),
(79.00, 'SKU0079', 'Nghêu lụa Cần Giờ 500g Mini', 1.00, 'domestic', 216000, 162000, 0.13),
(80.00, 'SKU0080', 'Hàu sữa Vân Đồn 1kg Family', 1.00, 'domestic', 97000, 73000, 0.12),
(81.00, 'SKU0081', 'Phô mai Comté Pháp 200g', 2.00, 'imported', 521000, 443000, 23.66),
(82.00, 'SKU0082', 'Dầu olive Colavita Ý 500ml', 2.00, 'imported', 729000, 620000, 10.30),
(83.00, 'SKU0083', 'Mứt việt quất Bonne Maman', 2.00, 'imported', 98000, 83000, 6.33),
(84.00, 'SKU0084', 'Pasta Barilla Spaghetti 500g', 2.00, 'imported', 550000, 468000, 4.48),
(85.00, 'SKU0085', 'Sốt cà chua San Marzano', 2.00, 'imported', 145000, 123000, 3.43),
(86.00, 'SKU0086', 'Bơ Président Pháp 200g', 2.00, 'imported', 476000, 405000, 2.76),
(87.00, 'SKU0087', 'Phô mai Parmesan Ý 150g', 2.00, 'imported', 637000, 541000, 2.29),
(88.00, 'SKU0088', 'Sữa tươi Meiji Nhật 1L', 2.00, 'imported', 189000, 161000, 1.95),
(89.00, 'SKU0089', 'Xúc xích Đức Bratwurst', 2.00, 'imported', 370000, 314000, 1.69),
(90.00, 'SKU0090', 'Pate gan ngỗng Pháp 150g', 2.00, 'imported', 398000, 338000, 1.49),
(91.00, 'SKU0091', 'Dầu truffle Urbani 100ml', 2.00, 'imported', 553000, 470000, 1.33),
(92.00, 'SKU0092', 'Giấm Balsamic Modena 250ml', 2.00, 'imported', 119000, 101000, 1.20),
(93.00, 'SKU0093', 'Mù tạt Dijon Maille 200g', 2.00, 'imported', 301000, 256000, 1.09),
(94.00, 'SKU0094', 'Nước mắm cá cơm Ý Colatura', 2.00, 'imported', 233000, 198000, 1.00),
(95.00, 'SKU0095', 'Tương miso Marukome 500g', 2.00, 'imported', 384000, 326000, 0.92),
(96.00, 'SKU0096', 'Nori Yamamotoyama 50 tờ', 2.00, 'imported', 255000, 217000, 0.85),
(97.00, 'SKU0097', 'Wasabi tươi S&B 43g', 2.00, 'imported', 742000, 631000, 0.79),
(98.00, 'SKU0098', 'Dầu mè Kadoya Nhật 150ml', 2.00, 'imported', 695000, 591000, 0.74),
(99.00, 'SKU0099', 'Bơ đậu phộng Skippy 462g', 2.00, 'imported', 83000, 71000, 0.69),
(100.00, 'SKU0100', 'Mật ong Manuka MGO400', 2.00, 'imported', 676000, 575000, 0.65);

INSERT INTO `products` (id, sku, name, category_id, origin, base_price_vnd, cost_price_vnd, popularity_weight) VALUES
(101.00, 'SKU0101', 'Granola ngũ cốc Úc 500g', 2.00, 'imported', 744000, 632000, 0.61),
(102.00, 'SKU0102', 'Sữa chua Hy Lạp Fage', 2.00, 'imported', 171000, 145000, 0.58),
(103.00, 'SKU0103', 'Kem Häagen-Dazs 473ml', 2.00, 'imported', 206000, 175000, 0.55),
(104.00, 'SKU0104', 'Phô mai Brie Pháp 200g', 2.00, 'imported', 89000, 76000, 0.52),
(105.00, 'SKU0105', 'Thịt bò khô Úc 200g', 2.00, 'imported', 789000, 671000, 0.50),
(106.00, 'SKU0106', 'Cá hộp Jose Gourmet', 2.00, 'imported', 637000, 541000, 0.47),
(107.00, 'SKU0107', 'Soup miso instant Marukome', 2.00, 'imported', 364000, 309000, 0.45),
(108.00, 'SKU0108', 'Ketchup Heinz 570g', 2.00, 'imported', 797000, 677000, 0.43),
(109.00, 'SKU0109', 'Mayo Kewpie Nhật 500g', 2.00, 'imported', 587000, 499000, 0.42),
(110.00, 'SKU0110', 'Sốt teriyaki Kikkoman', 2.00, 'imported', 269000, 229000, 0.40),
(111.00, 'SKU0111', 'Trà Earl Grey Twinings', 2.00, 'imported', 482000, 410000, 0.38),
(112.00, 'SKU0112', 'Cà phê Lavazza ORO 250g', 2.00, 'imported', 610000, 518000, 0.37),
(113.00, 'SKU0113', 'Nước dừa Chaokoh 500ml', 2.00, 'imported', 486000, 413000, 0.36),
(114.00, 'SKU0114', 'Ngũ cốc Kelloggs 300g', 2.00, 'imported', 689000, 586000, 0.34),
(115.00, 'SKU0115', 'Snack rong biển Tao Kae Noi', 2.00, 'imported', 770000, 654000, 0.33),
(116.00, 'SKU0116', 'Đậu hũ organic Silken', 2.00, 'imported', 185000, 157000, 0.32),
(117.00, 'SKU0117', 'Kimchi Jongga Hàn Quốc 380g', 2.00, 'imported', 555000, 472000, 0.31),
(118.00, 'SKU0118', 'Gạo Japonica Nhật 2kg', 2.00, 'imported', 136000, 116000, 0.30),
(119.00, 'SKU0119', 'Miến Hàn Quốc 500g', 2.00, 'imported', 231000, 196000, 0.29),
(120.00, 'SKU0120', 'Bánh gạo Topokki Hàn 500g', 2.00, 'imported', 513000, 436000, 0.28),
(121.00, 'SKU0121', 'Dầu hào Lee Kum Kee', 2.00, 'imported', 486000, 413000, 0.27),
(122.00, 'SKU0122', 'Tương ớt Sriracha 482g', 2.00, 'imported', 751000, 638000, 0.27),
(123.00, 'SKU0123', 'Phô mai Comté Pháp 200g Mini', 2.00, 'imported', 586000, 498000, 0.26),
(124.00, 'SKU0124', 'Dầu olive Colavita Ý 500ml Family', 2.00, 'imported', 344000, 292000, 0.25),
(125.00, 'SKU0125', 'Mứt việt quất Bonne Maman Organic', 2.00, 'imported', 271000, 230000, 0.25),
(126.00, 'SKU0126', 'Pasta Barilla Spaghetti 500g Limited Edition', 2.00, 'imported', 613000, 521000, 0.24),
(127.00, 'SKU0127', 'Sốt cà chua San Marzano Set 2', 2.00, 'imported', 391000, 332000, 0.23),
(128.00, 'SKU0128', 'Bơ Président Pháp 200g Combo', 2.00, 'imported', 797000, 677000, 0.23),
(129.00, 'SKU0129', 'Phô mai Parmesan Ý 150g Premium', 2.00, 'imported', 206000, 175000, 0.22),
(130.00, 'SKU0130', 'Sữa tươi Meiji Nhật 1L Đặc biệt', 2.00, 'imported', 750000, 638000, 0.22),
(131.00, 'SKU0131', 'Xúc xích Đức Bratwurst Hộp quà', 2.00, 'imported', 709000, 603000, 0.21),
(132.00, 'SKU0132', 'Pate gan ngỗng Pháp 150g Size L', 2.00, 'imported', 164000, 139000, 0.21),
(133.00, 'SKU0133', 'Dầu truffle Urbani 100ml New', 2.00, 'imported', 576000, 490000, 0.20),
(134.00, 'SKU0134', 'Giấm Balsamic Modena 250ml Classic', 2.00, 'imported', 790000, 672000, 0.20),
(135.00, 'SKU0135', 'Mù tạt Dijon Maille 200g Mini', 2.00, 'imported', 51000, 43000, 0.19),
(136.00, 'SKU0136', 'Nước mắm cá cơm Ý Colatura Family', 2.00, 'imported', 271000, 230000, 0.19),
(137.00, 'SKU0137', 'Tương miso Marukome 500g Organic', 2.00, 'imported', 754000, 641000, 0.18),
(138.00, 'SKU0138', 'Nori Yamamotoyama 50 tờ Limited Edition', 2.00, 'imported', 132000, 112000, 0.18),
(139.00, 'SKU0139', 'Wasabi tươi S&B 43g Set 2', 2.00, 'imported', 463000, 394000, 0.18),
(140.00, 'SKU0140', 'Dầu mè Kadoya Nhật 150ml Combo', 2.00, 'imported', 502000, 427000, 0.17),
(141.00, 'SKU0141', 'Bơ đậu phộng Skippy 462g Premium', 2.00, 'imported', 199000, 169000, 0.17),
(142.00, 'SKU0142', 'Mật ong Manuka MGO400 Đặc biệt', 2.00, 'imported', 244000, 207000, 0.17),
(143.00, 'SKU0143', 'Granola ngũ cốc Úc 500g Hộp quà', 2.00, 'imported', 729000, 620000, 0.16),
(144.00, 'SKU0144', 'Sữa chua Hy Lạp Fage Size L', 2.00, 'imported', 115000, 98000, 0.16),
(145.00, 'SKU0145', 'Kem Häagen-Dazs 473ml New', 2.00, 'imported', 254000, 216000, 0.16),
(146.00, 'SKU0146', 'Phô mai Brie Pháp 200g Classic', 2.00, 'imported', 627000, 533000, 0.16),
(147.00, 'SKU0147', 'Thịt bò khô Úc 200g Mini', 2.00, 'imported', 243000, 207000, 0.15),
(148.00, 'SKU0148', 'Cá hộp Jose Gourmet Family', 2.00, 'imported', 462000, 393000, 0.15),
(149.00, 'SKU0149', 'Soup miso instant Marukome Organic', 2.00, 'imported', 52000, 44000, 0.15),
(150.00, 'SKU0150', 'Ketchup Heinz 570g Limited Edition', 2.00, 'imported', 712000, 605000, 0.14),
(151.00, 'SKU0151', 'Mayo Kewpie Nhật 500g Set 2', 2.00, 'imported', 457000, 388000, 0.14),
(152.00, 'SKU0152', 'Sốt teriyaki Kikkoman Combo', 2.00, 'imported', 485000, 412000, 0.14),
(153.00, 'SKU0153', 'Trà Earl Grey Twinings Premium', 2.00, 'imported', 141000, 120000, 0.14),
(154.00, 'SKU0154', 'Cà phê Lavazza ORO 250g Đặc biệt', 2.00, 'imported', 724000, 615000, 0.13),
(155.00, 'SKU0155', 'Nước dừa Chaokoh 500ml Hộp quà', 2.00, 'imported', 695000, 591000, 0.13),
(156.00, 'SKU0156', 'Ngũ cốc Kelloggs 300g Size L', 2.00, 'imported', 204000, 173000, 0.13),
(157.00, 'SKU0157', 'Snack rong biển Tao Kae Noi New', 2.00, 'imported', 123000, 105000, 0.13),
(158.00, 'SKU0158', 'Đậu hũ organic Silken Classic', 2.00, 'imported', 713000, 606000, 0.13),
(159.00, 'SKU0159', 'Kimchi Jongga Hàn Quốc 380g Mini', 2.00, 'imported', 514000, 437000, 0.13),
(160.00, 'SKU0160', 'Gạo Japonica Nhật 2kg Family', 2.00, 'imported', 747000, 635000, 0.12),
(161.00, 'SKU0161', 'Miến Hàn Quốc 500g Organic', 2.00, 'imported', 782000, 665000, 0.12),
(162.00, 'SKU0162', 'Bánh gạo Topokki Hàn 500g Limited Edition', 2.00, 'imported', 710000, 604000, 0.12),
(163.00, 'SKU0163', 'Dầu hào Lee Kum Kee Set 2', 2.00, 'imported', 601000, 511000, 0.12),
(164.00, 'SKU0164', 'Tương ớt Sriracha 482g Combo', 2.00, 'imported', 748000, 636000, 0.12),
(165.00, 'SKU0165', 'Phô mai Comté Pháp 200g Premium', 2.00, 'imported', 697000, 592000, 0.11),
(166.00, 'SKU0166', 'Dầu olive Colavita Ý 500ml Đặc biệt', 2.00, 'imported', 246000, 209000, 0.11),
(167.00, 'SKU0167', 'Mứt việt quất Bonne Maman Hộp quà', 2.00, 'imported', 127000, 108000, 0.11),
(168.00, 'SKU0168', 'Pasta Barilla Spaghetti 500g Size L', 2.00, 'imported', 693000, 589000, 0.11),
(169.00, 'SKU0169', 'Sốt cà chua San Marzano New', 2.00, 'imported', 662000, 563000, 0.11),
(170.00, 'SKU0170', 'Bơ Président Pháp 200g Classic', 2.00, 'imported', 275000, 234000, 0.11),
(171.00, 'SKU0171', 'Phô mai Parmesan Ý 150g Mini', 2.00, 'imported', 217000, 184000, 0.11),
(172.00, 'SKU0172', 'Sữa tươi Meiji Nhật 1L Family', 2.00, 'imported', 191000, 162000, 0.10),
(173.00, 'SKU0173', 'Xúc xích Đức Bratwurst Organic', 2.00, 'imported', 698000, 593000, 0.10),
(174.00, 'SKU0174', 'Pate gan ngỗng Pháp 150g Limited Edition', 2.00, 'imported', 256000, 218000, 0.10),
(175.00, 'SKU0175', 'Dầu truffle Urbani 100ml Set 2', 2.00, 'imported', 347000, 295000, 0.10),
(176.00, 'SKU0176', 'Giấm Balsamic Modena 250ml Combo', 2.00, 'imported', 450000, 382000, 0.10),
(177.00, 'SKU0177', 'Mù tạt Dijon Maille 200g Premium', 2.00, 'imported', 132000, 112000, 0.10),
(178.00, 'SKU0178', 'Nước mắm cá cơm Ý Colatura Đặc biệt', 2.00, 'imported', 180000, 153000, 0.10),
(179.00, 'SKU0179', 'Tương miso Marukome 500g Hộp quà', 2.00, 'imported', 245000, 208000, 0.09),
(180.00, 'SKU0180', 'Nori Yamamotoyama 50 tờ Size L', 2.00, 'imported', 373000, 317000, 0.09),
(181.00, 'SKU0181', 'Bia Paulaner Đức 500ml', 3.00, 'imported', 1122000, 898000, 23.66),
(182.00, 'SKU0182', 'Rượu vang Château Bordeaux 750ml', 3.00, 'imported', 1807000, 1446000, 10.30),
(183.00, 'SKU0183', 'Sake Dassai 45 720ml', 3.00, 'imported', 2033000, 1626000, 6.33),
(184.00, 'SKU0184', 'Bia Tiger Crystal 330ml', 3.00, 'domestic', 2491000, 1993000, 4.48),
(185.00, 'SKU0185', 'Whisky Macallan 12 năm 700ml', 3.00, 'domestic', 3242000, 2594000, 3.43),
(186.00, 'SKU0186', 'Rượu vang Ý Chianti 750ml', 3.00, 'imported', 2528000, 2022000, 2.76),
(187.00, 'SKU0187', 'Champagne Moët & Chandon', 3.00, 'imported', 2359000, 1887000, 2.29),
(188.00, 'SKU0188', 'Gin Tanqueray 750ml', 3.00, 'imported', 277000, 222000, 1.95),
(189.00, 'SKU0189', 'Vodka Grey Goose 700ml', 3.00, 'imported', 1179000, 943000, 1.69),
(190.00, 'SKU0190', 'Rum Havana Club 700ml', 3.00, 'imported', 2973000, 2378000, 1.49),
(191.00, 'SKU0191', 'Bia Heineken 330ml lon', 3.00, 'imported', 1076000, 861000, 1.33),
(192.00, 'SKU0192', 'Bia Sapporo Premium 330ml', 3.00, 'imported', 1450000, 1160000, 1.20),
(193.00, 'SKU0193', 'Rượu vang Chile Casillero', 3.00, 'imported', 1059000, 847000, 1.09),
(194.00, 'SKU0194', 'Prosecco Mionetto 750ml', 3.00, 'domestic', 1492000, 1194000, 1.00),
(195.00, 'SKU0195', 'Tequila Patrón Silver', 3.00, 'imported', 2382000, 1906000, 0.92),
(196.00, 'SKU0196', 'Cognac Hennessy VS 700ml', 3.00, 'imported', 2168000, 1734000, 0.85),
(197.00, 'SKU0197', 'Bia Asahi Super Dry 330ml', 3.00, 'imported', 1934000, 1547000, 0.79),
(198.00, 'SKU0198', 'Rượu mận Nhật Choya', 3.00, 'domestic', 1029000, 823000, 0.74),
(199.00, 'SKU0199', 'Bia craft Pasteur Street IPA', 3.00, 'imported', 2045000, 1636000, 0.69),
(200.00, 'SKU0200', 'Bia Chimay Blue Bỉ 330ml', 3.00, 'imported', 1646000, 1317000, 0.65);

INSERT INTO `products` (id, sku, name, category_id, origin, base_price_vnd, cost_price_vnd, popularity_weight) VALUES
(201.00, 'SKU0201', 'Whisky Johnnie Walker Black', 3.00, 'imported', 775000, 620000, 0.61),
(202.00, 'SKU0202', 'Rượu vang Úc Penfolds', 3.00, 'imported', 3158000, 2526000, 0.58),
(203.00, 'SKU0203', 'Sake Kubota Manju 720ml', 3.00, 'imported', 623000, 498000, 0.55),
(204.00, 'SKU0204', 'Bia Hoegaarden Bỉ 330ml', 3.00, 'domestic', 1821000, 1457000, 0.52),
(205.00, 'SKU0205', 'Gin Hendrick\'s 700ml', 3.00, 'imported', 1196000, 957000, 0.50),
(206.00, 'SKU0206', 'Rượu vang New Zealand', 3.00, 'imported', 2638000, 2110000, 0.47),
(207.00, 'SKU0207', 'Bia Leffe Blonde Bỉ', 3.00, 'imported', 813000, 650000, 0.45),
(208.00, 'SKU0208', 'Brandy Rémy Martin VSOP', 3.00, 'domestic', 120000, 96000, 0.43),
(209.00, 'SKU0209', 'Cider Somersby Apple 330ml', 3.00, 'domestic', 1681000, 1345000, 0.42),
(210.00, 'SKU0210', 'Bia Corona Extra 355ml', 3.00, 'imported', 287000, 230000, 0.40),
(211.00, 'SKU0211', 'Whisky Glenfiddich 12yr', 3.00, 'imported', 2217000, 1774000, 0.38),
(212.00, 'SKU0212', 'Rượu vang Pháp Côtes du Rhône', 3.00, 'domestic', 2448000, 1958000, 0.37),
(213.00, 'SKU0213', 'Bia Budweiser 330ml', 3.00, 'imported', 880000, 704000, 0.36),
(214.00, 'SKU0214', 'Sake Hakutsuru 300ml', 3.00, 'imported', 54000, 43000, 0.34),
(215.00, 'SKU0215', 'Port Wine Graham\'s', 3.00, 'imported', 2703000, 2162000, 0.33),
(216.00, 'SKU0216', 'Amaretto Disaronno 700ml', 3.00, 'domestic', 1508000, 1206000, 0.32),
(217.00, 'SKU0217', 'Bia Paulaner Đức 500ml Premium', 3.00, 'domestic', 3354000, 2683000, 0.31),
(218.00, 'SKU0218', 'Rượu vang Château Bordeaux 750ml Đặc biệt', 3.00, 'imported', 209000, 167000, 0.30),
(219.00, 'SKU0219', 'Sake Dassai 45 720ml Hộp quà', 3.00, 'domestic', 2974000, 2379000, 0.29),
(220.00, 'SKU0220', 'Bia Tiger Crystal 330ml Size L', 3.00, 'imported', 2812000, 2250000, 0.28),
(221.00, 'SKU0221', 'Whisky Macallan 12 năm 700ml New', 3.00, 'imported', 3458000, 2766000, 0.27),
(222.00, 'SKU0222', 'Rượu vang Ý Chianti 750ml Classic', 3.00, 'imported', 3327000, 2662000, 0.27),
(223.00, 'SKU0223', 'Champagne Moët & Chandon Mini', 3.00, 'imported', 2158000, 1726000, 0.26),
(224.00, 'SKU0224', 'Gin Tanqueray 750ml Family', 3.00, 'imported', 1784000, 1427000, 0.25),
(225.00, 'SKU0225', 'Vodka Grey Goose 700ml Organic', 3.00, 'imported', 1933000, 1546000, 0.25),
(226.00, 'SKU0226', 'Rum Havana Club 700ml Limited Edition', 3.00, 'imported', 2612000, 2090000, 0.24),
(227.00, 'SKU0227', 'Bia Heineken 330ml lon Set 2', 3.00, 'imported', 933000, 746000, 0.23),
(228.00, 'SKU0228', 'Bia Sapporo Premium 330ml Combo', 3.00, 'domestic', 2244000, 1795000, 0.23),
(229.00, 'SKU0229', 'Rượu vang Chile Casillero Premium', 3.00, 'imported', 1841000, 1473000, 0.22),
(230.00, 'SKU0230', 'Prosecco Mionetto 750ml Đặc biệt', 3.00, 'imported', 986000, 789000, 0.22),
(231.00, 'SKU0231', 'Tequila Patrón Silver Hộp quà', 3.00, 'domestic', 1025000, 820000, 0.21),
(232.00, 'SKU0232', 'Cognac Hennessy VS 700ml Size L', 3.00, 'domestic', 1143000, 914000, 0.21),
(233.00, 'SKU0233', 'Bia Asahi Super Dry 330ml New', 3.00, 'imported', 514000, 411000, 0.20),
(234.00, 'SKU0234', 'Rượu mận Nhật Choya Classic', 3.00, 'domestic', 2440000, 1952000, 0.20),
(235.00, 'SKU0235', 'Bia craft Pasteur Street IPA Mini', 3.00, 'imported', 258000, 206000, 0.19),
(236.00, 'SKU0236', 'Bia Chimay Blue Bỉ 330ml Family', 3.00, 'imported', 1915000, 1532000, 0.19),
(237.00, 'SKU0237', 'Whisky Johnnie Walker Black Organic', 3.00, 'imported', 752000, 602000, 0.18),
(238.00, 'SKU0238', 'Rượu vang Úc Penfolds Limited Edition', 3.00, 'imported', 3170000, 2536000, 0.18),
(239.00, 'SKU0239', 'Sake Kubota Manju 720ml Set 2', 3.00, 'imported', 2445000, 1956000, 0.18),
(240.00, 'SKU0240', 'Bia Hoegaarden Bỉ 330ml Combo', 3.00, 'imported', 2688000, 2150000, 0.17),
(241.00, 'SKU0241', 'Gin Hendrick\'s 700ml Premium', 3.00, 'imported', 55000, 44000, 0.17),
(242.00, 'SKU0242', 'Rượu vang New Zealand Đặc biệt', 3.00, 'imported', 2646000, 2117000, 0.17),
(243.00, 'SKU0243', 'Bia Leffe Blonde Bỉ Hộp quà', 3.00, 'imported', 3339000, 2671000, 0.16),
(244.00, 'SKU0244', 'Brandy Rémy Martin VSOP Size L', 3.00, 'imported', 2625000, 2100000, 0.16),
(245.00, 'SKU0245', 'Cider Somersby Apple 330ml New', 3.00, 'imported', 2125000, 1700000, 0.16),
(246.00, 'SKU0246', 'Bia Corona Extra 355ml Classic', 3.00, 'domestic', 795000, 636000, 0.16),
(247.00, 'SKU0247', 'Whisky Glenfiddich 12yr Mini', 3.00, 'imported', 136000, 109000, 0.15),
(248.00, 'SKU0248', 'Rượu vang Pháp Côtes du Rhône Family', 3.00, 'imported', 2388000, 1910000, 0.15),
(249.00, 'SKU0249', 'Bia Budweiser 330ml Organic', 3.00, 'imported', 607000, 486000, 0.15),
(250.00, 'SKU0250', 'Sake Hakutsuru 300ml Limited Edition', 3.00, 'imported', 477000, 382000, 0.14),
(251.00, 'SKU0251', 'Port Wine Graham\'s Set 2', 3.00, 'imported', 128000, 102000, 0.14),
(252.00, 'SKU0252', 'Amaretto Disaronno 700ml Combo', 3.00, 'imported', 1991000, 1593000, 0.14),
(253.00, 'SKU0253', 'Bia Paulaner Đức 500ml Premium', 3.00, 'domestic', 2262000, 1810000, 0.14),
(254.00, 'SKU0254', 'Rượu vang Château Bordeaux 750ml Đặc biệt', 3.00, 'domestic', 1635000, 1308000, 0.13),
(255.00, 'SKU0255', 'Sake Dassai 45 720ml Hộp quà', 3.00, 'domestic', 1349000, 1079000, 0.13),
(256.00, 'SKU0256', 'Bia Tiger Crystal 330ml Size L', 3.00, 'domestic', 1168000, 934000, 0.13),
(257.00, 'SKU0257', 'Whisky Macallan 12 năm 700ml New', 3.00, 'imported', 1349000, 1079000, 0.13),
(258.00, 'SKU0258', 'Rượu vang Ý Chianti 750ml Classic', 3.00, 'imported', 2918000, 2334000, 0.13),
(259.00, 'SKU0259', 'Champagne Moët & Chandon Mini', 3.00, 'domestic', 319000, 255000, 0.13),
(260.00, 'SKU0260', 'Gin Tanqueray 750ml Family', 3.00, 'domestic', 1904000, 1523000, 0.12),
(261.00, 'SKU0261', 'Lancôme Advanced Génifique 30ml', 4.00, 'imported', 1847000, 1201000, 23.66),
(262.00, 'SKU0262', 'Nước hoa Gucci Bloom 50ml', 4.00, 'imported', 3939000, 2560000, 10.30),
(263.00, 'SKU0263', 'The History of Whoo set', 4.00, 'imported', 3808000, 2475000, 6.33),
(264.00, 'SKU0264', 'Kem chống nắng Anessa 60ml', 4.00, 'imported', 1117000, 726000, 4.48),
(265.00, 'SKU0265', 'SK-II Essence 230ml', 4.00, 'domestic', 889000, 578000, 3.43),
(266.00, 'SKU0266', 'Estée Lauder Night Repair 50ml', 4.00, 'domestic', 3397000, 2208000, 2.76),
(267.00, 'SKU0267', 'Chanel No.5 EDP 50ml', 4.00, 'imported', 1207000, 785000, 2.29),
(268.00, 'SKU0268', 'Dior Sauvage EDT 100ml', 4.00, 'imported', 3869000, 2515000, 1.95),
(269.00, 'SKU0269', 'La Mer Moisturizing Cream 30ml', 4.00, 'domestic', 3095000, 2012000, 1.69),
(270.00, 'SKU0270', 'Shiseido Ultimune 50ml', 4.00, 'imported', 705000, 458000, 1.49),
(271.00, 'SKU0271', 'Sulwhasoo First Care 90ml', 4.00, 'imported', 4829000, 3139000, 1.33),
(272.00, 'SKU0272', 'Clinique Dramatically Different 125ml', 4.00, 'domestic', 275000, 179000, 1.20),
(273.00, 'SKU0273', 'MAC Ruby Woo Lipstick', 4.00, 'imported', 3435000, 2233000, 1.09),
(274.00, 'SKU0274', 'Tom Ford Black Orchid 50ml', 4.00, 'imported', 2074000, 1348000, 1.00),
(275.00, 'SKU0275', 'Nước hoa YSL Libre 50ml', 4.00, 'imported', 519000, 337000, 0.92),
(276.00, 'SKU0276', 'Kiehl\'s Ultra Facial Cream 50ml', 4.00, 'imported', 3192000, 2075000, 0.85),
(277.00, 'SKU0277', 'Laneige Water Bank 50ml', 4.00, 'domestic', 3897000, 2533000, 0.79),
(278.00, 'SKU0278', 'Charlotte Tilbury Pillow Talk', 4.00, 'imported', 3062000, 1990000, 0.74),
(279.00, 'SKU0279', 'NARS Orgasm Blush', 4.00, 'domestic', 4922000, 3199000, 0.69),
(280.00, 'SKU0280', 'Guerlain Abeille Royale 50ml', 4.00, 'imported', 1834000, 1192000, 0.65),
(281.00, 'SKU0281', 'Innisfree Green Tea Seed 80ml', 4.00, 'imported', 1947000, 1266000, 0.61),
(282.00, 'SKU0282', 'Bioderma Sensibio H2O 500ml', 4.00, 'imported', 1805000, 1173000, 0.58),
(283.00, 'SKU0283', 'Vichy Minéral 89 50ml', 4.00, 'imported', 4138000, 2690000, 0.55),
(284.00, 'SKU0284', 'Nước hoa Hermès Terre 100ml', 4.00, 'domestic', 4810000, 3126000, 0.52),
(285.00, 'SKU0285', 'Jo Malone Peony & Blush', 4.00, 'imported', 4169000, 2710000, 0.50),
(286.00, 'SKU0286', 'Givenchy L\'Interdit 50ml', 4.00, 'imported', 2262000, 1470000, 0.47),
(287.00, 'SKU0287', 'Clarins Double Serum 50ml', 4.00, 'imported', 4833000, 3141000, 0.45),
(288.00, 'SKU0288', 'Origins Mega-Mushroom 50ml', 4.00, 'imported', 4070000, 2646000, 0.43),
(289.00, 'SKU0289', 'Fresh Soy Face Cleanser 150ml', 4.00, 'imported', 2495000, 1622000, 0.42),
(290.00, 'SKU0290', 'Bobbi Brown Skin Foundation', 4.00, 'imported', 3695000, 2402000, 0.40),
(291.00, 'SKU0291', 'Drunk Elephant C-Firma 30ml', 4.00, 'imported', 4281000, 2783000, 0.38),
(292.00, 'SKU0292', 'Paula\'s Choice BHA 118ml', 4.00, 'imported', 570000, 370000, 0.37),
(293.00, 'SKU0293', 'AHC Eye Cream 40ml', 4.00, 'imported', 1333000, 866000, 0.36),
(294.00, 'SKU0294', 'Missha Time Revolution 150ml', 4.00, 'imported', 3110000, 2022000, 0.34),
(295.00, 'SKU0295', 'Hera Black Cushion SPF34', 4.00, 'imported', 289000, 188000, 0.33),
(296.00, 'SKU0296', 'Son Dior Rouge 999', 4.00, 'imported', 1032000, 671000, 0.32),
(297.00, 'SKU0297', 'Phấn Chanel Les Beiges', 4.00, 'imported', 4019000, 2612000, 0.31),
(298.00, 'SKU0298', 'Mascara Maybelline Lash Sensational', 4.00, 'imported', 4420000, 2873000, 0.30),
(299.00, 'SKU0299', 'Lancôme Advanced Génifique 30ml Hộp quà', 4.00, 'imported', 1490000, 968000, 0.29),
(300.00, 'SKU0300', 'Nước hoa Gucci Bloom 50ml Size L', 4.00, 'domestic', 4748000, 3086000, 0.28);

INSERT INTO `products` (id, sku, name, category_id, origin, base_price_vnd, cost_price_vnd, popularity_weight) VALUES
(301.00, 'SKU0301', 'The History of Whoo set New', 4.00, 'domestic', 3642000, 2367000, 0.27),
(302.00, 'SKU0302', 'Kem chống nắng Anessa 60ml Classic', 4.00, 'imported', 3827000, 2488000, 0.27),
(303.00, 'SKU0303', 'SK-II Essence 230ml Mini', 4.00, 'imported', 3283000, 2134000, 0.26),
(304.00, 'SKU0304', 'Estée Lauder Night Repair 50ml Family', 4.00, 'imported', 3996000, 2597000, 0.25),
(305.00, 'SKU0305', 'Chanel No.5 EDP 50ml Organic', 4.00, 'domestic', 1225000, 796000, 0.25),
(306.00, 'SKU0306', 'Dior Sauvage EDT 100ml Limited Edition', 4.00, 'imported', 1635000, 1063000, 0.24),
(307.00, 'SKU0307', 'La Mer Moisturizing Cream 30ml Set 2', 4.00, 'imported', 2445000, 1589000, 0.23),
(308.00, 'SKU0308', 'Shiseido Ultimune 50ml Combo', 4.00, 'imported', 2214000, 1439000, 0.23),
(309.00, 'SKU0309', 'Sulwhasoo First Care 90ml Premium', 4.00, 'imported', 1754000, 1140000, 0.22),
(310.00, 'SKU0310', 'Clinique Dramatically Different 125ml Đặc biệt', 4.00, 'imported', 1464000, 952000, 0.22),
(311.00, 'SKU0311', 'MAC Ruby Woo Lipstick Hộp quà', 4.00, 'imported', 735000, 478000, 0.21),
(312.00, 'SKU0312', 'Tom Ford Black Orchid 50ml Size L', 4.00, 'domestic', 730000, 474000, 0.21),
(313.00, 'SKU0313', 'Nước hoa YSL Libre 50ml New', 4.00, 'imported', 3847000, 2501000, 0.20),
(314.00, 'SKU0314', 'Kiehl\'s Ultra Facial Cream 50ml Classic', 4.00, 'domestic', 1199000, 779000, 0.20),
(315.00, 'SKU0315', 'Laneige Water Bank 50ml Mini', 4.00, 'imported', 3664000, 2382000, 0.19),
(316.00, 'SKU0316', 'Charlotte Tilbury Pillow Talk Family', 4.00, 'imported', 2694000, 1751000, 0.19),
(317.00, 'SKU0317', 'NARS Orgasm Blush Organic', 4.00, 'imported', 638000, 415000, 0.18),
(318.00, 'SKU0318', 'Guerlain Abeille Royale 50ml Limited Edition', 4.00, 'domestic', 1253000, 814000, 0.18),
(319.00, 'SKU0319', 'Innisfree Green Tea Seed 80ml Set 2', 4.00, 'domestic', 219000, 142000, 0.18),
(320.00, 'SKU0320', 'Bioderma Sensibio H2O 500ml Combo', 4.00, 'imported', 1480000, 962000, 0.17),
(321.00, 'SKU0321', 'Vichy Minéral 89 50ml Premium', 4.00, 'imported', 2834000, 1842000, 0.17),
(322.00, 'SKU0322', 'Nước hoa Hermès Terre 100ml Đặc biệt', 4.00, 'imported', 762000, 495000, 0.17),
(323.00, 'SKU0323', 'Jo Malone Peony & Blush Hộp quà', 4.00, 'imported', 2531000, 1645000, 0.16),
(324.00, 'SKU0324', 'Givenchy L\'Interdit 50ml Size L', 4.00, 'imported', 2934000, 1907000, 0.16),
(325.00, 'SKU0325', 'Clarins Double Serum 50ml New', 4.00, 'imported', 2286000, 1486000, 0.16),
(326.00, 'SKU0326', 'Origins Mega-Mushroom 50ml Classic', 4.00, 'domestic', 399000, 259000, 0.16),
(327.00, 'SKU0327', 'Fresh Soy Face Cleanser 150ml Mini', 4.00, 'imported', 2467000, 1604000, 0.15),
(328.00, 'SKU0328', 'Bobbi Brown Skin Foundation Family', 4.00, 'imported', 2093000, 1360000, 0.15),
(329.00, 'SKU0329', 'Drunk Elephant C-Firma 30ml Organic', 4.00, 'domestic', 3203000, 2082000, 0.15),
(330.00, 'SKU0330', 'Paula\'s Choice BHA 118ml Limited Edition', 4.00, 'domestic', 874000, 568000, 0.14),
(331.00, 'SKU0331', 'AHC Eye Cream 40ml Set 2', 4.00, 'imported', 1624000, 1056000, 0.14),
(332.00, 'SKU0332', 'Missha Time Revolution 150ml Combo', 4.00, 'imported', 724000, 471000, 0.14),
(333.00, 'SKU0333', 'Hera Black Cushion SPF34 Premium', 4.00, 'imported', 3091000, 2009000, 0.14),
(334.00, 'SKU0334', 'Son Dior Rouge 999 Đặc biệt', 4.00, 'imported', 1245000, 809000, 0.13),
(335.00, 'SKU0335', 'Phấn Chanel Les Beiges Hộp quà', 4.00, 'imported', 2335000, 1518000, 0.13),
(336.00, 'SKU0336', 'Mascara Maybelline Lash Sensational Size L', 4.00, 'imported', 4322000, 2809000, 0.13),
(337.00, 'SKU0337', 'Lancôme Advanced Génifique 30ml New', 4.00, 'imported', 1631000, 1060000, 0.13),
(338.00, 'SKU0338', 'Nước hoa Gucci Bloom 50ml Classic', 4.00, 'imported', 3107000, 2020000, 0.13),
(339.00, 'SKU0339', 'The History of Whoo set Mini', 4.00, 'imported', 4746000, 3085000, 0.13),
(340.00, 'SKU0340', 'Kem chống nắng Anessa 60ml Family', 4.00, 'imported', 1173000, 762000, 0.12),
(341.00, 'SKU0341', 'SK-II Essence 230ml Organic', 4.00, 'imported', 912000, 593000, 0.12),
(342.00, 'SKU0342', 'Estée Lauder Night Repair 50ml Limited Edition', 4.00, 'domestic', 514000, 334000, 0.12),
(343.00, 'SKU0343', 'Chanel No.5 EDP 50ml Set 2', 4.00, 'domestic', 2335000, 1518000, 0.12),
(344.00, 'SKU0344', 'Dior Sauvage EDT 100ml Combo', 4.00, 'imported', 1563000, 1016000, 0.12),
(345.00, 'SKU0345', 'La Mer Moisturizing Cream 30ml Premium', 4.00, 'imported', 3579000, 2326000, 0.11),
(346.00, 'SKU0346', 'Shiseido Ultimune 50ml Đặc biệt', 4.00, 'imported', 2352000, 1529000, 0.11),
(347.00, 'SKU0347', 'Sulwhasoo First Care 90ml Hộp quà', 4.00, 'imported', 4631000, 3010000, 0.11),
(348.00, 'SKU0348', 'Clinique Dramatically Different 125ml Size L', 4.00, 'imported', 3182000, 2068000, 0.11),
(349.00, 'SKU0349', 'MAC Ruby Woo Lipstick New', 4.00, 'imported', 4678000, 3041000, 0.11),
(350.00, 'SKU0350', 'Tom Ford Black Orchid 50ml Classic', 4.00, 'imported', 2791000, 1814000, 0.11),
(351.00, 'SKU0351', 'Nước hoa YSL Libre 50ml Mini', 4.00, 'imported', 4556000, 2961000, 0.11),
(352.00, 'SKU0352', 'Kiehl\'s Ultra Facial Cream 50ml Family', 4.00, 'imported', 496000, 322000, 0.10),
(353.00, 'SKU0353', 'Laneige Water Bank 50ml Organic', 4.00, 'domestic', 1642000, 1067000, 0.10),
(354.00, 'SKU0354', 'Charlotte Tilbury Pillow Talk Limited Edition', 4.00, 'imported', 2911000, 1892000, 0.10),
(355.00, 'SKU0355', 'NARS Orgasm Blush Set 2', 4.00, 'imported', 753000, 489000, 0.10),
(356.00, 'SKU0356', 'Guerlain Abeille Royale 50ml Combo', 4.00, 'imported', 3544000, 2304000, 0.10),
(357.00, 'SKU0357', 'Innisfree Green Tea Seed 80ml Premium', 4.00, 'imported', 2577000, 1675000, 0.10),
(358.00, 'SKU0358', 'Bioderma Sensibio H2O 500ml Đặc biệt', 4.00, 'imported', 540000, 351000, 0.10),
(359.00, 'SKU0359', 'Vichy Minéral 89 50ml Hộp quà', 4.00, 'domestic', 2245000, 1459000, 0.09),
(360.00, 'SKU0360', 'Nước hoa Hermès Terre 100ml Size L', 4.00, 'imported', 1364000, 887000, 0.09),
(361.00, 'SKU0361', 'Chocolate Godiva hộp 16 viên', 5.00, 'domestic', 1155000, 901000, 23.66),
(362.00, 'SKU0362', 'Bánh quy Bonne Maman 175g', 5.00, 'imported', 703000, 548000, 10.30),
(363.00, 'SKU0363', 'Gift set Tết cao cấp Mena', 5.00, 'imported', 1199000, 935000, 6.33),
(364.00, 'SKU0364', 'Kẹo Haribo Goldbären 200g', 5.00, 'imported', 345000, 269000, 4.48),
(365.00, 'SKU0365', 'Chocolate Lindt Swiss 300g', 5.00, 'domestic', 915000, 714000, 3.43),
(366.00, 'SKU0366', 'Bánh Yoku Moku 20 cái', 5.00, 'imported', 792000, 618000, 2.76),
(367.00, 'SKU0367', 'Macaron Ladurée hộp 8', 5.00, 'imported', 242000, 189000, 2.29),
(368.00, 'SKU0368', 'Kẹo Ferrero Rocher T30', 5.00, 'imported', 773000, 603000, 1.95),
(369.00, 'SKU0369', 'Gift set rượu vang cao cấp', 5.00, 'imported', 137000, 107000, 1.69),
(370.00, 'SKU0370', 'Bánh LU Pháp assorted 400g', 5.00, 'domestic', 420000, 328000, 1.49),
(371.00, 'SKU0371', 'Chocolate Valrhona 250g', 5.00, 'imported', 1034000, 807000, 1.33),
(372.00, 'SKU0372', 'Kẹo dừa Bến Tre hộp', 5.00, 'domestic', 842000, 657000, 1.20),
(373.00, 'SKU0373', 'Mứt Tết truyền thống', 5.00, 'domestic', 1136000, 886000, 1.09),
(374.00, 'SKU0374', 'Gift hamper Mena Premium', 5.00, 'imported', 674000, 526000, 1.00),
(375.00, 'SKU0375', 'Bánh trung thu Mena', 5.00, 'imported', 398000, 310000, 0.92),
(376.00, 'SKU0376', 'Trà Dilmah hộp quà', 5.00, 'domestic', 1165000, 909000, 0.85),
(377.00, 'SKU0377', 'Chocolate Toblerone 360g', 5.00, 'imported', 632000, 493000, 0.79),
(378.00, 'SKU0378', 'Kẹo Mentos hộp thiếc', 5.00, 'imported', 799000, 623000, 0.74),
(379.00, 'SKU0379', 'Gift set café Mena Selection', 5.00, 'imported', 513000, 400000, 0.69),
(380.00, 'SKU0380', 'Bánh pía Sóc Trăng', 5.00, 'domestic', 453000, 353000, 0.65),
(381.00, 'SKU0381', 'Hạt điều Bình Phước rang muối', 5.00, 'imported', 762000, 594000, 0.61),
(382.00, 'SKU0382', 'Hạt mắc ca Đắk Lắk 500g', 5.00, 'imported', 268000, 209000, 0.58),
(383.00, 'SKU0383', 'Mứt gừng Huế 300g', 5.00, 'imported', 1115000, 870000, 0.55),
(384.00, 'SKU0384', 'Ô mai Hàng Đường Hà Nội', 5.00, 'imported', 847000, 661000, 0.52),
(385.00, 'SKU0385', 'Gift box chocolate & wine', 5.00, 'domestic', 1169000, 912000, 0.50),
(386.00, 'SKU0386', 'Bánh tráng cuốn Tây Ninh', 5.00, 'imported', 310000, 242000, 0.47),
(387.00, 'SKU0387', 'Hạt mix healthy 500g', 5.00, 'domestic', 674000, 526000, 0.45),
(388.00, 'SKU0388', 'Trà oolong Đà Lạt hộp thiếc', 5.00, 'imported', 139000, 108000, 0.43),
(389.00, 'SKU0389', 'Cookie Danish Butter 908g', 5.00, 'imported', 1098000, 856000, 0.42),
(390.00, 'SKU0390', 'Chocolate Ghirardelli assorted', 5.00, 'imported', 167000, 130000, 0.40),
(391.00, 'SKU0391', 'Chocolate Godiva hộp 16 viên Mini', 5.00, 'imported', 613000, 478000, 0.38),
(392.00, 'SKU0392', 'Bánh quy Bonne Maman 175g Family', 5.00, 'imported', 625000, 488000, 0.37),
(393.00, 'SKU0393', 'Gift set Tết cao cấp Mena Organic', 5.00, 'domestic', 1007000, 785000, 0.36),
(394.00, 'SKU0394', 'Kẹo Haribo Goldbären 200g Limited Edition', 5.00, 'imported', 315000, 246000, 0.34),
(395.00, 'SKU0395', 'Chocolate Lindt Swiss 300g Set 2', 5.00, 'imported', 479000, 374000, 0.33),
(396.00, 'SKU0396', 'Bánh Yoku Moku 20 cái Combo', 5.00, 'imported', 625000, 488000, 0.32),
(397.00, 'SKU0397', 'Macaron Ladurée hộp 8 Premium', 5.00, 'imported', 1041000, 812000, 0.31),
(398.00, 'SKU0398', 'Kẹo Ferrero Rocher T30 Đặc biệt', 5.00, 'domestic', 954000, 744000, 0.30),
(399.00, 'SKU0399', 'Gift set rượu vang cao cấp Hộp quà', 5.00, 'imported', 1123000, 876000, 0.29),
(400.00, 'SKU0400', 'Bánh LU Pháp assorted 400g Size L', 5.00, 'imported', 990000, 772000, 0.28);

INSERT INTO `products` (id, sku, name, category_id, origin, base_price_vnd, cost_price_vnd, popularity_weight) VALUES
(401.00, 'SKU0401', 'Chocolate Valrhona 250g New', 5.00, 'domestic', 379000, 296000, 0.27),
(402.00, 'SKU0402', 'Kẹo dừa Bến Tre hộp Classic', 5.00, 'imported', 1199000, 935000, 0.27),
(403.00, 'SKU0403', 'Mứt Tết truyền thống Mini', 5.00, 'imported', 204000, 159000, 0.26),
(404.00, 'SKU0404', 'Gift hamper Mena Premium Family', 5.00, 'imported', 434000, 339000, 0.25),
(405.00, 'SKU0405', 'Bánh trung thu Mena Organic', 5.00, 'imported', 666000, 519000, 0.25),
(406.00, 'SKU0406', 'Trà Dilmah hộp quà Limited Edition', 5.00, 'imported', 406000, 317000, 0.24),
(407.00, 'SKU0407', 'Chocolate Toblerone 360g Set 2', 5.00, 'domestic', 846000, 660000, 0.23),
(408.00, 'SKU0408', 'Kẹo Mentos hộp thiếc Combo', 5.00, 'imported', 303000, 236000, 0.23),
(409.00, 'SKU0409', 'Gift set café Mena Selection Premium', 5.00, 'imported', 81000, 63000, 0.22),
(410.00, 'SKU0410', 'Bánh pía Sóc Trăng Đặc biệt', 5.00, 'imported', 855000, 667000, 0.22),
(411.00, 'SKU0411', 'Hạt điều Bình Phước rang muối Hộp quà', 5.00, 'imported', 482000, 376000, 0.21),
(412.00, 'SKU0412', 'Hạt mắc ca Đắk Lắk 500g Size L', 5.00, 'imported', 990000, 772000, 0.21),
(413.00, 'SKU0413', 'Mứt gừng Huế 300g New', 5.00, 'imported', 610000, 476000, 0.20),
(414.00, 'SKU0414', 'Ô mai Hàng Đường Hà Nội Classic', 5.00, 'domestic', 618000, 482000, 0.20),
(415.00, 'SKU0415', 'Gift box chocolate & wine Mini', 5.00, 'imported', 1048000, 817000, 0.19),
(416.00, 'SKU0416', 'Bánh tráng cuốn Tây Ninh Family', 5.00, 'imported', 545000, 425000, 0.19),
(417.00, 'SKU0417', 'Hạt mix healthy 500g Organic', 5.00, 'imported', 565000, 441000, 0.18),
(418.00, 'SKU0418', 'Trà oolong Đà Lạt hộp thiếc Limited Edition', 5.00, 'imported', 510000, 398000, 0.18),
(419.00, 'SKU0419', 'Cookie Danish Butter 908g Set 2', 5.00, 'imported', 211000, 165000, 0.18),
(420.00, 'SKU0420', 'Chocolate Ghirardelli assorted Combo', 5.00, 'imported', 1164000, 908000, 0.17),
(421.00, 'SKU0421', 'Chocolate Godiva hộp 16 viên Premium', 5.00, 'domestic', 840000, 655000, 0.17),
(422.00, 'SKU0422', 'Bánh quy Bonne Maman 175g Đặc biệt', 5.00, 'imported', 1027000, 801000, 0.17),
(423.00, 'SKU0423', 'Gift set Tết cao cấp Mena Hộp quà', 5.00, 'imported', 1035000, 807000, 0.16),
(424.00, 'SKU0424', 'Kẹo Haribo Goldbären 200g Size L', 5.00, 'domestic', 400000, 312000, 0.16),
(425.00, 'SKU0425', 'Chocolate Lindt Swiss 300g New', 5.00, 'imported', 919000, 717000, 0.16),
(426.00, 'SKU0426', 'Bánh Yoku Moku 20 cái Classic', 5.00, 'imported', 72000, 56000, 0.16),
(427.00, 'SKU0427', 'Macaron Ladurée hộp 8 Mini', 5.00, 'domestic', 768000, 599000, 0.15),
(428.00, 'SKU0428', 'Kẹo Ferrero Rocher T30 Family', 5.00, 'imported', 1197000, 934000, 0.15),
(429.00, 'SKU0429', 'Gift set rượu vang cao cấp Organic', 5.00, 'imported', 538000, 420000, 0.15),
(430.00, 'SKU0430', 'Bánh LU Pháp assorted 400g Limited Edition', 5.00, 'domestic', 771000, 601000, 0.14),
(431.00, 'SKU0431', 'Chocolate Valrhona 250g Set 2', 5.00, 'imported', 549000, 428000, 0.14),
(432.00, 'SKU0432', 'Kẹo dừa Bến Tre hộp Combo', 5.00, 'imported', 1087000, 848000, 0.14),
(433.00, 'SKU0433', 'Mứt Tết truyền thống Premium', 5.00, 'domestic', 961000, 750000, 0.14),
(434.00, 'SKU0434', 'Gift hamper Mena Premium Đặc biệt', 5.00, 'domestic', 469000, 366000, 0.13),
(435.00, 'SKU0435', 'Bánh trung thu Mena Hộp quà', 5.00, 'domestic', 651000, 508000, 0.13),
(436.00, 'SKU0436', 'Trà Dilmah hộp quà Size L', 5.00, 'imported', 957000, 746000, 0.13),
(437.00, 'SKU0437', 'Chocolate Toblerone 360g New', 5.00, 'domestic', 122000, 95000, 0.13),
(438.00, 'SKU0438', 'Kẹo Mentos hộp thiếc Classic', 5.00, 'imported', 755000, 589000, 0.13),
(439.00, 'SKU0439', 'Gift set café Mena Selection Mini', 5.00, 'domestic', 1098000, 856000, 0.13),
(440.00, 'SKU0440', 'Bánh pía Sóc Trăng Family', 5.00, 'domestic', 570000, 445000, 0.12),
(441.00, 'SKU0441', 'Nến thơm Yankee Candle', 6.00, 'domestic', 698000, 503000, 23.66),
(442.00, 'SKU0442', 'Bộ dao Zwilling Twin Chef', 6.00, 'domestic', 2027000, 1459000, 10.30),
(443.00, 'SKU0443', 'Bình giữ nhiệt S\'well 500ml', 6.00, 'imported', 1720000, 1238000, 6.33),
(444.00, 'SKU0444', 'Chảo Tefal Unlimited 28cm', 6.00, 'domestic', 1149000, 827000, 4.48),
(445.00, 'SKU0445', 'Bộ gia vị WMF 6 món', 6.00, 'domestic', 1502000, 1081000, 3.43),
(446.00, 'SKU0446', 'Khuôn silicone Lékué set', 6.00, 'imported', 1107000, 797000, 2.76),
(447.00, 'SKU0447', 'Máy xay Vitamix E310', 6.00, 'domestic', 2126000, 1531000, 2.29),
(448.00, 'SKU0448', 'Ấm siêu tốc Smeg 1.7L', 6.00, 'domestic', 1011000, 728000, 1.95),
(449.00, 'SKU0449', 'Bộ ly thuỷ tinh Riedel 4 cái', 6.00, 'domestic', 654000, 471000, 1.69),
(450.00, 'SKU0450', 'Thớt gỗ teak cao cấp', 6.00, 'imported', 1471000, 1059000, 1.49),
(451.00, 'SKU0451', 'Bình hoa pha lê Bohemia', 6.00, 'imported', 794000, 572000, 1.33),
(452.00, 'SKU0452', 'Khăn tắm Sheridan Úc', 6.00, 'imported', 1673000, 1205000, 1.20),
(453.00, 'SKU0453', 'Bộ chén dĩa Noritake 12', 6.00, 'domestic', 1450000, 1044000, 1.09),
(454.00, 'SKU0454', 'Bộ nồi Fissler 3 cái', 6.00, 'imported', 1882000, 1355000, 1.00),
(455.00, 'SKU0455', 'Dao bếp Victorinox Swiss', 6.00, 'domestic', 1548000, 1115000, 0.92),
(456.00, 'SKU0456', 'Máy pha cà phê DeLonghi', 6.00, 'domestic', 2268000, 1633000, 0.85),
(457.00, 'SKU0457', 'Đèn thơm tinh dầu Muji', 6.00, 'domestic', 2013000, 1449000, 0.79),
(458.00, 'SKU0458', 'Bình pha trà Hario V60', 6.00, 'imported', 933000, 672000, 0.74),
(459.00, 'SKU0459', 'Tạp dề da cao cấp', 6.00, 'imported', 1583000, 1140000, 0.69),
(460.00, 'SKU0460', 'Bộ đũa gỗ mun 10 đôi', 6.00, 'imported', 1825000, 1314000, 0.65),
(461.00, 'SKU0461', 'Hộp đựng thực phẩm Lock&Lock set', 6.00, 'imported', 2109000, 1518000, 0.61),
(462.00, 'SKU0462', 'Khay gỗ tràm serving', 6.00, 'imported', 2266000, 1632000, 0.58),
(463.00, 'SKU0463', 'Bàn ủi hơi nước Philips', 6.00, 'imported', 828000, 596000, 0.55),
(464.00, 'SKU0464', 'Bộ dao thớt Scanpan', 6.00, 'domestic', 1483000, 1068000, 0.52),
(465.00, 'SKU0465', 'Máy ép chậm Kuvings', 6.00, 'imported', 298000, 215000, 0.50),
(466.00, 'SKU0466', 'Bình nước thuỷ tinh Luminarc 1.3L', 6.00, 'domestic', 1889000, 1360000, 0.47),
(467.00, 'SKU0467', 'Bộ ly champagne Schott Zwiesel', 6.00, 'domestic', 400000, 288000, 0.45),
(468.00, 'SKU0468', 'Nến thơm Yankee Candle Size L', 6.00, 'imported', 2431000, 1750000, 0.43),
(469.00, 'SKU0469', 'Bộ dao Zwilling Twin Chef New', 6.00, 'imported', 2291000, 1650000, 0.42),
(470.00, 'SKU0470', 'Bình giữ nhiệt S\'well 500ml Classic', 6.00, 'imported', 702000, 505000, 0.40),
(471.00, 'SKU0471', 'Chảo Tefal Unlimited 28cm Mini', 6.00, 'imported', 1246000, 897000, 0.38),
(472.00, 'SKU0472', 'Bộ gia vị WMF 6 món Family', 6.00, 'imported', 1887000, 1359000, 0.37),
(473.00, 'SKU0473', 'Khuôn silicone Lékué set Organic', 6.00, 'domestic', 359000, 258000, 0.36),
(474.00, 'SKU0474', 'Máy xay Vitamix E310 Limited Edition', 6.00, 'imported', 421000, 303000, 0.34),
(475.00, 'SKU0475', 'Ấm siêu tốc Smeg 1.7L Set 2', 6.00, 'imported', 2162000, 1557000, 0.33),
(476.00, 'SKU0476', 'Bộ ly thuỷ tinh Riedel 4 cái Combo', 6.00, 'imported', 2451000, 1765000, 0.32),
(477.00, 'SKU0477', 'Thớt gỗ teak cao cấp Premium', 6.00, 'imported', 2027000, 1459000, 0.31),
(478.00, 'SKU0478', 'Bình hoa pha lê Bohemia Đặc biệt', 6.00, 'domestic', 1993000, 1435000, 0.30),
(479.00, 'SKU0479', 'Khăn tắm Sheridan Úc Hộp quà', 6.00, 'domestic', 1379000, 993000, 0.29),
(480.00, 'SKU0480', 'Bộ chén dĩa Noritake 12 Size L', 6.00, 'domestic', 1708000, 1230000, 0.28),
(481.00, 'SKU0481', 'Bộ nồi Fissler 3 cái New', 6.00, 'imported', 1495000, 1076000, 0.27),
(482.00, 'SKU0482', 'Dao bếp Victorinox Swiss Classic', 6.00, 'imported', 2356000, 1696000, 0.27),
(483.00, 'SKU0483', 'Máy pha cà phê DeLonghi Mini', 6.00, 'domestic', 646000, 465000, 0.26),
(484.00, 'SKU0484', 'Đèn thơm tinh dầu Muji Family', 6.00, 'domestic', 2220000, 1598000, 0.25),
(485.00, 'SKU0485', 'Bình pha trà Hario V60 Organic', 6.00, 'imported', 2295000, 1652000, 0.25),
(486.00, 'SKU0486', 'Tạp dề da cao cấp Limited Edition', 6.00, 'domestic', 233000, 168000, 0.24),
(487.00, 'SKU0487', 'Bộ đũa gỗ mun 10 đôi Set 2', 6.00, 'imported', 2281000, 1642000, 0.23),
(488.00, 'SKU0488', 'Hộp đựng thực phẩm Lock&Lock set Combo', 6.00, 'domestic', 1068000, 769000, 0.23),
(489.00, 'SKU0489', 'Khay gỗ tràm serving Premium', 6.00, 'domestic', 2370000, 1706000, 0.22),
(490.00, 'SKU0490', 'Bàn ủi hơi nước Philips Đặc biệt', 6.00, 'domestic', 1272000, 916000, 0.22),
(491.00, 'SKU0491', 'Bộ dao thớt Scanpan Hộp quà', 6.00, 'domestic', 2227000, 1603000, 0.21),
(492.00, 'SKU0492', 'Máy ép chậm Kuvings Size L', 6.00, 'domestic', 1178000, 848000, 0.21),
(493.00, 'SKU0493', 'Bình nước thuỷ tinh Luminarc 1.3L New', 6.00, 'imported', 1878000, 1352000, 0.20),
(494.00, 'SKU0494', 'Bộ ly champagne Schott Zwiesel Classic', 6.00, 'imported', 1094000, 788000, 0.20),
(495.00, 'SKU0495', 'Nến thơm Yankee Candle Mini', 6.00, 'imported', 454000, 327000, 0.19),
(496.00, 'SKU0496', 'Bộ dao Zwilling Twin Chef Family', 6.00, 'domestic', 320000, 230000, 0.19),
(497.00, 'SKU0497', 'Bình giữ nhiệt S\'well 500ml Organic', 6.00, 'domestic', 1068000, 769000, 0.18),
(498.00, 'SKU0498', 'Chảo Tefal Unlimited 28cm Limited Edition', 6.00, 'imported', 159000, 114000, 0.18),
(499.00, 'SKU0499', 'Bộ gia vị WMF 6 món Set 2', 6.00, 'domestic', 1153000, 830000, 0.18),
(500.00, 'SKU0500', 'Khuôn silicone Lékué set Combo', 6.00, 'imported', 2150000, 1548000, 0.17);

-- fb_outlets: 9 records
INSERT INTO `fb_outlets` (id, location_id, name, cuisine_type, avg_check_per_person_vnd, seats, sqm, opening_date) VALUES
('FBO01', 'LOC05', 'Steakhouse The Fan', 'Western Premium', 800000.00, 80.00, 250.00, '2021-03-01'),
('FBO02', 'LOC06', 'Yum Food Village - Mall SA', 'Multi-cuisine food court', 150000.00, 300.00, 1000.00, '2020-12-01'),
('FBO03', 'LOC07', 'L\'Amuse Gourmet Bistro', 'French Casual', 400000.00, 60.00, 180.00, '2021-01-01'),
('FBO04', 'LOC08', 'Don Cipriani\'s', 'Italian', 500000.00, 50.00, 150.00, '2021-06-01'),
('FBO05', 'LOC09', 'V-Senses Dining', 'Vietnamese Modern', 350000.00, 70.00, 200.00, '2021-06-01'),
('FBO06', 'LOC10', 'Thai Siam Kitchen', 'Thai', 250000.00, 100.00, 200.00, '2022-01-01'),
('FBO07', 'LOC11', 'Boulangeries de Saigon', 'Bakery/Café', 120000.00, 30.00, 80.00, '2024-10-01'),
('FBO08', 'LOC12', 'Yum Food Outlet - Kim Long', 'Multi-cuisine compact', 130000.00, 80.00, 200.00, '2022-06-01'),
('FBO09', 'LOC15', 'Yum Food Village - Nha Trang', 'Multi-cuisine food court', 140000.00, 200.00, 600.00, '2021-06-01');

-- tenants: 44 records
INSERT INTO `tenants` (id, name, category, floor, sqm_rented, rent_per_sqm_monthly, lease_start, lease_end, lease_type, revenue_share_pct, estimated_operating_margin_pct, location_id) VALUES
('T01', 'CGV', 'Giải trí', 'L3', 800.00, 250000.00, '2020-12-01', '2028-12-01', 'fixed', 5, 15, 'LOC01'),
('T02', 'California Fitness', 'Gym & Spa', 'L2', 600.00, 280000.00, '2021-01-01', '2028-01-01', 'fixed', 3, 12, 'LOC01'),
('T03', 'Highlands Coffee', 'F&B', 'L5', 80.00, 450000.00, '2021-03-01', '2026-03-01', 'variable', 8, 18, 'LOC01'),
('T04', 'Phúc Long', 'F&B', 'L1', 60.00, 500000.00, '2021-06-01', '2026-06-01', 'variable', 8, 20, 'LOC01'),
('T05', 'Manwah Hotpot', 'F&B', 'L4', 250.00, 380000.00, '2022-01-01', '2027-01-01', 'variable', 6, 14, 'LOC01'),
('T06', 'Skechers', 'Thời trang', 'L1', 120.00, 420000.00, '2025-11-01', '2028-11-01', 'variable', 5, 22, 'LOC01'),
('T07', 'TWG Tea', 'F&B Luxury', 'L1', 45.00, 550000.00, '2025-12-01', '2028-12-01', 'variable', 7, 25, 'LOC01'),
('T08', 'Pierre Cardin Shoes', 'Thời trang', 'L1', 80.00, 380000.00, '2021-06-01', '2026-06-01', 'variable', 4, 15, 'LOC01'),
('T09', 'Shiseido', 'Mỹ phẩm', 'L1', 40.00, 520000.00, '2022-03-01', '2027-03-01', 'variable', 6, 30, 'LOC01'),
('T10', '7-Eleven', 'Tiện lợi', 'B1', 50.00, 400000.00, '2021-09-01', '2026-09-01', 'variable', 5, 12, 'LOC01'),
('T11', 'Fashion Line', 'Thời trang local', 'L2', 150.00, 350000.00, '2021-06-01', '2026-06-01', 'variable', 4, 2, 'LOC01'),
('T12', 'Bygu', 'Thời trang local', 'L2', 100.00, 320000.00, '2022-01-01', '2027-01-01', 'variable', 4, 5, 'LOC01'),
('T13', 'Gosumo', 'Thời trang', 'L1', 90.00, 350000.00, '2022-06-01', '2027-06-01', 'variable', 4, 7, 'LOC01'),
('T14', 'SkyShop', 'Thời trang tổng hợp', 'L2', 200.00, 300000.00, '2023-01-01', '2028-01-01', 'variable', 5, 11, 'LOC01'),
('T15', 'An Mien Spa', 'Spa', 'L3', 150.00, 300000.00, '2022-06-01', '2027-06-01', 'variable', 3, 13, 'LOC01'),
('T17', 'Guardian', 'Dược phẩm', 'B1', 70.00, 420000.00, '2021-03-01', '2026-03-01', 'variable', 5, 16, 'LOC01'),
('T18', 'Fahasa', 'Nhà sách', 'L2', 120.00, 280000.00, '2021-06-01', '2026-06-01', 'variable', 3, 10, 'LOC01'),
('T19', 'The Coffee House', 'F&B', 'L5', 65.00, 450000.00, '2022-06-01', '2027-06-01', 'variable', 8, 17, 'LOC01'),
('T20', 'Jollibee', 'F&B', 'L4', 100.00, 400000.00, '2022-01-01', '2027-01-01', 'variable', 6, 16, 'LOC01'),
('T21', 'Adidas', 'Thời trang', 'L1', 130.00, 450000.00, '2021-09-01', '2026-09-01', 'variable', 5, 20, 'LOC01'),
('T22', 'Samsung Experience', 'Điện tử', 'L1', 100.00, 500000.00, '2022-03-01', '2027-03-01', 'variable', 4, 18, 'LOC01'),
('T23', 'Kiosk A - Trà sữa KOI', 'F&B Kiosk', 'L1', 30.00, 600000.00, '2023-01-01', '2026-01-01', 'variable', 10, 8, 'LOC01'),
('T24', 'Kiosk B - Bánh tráng', 'F&B Kiosk', 'L5', 35.00, 550000.00, '2023-06-01', '2026-06-01', 'variable', 10, 9, 'LOC01'),
('T25', 'Kiosk C - Nước ép', 'F&B Kiosk', 'L5', 25.00, 580000.00, '2024-01-01', '2027-01-01', 'variable', 10, 15, 'LOC01'),
('T26', 'Pandora', 'Trang sức', 'L1', 35.00, 600000.00, '2022-06-01', '2027-06-01', 'variable', 5, 28, 'LOC01'),
('T27', 'Samsonite', 'Hành lý', 'L1', 80.00, 400000.00, '2021-06-01', '2026-06-01', 'variable', 4, 18, 'LOC01'),
('T28', 'Levi\'s', 'Thời trang', 'L2', 110.00, 380000.00, '2022-01-01', '2027-01-01', 'variable', 5, 17, 'LOC01'),
('T29', 'Starbucks', 'F&B', 'L1', 75.00, 480000.00, '2021-03-01', '2026-03-01', 'variable', 8, 22, 'LOC01'),
('T30', 'Baskin Robbins', 'F&B', 'L5', 40.00, 500000.00, '2023-01-01', '2028-01-01', 'variable', 7, 19, 'LOC01'),
('T31', 'Lotte Cinema', 'Giải trí', 'L3', 500.00, 200000.00, '2021-06-01', '2028-06-01', 'fixed', 5, 13, 'LOC02'),
('T32', 'Highlands Coffee NT', 'F&B', 'L1', 60.00, 350000.00, '2021-06-01', '2026-06-01', 'variable', 8, 18, 'LOC02'),
('T33', 'Phúc Long NT', 'F&B', 'L1', 50.00, 380000.00, '2021-09-01', '2026-09-01', 'variable', 8, 20, 'LOC02'),
('T34', 'Jollibee NT', 'F&B', 'L2', 90.00, 320000.00, '2021-06-01', '2026-06-01', 'variable', 6, 16, 'LOC02'),
('T35', 'Adidas NT', 'Thời trang', 'L1', 100.00, 350000.00, '2022-01-01', '2027-01-01', 'variable', 5, 19, 'LOC02'),
('T36', 'Guardian NT', 'Dược phẩm', 'B1', 60.00, 320000.00, '2021-09-01', '2026-09-01', 'variable', 5, 16, 'LOC02'),
('T37', 'The Coffee House NT', 'F&B', 'L1', 55.00, 350000.00, '2022-06-01', '2027-06-01', 'variable', 8, 17, 'LOC02'),
('T38', 'Canifa NT', 'Thời trang', 'L2', 80.00, 300000.00, '2022-01-01', '2027-01-01', 'variable', 4, 14, 'LOC02'),
('T39', 'Kiosk D - Kem Fanny', 'F&B Kiosk', 'L1', 20.00, 450000.00, '2022-06-01', '2027-06-01', 'variable', 10, 20, 'LOC02'),
('T40', 'Samsung NT', 'Điện tử', 'L1', 80.00, 380000.00, '2022-01-01', '2027-01-01', 'variable', 4, 17, 'LOC02'),
('T41', 'Miniso NT', 'Lifestyle', 'L2', 90.00, 280000.00, '2022-06-01', '2027-06-01', 'variable', 5, 15, 'LOC02'),
('T42', 'Pizza Hut NT', 'F&B', 'L2', 100.00, 300000.00, '2021-09-01', '2026-09-01', 'variable', 6, 15, 'LOC02'),
('T43', 'Bitis NT', 'Giày dép', 'L1', 70.00, 320000.00, '2022-01-01', '2027-01-01', 'variable', 4, 16, 'LOC02'),
('T44', 'An Mien Spa NT', 'Spa', 'L3', 120.00, 250000.00, '2022-06-01', '2027-06-01', 'variable', 3, 12, 'LOC02'),
('T45', 'Kiosk E - Trà sữa Gong Cha', 'F&B Kiosk', 'L1', 25.00, 420000.00, '2023-01-01', '2028-01-01', 'variable', 10, 18, 'LOC02');

-- planned_locations: 5 records
INSERT INTO `planned_locations` (id, address, district, city, sqm, estimated_monthly_rent_vnd, population_density, avg_income_level, competitor_count, competitor_notes) VALUES
('PL01', 'Nguyễn Thị Thập, Quận 7', 'Quận 7', 'HCM', 1200.00, 350000000.00, 'Cao', 'Cao', 2.00, 'Siêu thị thường, không premium'),
('PL02', 'Trần Não, Quận 2', 'Quận 2', 'HCM', 1000.00, 400000000.00, 'Trung bình-Cao', 'Rất cao', 1.00, 'Annam Gourmet'),
('PL03', 'Võ Văn Ngân, Thủ Đức', 'Thủ Đức', 'HCM', 1500.00, 250000000.00, 'Cao', 'Trung bình', 3.00, 'Siêu thị thường'),
('PL04', 'Phan Đăng Lưu, Phú Nhuận', 'Phú Nhuận', 'HCM', 800.00, 380000000.00, 'Rất cao', 'Cao', 2.00, '2 siêu thị thường'),
('PL05', 'Huỳnh Tấn Phát, Nhà Bè', 'Nhà Bè', 'HCM', 1300.00, 280000000.00, 'Trung bình', 'Trung bình-Cao', 1.00, '1 siêu thị nhỏ');

-- promotions: 20 records
INSERT INTO `promotions` (id, name, location_id, business_unit_id, start_date, end_date, discount_pct, description) VALUES
(1.00, 'Khai trương Mena Gourmet Airport', 'LOC03', 'SUPERMARKET', '2024-10-01', '2024-10-31', 10, 'Giảm 10% toàn bộ sản phẩm khai trương'),
(2.00, 'Khai trương Mena Gourmet Celesta', 'LOC04', 'SUPERMARKET', '2024-11-01', '2024-11-30', 10, 'Giảm 10% khai trương Celesta Rise'),
(3.00, 'Christmas Sale 2024', 'LOC03', 'SUPERMARKET', '2024-12-15', '2024-12-31', 8, 'Chương trình Giáng Sinh 2024'),
(4.00, 'Christmas Sale 2024 Celesta', 'LOC04', 'SUPERMARKET', '2024-12-15', '2024-12-31', 8, 'Giáng Sinh Celesta Rise'),
(5.00, 'Tết Ất Tỵ 2025', 'LOC03', 'SUPERMARKET', '2025-01-15', '2025-02-15', 12, 'Đại tiệc Tết - Giảm giá toàn bộ'),
(6.00, 'Tết Ất Tỵ 2025 Celesta', 'LOC04', 'SUPERMARKET', '2025-01-15', '2025-02-15', 12, 'Tết Celesta Rise'),
(7.00, 'Valentine Day 2025', 'LOC03', 'SUPERMARKET', '2025-02-10', '2025-02-16', 5, 'Khuyến mãi Valentine'),
(8.00, 'Summer Fresh 2025', 'LOC03', 'SUPERMARKET', '2025-06-01', '2025-06-30', 7, 'Mùa hè tươi mát - Thực phẩm tươi sống'),
(9.00, 'Mid-Autumn 2025', 'LOC03', 'SUPERMARKET', '2025-09-01', '2025-09-30', 8, 'Trung Thu - Bánh kẹo quà tặng'),
(10.00, 'Black Friday 2025', 'LOC03', 'SUPERMARKET', '2025-11-25', '2025-11-30', 15, 'Black Friday - Giảm sâu 15%'),
(11.00, 'Christmas 2025', 'LOC03', 'SUPERMARKET', '2025-12-15', '2025-12-31', 8, 'Giáng Sinh 2025'),
(12.00, 'Tết Bính Ngọ 2026', 'LOC03', 'SUPERMARKET', '2026-01-15', '2026-02-28', 12, 'Đại tiệc Tết 2026 - ANOMALY: deep discount'),
(13.00, 'Tết 2026 Celesta', 'LOC04', 'SUPERMARKET', '2026-01-15', '2026-02-28', 12, 'Tết Celesta 2026'),
(14.00, 'F&B Happy Hour', 'LOC06', 'FB', '2025-06-01', '2025-08-31', 10, 'Happy Hour 14h-17h tại Yum Food Village'),
(15.00, 'Steakhouse Anniversary', 'LOC05', 'FB', '2025-03-01', '2025-03-31', 15, 'Kỷ niệm 4 năm Steakhouse The Fan'),
(16.00, 'Duty Free Summer', 'LOC13', 'DUTYFREE', '2025-06-01', '2025-07-31', 5, 'Khuyến mãi mùa hè Duty Free'),
(17.00, 'Beauty Grand Opening', 'LOC14', 'BEAUTY', '2025-12-01', '2025-12-31', 20, 'Khai trương Mena Cosmetics'),
(18.00, 'Mall SA Anniversary', 'LOC01', 'MALL', '2025-12-01', '2025-12-15', NULL, 'Kỷ niệm 5 năm Menas Mall Saigon Airport'),
(19.00, 'Nha Trang Summer Fest', 'LOC02', 'MALL', '2025-07-01', '2025-07-31', NULL, 'Lễ hội mùa hè Nha Trang'),
(20.00, 'Spring Sale 2026', 'LOC03', 'SUPERMARKET', '2026-03-01', '2026-03-31', 10, 'Khuyến mãi mùa xuân 2026');

-- mall_events: 16 records
INSERT INTO `mall_events` (id, name, location_id, event_date, event_type, estimated_footfall_impact_pct, description) VALUES
(1.00, 'Grand Opening Mena Gourmet Airport', 'LOC03', '2024-10-01', 'grand_opening', 50, 'Khai trương siêu thị Mena Gourmet tại Menas Mall SA'),
(2.00, 'Grand Opening Mena Gourmet Celesta', 'LOC04', '2024-11-01', 'grand_opening', 40, 'Khai trương Mena Gourmet Celesta Rise'),
(3.00, 'Christmas Market 2024', 'LOC01', '2024-12-20', 'seasonal', 30, 'Chợ Giáng Sinh tại sảnh chính'),
(4.00, 'Tết Fair 2025', 'LOC01', '2025-01-20', 'seasonal', 35, 'Hội chợ Tết Ất Tỵ tại Mall SA'),
(5.00, 'Nha Trang Food Festival', 'LOC02', '2025-07-15', 'marketing', 25, 'Lễ hội ẩm thực Nha Trang'),
(6.00, 'Mall SA 5th Anniversary', 'LOC01', '2025-12-01', 'marketing', 40, 'Kỷ niệm 5 năm thành lập'),
(7.00, 'Grand Opening Mena Cosmetics', 'LOC14', '2025-12-01', 'grand_opening', 45, 'Khai trương Mena Cosmetics & Perfumes'),
(8.00, 'Valentine Wine Tasting', 'LOC03', '2025-02-14', 'marketing', 15, 'Thử rượu vang Valentine'),
(9.00, 'Summer BBQ Festival', 'LOC05', '2025-06-15', 'seasonal', 20, 'Lễ hội BBQ mùa hè tại Steakhouse'),
(10.00, 'Mid-Autumn Lantern Night', 'LOC01', '2025-09-15', 'seasonal', 25, 'Đêm hội trung thu thắp đèn lồng'),
(11.00, 'Black Friday Midnight Sale', 'LOC01', '2025-11-28', 'marketing', 45, 'Đêm hội mua sắm Black Friday'),
(12.00, 'Tết Fair 2026', 'LOC01', '2026-01-25', 'seasonal', 35, 'Hội chợ Tết Bính Ngọ'),
(13.00, 'Nha Trang Beach Run', 'LOC02', '2026-03-15', 'community', 15, 'Chạy bộ bãi biển Nha Trang'),
(14.00, 'Boulangerie Bread Festival', 'LOC11', '2025-05-15', 'marketing', 10, 'Lễ hội bánh mì Pháp'),
(15.00, 'Don Cipriani Wine Dinner', 'LOC08', '2025-11-20', 'marketing', 8, 'Bữa tối rượu vang Ý'),
(16.00, 'Sửa chữa lối vào B1', 'LOC01', '2026-03-10', 'maintenance', -15, 'Sửa chữa lối vào tầng B1, ảnh hưởng khách local');


SET FOREIGN_KEY_CHECKS = 1;
