-- =====================================================================
-- 03_master_data.sql — Master / dimension data
-- =====================================================================
USE vri_services_demo;
SET NAMES utf8mb4;

-- dim_business_unit: 2 rows
INSERT INTO dim_business_unit (business_unit_id, business_unit_code, business_unit_name, description_vi, ceo_name, founded_year) VALUES
(1,'HOTELS','Hotels','Hệ thống Khách sạn & Nghỉ dưỡng — 6 property, 944 phòng','Trần Ngọc Nhật',1999),
(2,'COSMOS','Cosmos','Hệ sinh thái sắc đẹp & giải trí — UniCorp + UniMedia','Trần Việt Bảo Hoàng',2017);

-- dim_region: 6 rows
INSERT INTO dim_region (region_id, region_code, region_name_vi, macro_region_vi) VALUES
(1,'DBSCL','Đồng bằng sông Cửu Long','Miền Nam'),
(2,'DNB','Đông Nam Bộ','Miền Nam'),
(3,'TN','Tây Nguyên','Miền Trung'),
(4,'NTB','Nam Trung Bộ','Miền Trung'),
(5,'BTB','Bắc Trung Bộ','Miền Trung'),
(6,'DBBB','Đồng bằng Bắc Bộ','Miền Bắc');

-- dim_property: 6 rows
INSERT INTO dim_property (property_id, property_code, property_name, business_unit_id, hotel_class, category_vi, total_rooms, address, city, region_id, opening_year, ota_dependency_baseline) VALUES
(1,'DSB','Diamond Stars Bến Tre',1,5,'City Luxury',138,'140 Hùng Vương, Phường An Hội, TP. Bến Tre','Bến Tre',1,2020,0.48),
(2,'RHD','Royal Hotel & Villas Đà Lạt',1,4,'Hill Resort',256,'Đường Phù Đổng Thiên Vương, Phường 8, Đà Lạt','Đà Lạt',3,2014,0.38),
(3,'RGL','Royal Golf Club Long An',1,5,'Golf Resort',80,'Khu vực sân golf, Tân An, Long An','Long An',1,2021,0.3),
(4,'RBN','Royal Beach Resort Nha Trang',1,5,'Beach Resort',200,'Trần Phú, Lộc Thọ, Nha Trang, Khánh Hòa','Nha Trang',4,2019,0.42),
(5,'RBS','Royal Boutique Sài Gòn',1,4,'City Business',120,'Đường Pasteur, Quận 1, TP.HCM','TP.HCM',2,2017,0.35),
(6,'RHN','Royal Heritage Đà Nẵng',1,4,'Heritage',150,'Đường Bạch Đằng, Hải Châu, Đà Nẵng','Đà Nẵng',4,2016,0.55);

-- dim_room_type: 28 rows
INSERT INTO dim_room_type (room_type_id, property_id, room_type_code, room_type_name_vi, tier, rooms_count, base_adr, capacity) VALUES
(1,1,'SUP','Superior','Standard',60,1800000,2),
(2,1,'DLX','Deluxe','Deluxe',45,2500000,2),
(3,1,'JSU','Junior Suite','Suite',20,4500000,2),
(4,1,'ESU','Executive Suite','Suite',10,6500000,3),
(5,1,'PSU','Presidential Suite','Presidential',3,12000000,4),
(6,2,'STD','Standard','Standard',80,1500000,2),
(7,2,'SUP','Superior','Standard',60,1800000,2),
(8,2,'DLX','Deluxe','Deluxe',50,2400000,2),
(9,2,'FAM','Family Suite','Suite',40,3500000,4),
(10,2,'VL2','Villa 2BR','Villa',20,9000000,4),
(11,2,'VL3','Villa 3BR','Villa',6,14000000,6),
(12,3,'DLX','Deluxe','Deluxe',30,3200000,2),
(13,3,'PRE','Premier','Deluxe',25,4200000,2),
(14,3,'SUI','Suite','Suite',18,7500000,3),
(15,3,'GVL','Golf Villa','Villa',7,18000000,4),
(16,4,'GAR','Garden View','Standard',50,2700000,2),
(17,4,'SEA','Sea View','Deluxe',80,3800000,2),
(18,4,'JSU','Junior Suite','Suite',45,5500000,2),
(19,4,'ESU','Executive Suite','Suite',20,8500000,3),
(20,4,'PSU','Presidential Suite','Presidential',5,18000000,4),
(21,5,'STD','Standard','Standard',50,1700000,2),
(22,5,'DLX','Deluxe','Deluxe',40,2400000,2),
(23,5,'EXE','Executive','Deluxe',20,3400000,2),
(24,5,'SUI','Suite','Suite',10,5500000,3),
(25,6,'STD','Standard','Standard',50,1600000,2),
(26,6,'DLX','Deluxe','Deluxe',55,2400000,2),
(27,6,'HSU','Heritage Suite','Suite',35,4500000,3),
(28,6,'FAM','Family','Suite',10,5500000,4);

-- dim_channel: 7 rows
INSERT INTO dim_channel (channel_id, channel_name_vi, channel_name_en, channel_category, commission_rate_default, description_vi) VALUES
('CH001','Đặt phòng trực tiếp','Direct','Direct',0.0,'Website + phone + walk-in'),
('CH002','Booking.com','Booking.com','OTA',0.2,'OTA quốc tế lớn nhất'),
('CH003','Agoda','Agoda','OTA',0.22,'OTA quốc tế'),
('CH004','Traveloka','Traveloka','OTA',0.17,'OTA Đông Nam Á'),
('CH005','Expedia','Expedia','OTA',0.22,'OTA quốc tế'),
('CH006','Đại lý du lịch','Travel Agent','Wholesale',0.15,'Travel agent / Tour operator'),
('CH007','Khách đoàn / MICE','MICE Corporate','Corporate',0.05,'Khách đoàn / hội nghị / công ty');

-- dim_source_market: 10 rows
INSERT INTO dim_source_market (source_market_id, source_market_name_vi, source_market_name_en, geo_region_vi, is_domestic) VALUES
('VN','Việt Nam','Vietnam','Đông Nam Á',1),
('CN','Trung Quốc','China','Đông Á',0),
('KR','Hàn Quốc','Korea','Đông Á',0),
('JP','Nhật Bản','Japan','Đông Á',0),
('RU','Nga','Russia','Đông Âu',0),
('US','Hoa Kỳ','United States','Bắc Mỹ',0),
('UK','Anh','United Kingdom','Tây Âu',0),
('DE','Đức','Germany','Tây Âu',0),
('AU','Úc','Australia','Châu Đại Dương',0),
('OTH','Khác','Others','Khác',0);

-- dim_guest_segment: 4 rows
INSERT INTO dim_guest_segment (segment_id, segment_code, segment_name_vi, description_vi) VALUES
(1,'LEISURE','Khách nghỉ dưỡng','Khách cá nhân, gia đình du lịch nghỉ dưỡng'),
(2,'BUSINESS','Khách công vụ','Khách đi công tác, business travel'),
(3,'GROUP','Khách đoàn','Đoàn khách du lịch, tour group'),
(4,'MICE','Khách MICE','Hội nghị, hội thảo, sự kiện công ty');

-- dim_event_type: 5 rows
INSERT INTO dim_event_type (event_type_id, event_type_code, event_type_name_vi, scale_vi) VALUES
(1,'PAGEANT_NAT','Cuộc thi sắc đẹp Quốc gia','Quốc gia'),
(2,'PAGEANT_INT','Cuộc thi sắc đẹp Quốc tế','Quốc tế'),
(3,'PRESS_CONF','Họp báo / Press Conference','Phụ trợ'),
(4,'GALA_TOUR','Gala Tour','Phụ trợ'),
(5,'CROWNING','Crowning Tour','Phụ trợ');

-- dim_event: 4 rows
INSERT INTO dim_event (event_id, event_name_vi, event_type_id, business_unit_id, venue_name, venue_city, venue_type, start_date, end_date, final_date, contestants_count, broadcasting_reach, season_year, notes_vi) VALUES
('MCV2023','Miss Cosmo Vietnam 2023',1,2,'Tea Resort Prenn','Đà Lạt','External','2023-12-15','2023-12-31','2023-12-31',38,1,2023,'Chung kết tại Đà Lạt'),
('MCO2024','Miss Cosmo 2024 (International)',2,2,'Công viên bờ Sông Sài Gòn','TP. Thủ Đức','External','2024-09-15','2024-10-05','2024-10-05',60,60,2024,'Lần đầu tổ chức tại VN'),
('MCV2025','Miss Cosmo Vietnam 2025',1,2,'Paradise Resort','Nha Trang','External','2025-06-01','2025-06-21','2025-06-21',45,1,2025,'Chung kết Nha Trang 21/6'),
('MCO2025','Miss Cosmo 2025 (International)',2,2,'Saigon Exhibition Center','TP.HCM','External','2025-09-15','2025-10-12','2025-10-12',55,70,2025,'Chung kết Q4/2025');

-- dim_sponsor_tier: 5 rows
INSERT INTO dim_sponsor_tier (tier_id, tier_code, tier_name_vi, rank_order, min_amount, max_amount, benefits_vi) VALUES
(1,'TITLE','Title (Tên gọi)',1,50000000000,80000000000,'Logo trong tên sự kiện, full coverage'),
(2,'DIAMOND','Kim cương',2,30000000000,50000000000,'Logo đặc quyền sân khấu chính, naming rights segment'),
(3,'GOLD','Vàng',3,15000000000,30000000000,'Logo trên backdrop, branded segment'),
(4,'SILVER','Bạc',4,5000000000,15000000000,'Logo trên ấn phẩm, vé tham dự'),
(5,'BRONZE','Đồng',5,1000000000,5000000000,'Logo trong danh sách nhà tài trợ');

-- dim_sponsor: 35 rows
INSERT INTO dim_sponsor (sponsor_id, sponsor_code, sponsor_name, industry_vi, country, is_long_term, notes_vi) VALUES
(1,'SP_NAB','Nam A Bank','Ngân hàng','Việt Nam',1,'Title sponsor MCO2024'),
(2,'SP_VHM','Vinhomes','Bất động sản','Việt Nam',1,'Diamond đa năm'),
(3,'SP_SUN','Sun Group','Bất động sản','Việt Nam',1,'Diamond đa năm'),
(4,'SP_VJ','Vietjet Air','Hàng không','Việt Nam',1,'Diamond đa năm — official airline'),
(5,'SP_MB','Mercedes-Benz Việt Nam','Ô tô','Đức',1,'Gold — official car'),
(6,'SP_NCA','NCA Diamond & Jewelry','Trang sức','Việt Nam',0,'Gold 2024, không gia hạn 2025 (anomaly)'),
(7,'SP_LOR','L''Oréal Việt Nam','Mỹ phẩm','Pháp',1,'Gold đa năm'),
(8,'SP_EST','Estée Lauder','Mỹ phẩm','Hoa Kỳ',1,'Gold đa năm'),
(9,'SP_PIZ','Pizza Hut','F&B','Hoa Kỳ',0,'Silver'),
(10,'SP_HLC','Highlands Coffee','F&B','Việt Nam',1,'Silver — anomaly: chậm thanh toán đợt 2 năm 2025'),
(11,'SP_VNM','Vinamilk','F&B','Việt Nam',1,'Silver đa năm'),
(12,'SP_NES','Nestlé Việt Nam','F&B','Thụy Sĩ',1,'Silver'),
(13,'SP_HK','Heineken Việt Nam','F&B','Hà Lan',1,'Silver — official beverage'),
(14,'SP_VTV','VTV9','Truyền thông','Việt Nam',1,'Broadcasting partner'),
(15,'SP_AXN','AXN Asia','Truyền thông','Singapore',1,'International broadcasting'),
(16,'SP_FPT','FPT Telecom','Viễn thông','Việt Nam',0,'Silver'),
(17,'SP_MOM','Momo','Fintech','Việt Nam',1,'Silver — payment partner'),
(18,'SP_SHB','SHB','Ngân hàng','Việt Nam',0,'Silver'),
(19,'SP_BIB','Biti''s','Thời trang','Việt Nam',0,'Bronze'),
(20,'SP_OWL','OWL Travel','Du lịch','Việt Nam',0,'Bronze'),
(21,'SP_ACE','Acecook Việt Nam','F&B','Nhật Bản',0,'Bronze'),
(22,'SP_TPN','Tập đoàn TH','F&B','Việt Nam',0,'Bronze'),
(23,'SP_VPB','VPBank','Ngân hàng','Việt Nam',0,'Bronze'),
(24,'SP_SAM','Samsung Vina','Điện tử','Hàn Quốc',0,'Bronze'),
(25,'SP_LG','LG Electronics','Điện tử','Hàn Quốc',0,'Bronze'),
(26,'SP_OPP','Oppo Việt Nam','Điện tử','Trung Quốc',0,'Bronze'),
(27,'SP_SHO','Shopee Việt Nam','Thương mại điện tử','Singapore',1,'Silver'),
(28,'SP_LZD','Lazada Việt Nam','Thương mại điện tử','Singapore',0,'Bronze'),
(29,'SP_GRB','Grab Việt Nam','Vận tải','Singapore',1,'Silver'),
(30,'SP_BSI','Bảo Việt','Bảo hiểm','Việt Nam',0,'Bronze'),
(31,'SP_KUM','Kumho Tire','Phụ kiện ô tô','Hàn Quốc',0,'Bronze'),
(32,'SP_LXM','Lixil Vina','Vật liệu xây dựng','Nhật Bản',0,'Bronze'),
(33,'SP_GS25','GS25 Việt Nam','Bán lẻ','Hàn Quốc',0,'Bronze'),
(34,'SP_VCB','Vietcombank','Ngân hàng','Việt Nam',0,'Silver'),
(35,'SP_TLM','Tiki Lý Mạc','Thương mại điện tử','Việt Nam',0,'Bronze');

-- dim_calendar: 548 rows
INSERT INTO dim_calendar (date, day_of_week, day_name_vi, day_of_month, week_of_year, `month`, month_name_vi, quarter, `year`, ym, is_weekend, is_holiday, holiday_name_vi, season_vi, hospitality_period) VALUES
('2024-06-01',6,'Thứ Bảy',1,22,6,'Tháng 6',2,2024,'2024-06',1,0,NULL,'Hạ','Hè peak'),
('2024-06-02',7,'Chủ Nhật',2,22,6,'Tháng 6',2,2024,'2024-06',1,0,NULL,'Hạ','Hè peak'),
('2024-06-03',1,'Thứ Hai',3,23,6,'Tháng 6',2,2024,'2024-06',0,0,NULL,'Hạ','Hè peak'),
('2024-06-04',2,'Thứ Ba',4,23,6,'Tháng 6',2,2024,'2024-06',0,0,NULL,'Hạ','Hè peak'),
('2024-06-05',3,'Thứ Tư',5,23,6,'Tháng 6',2,2024,'2024-06',0,0,NULL,'Hạ','Hè peak'),
('2024-06-06',4,'Thứ Năm',6,23,6,'Tháng 6',2,2024,'2024-06',0,0,NULL,'Hạ','Hè peak'),
('2024-06-07',5,'Thứ Sáu',7,23,6,'Tháng 6',2,2024,'2024-06',0,0,NULL,'Hạ','Hè peak'),
('2024-06-08',6,'Thứ Bảy',8,23,6,'Tháng 6',2,2024,'2024-06',1,0,NULL,'Hạ','Hè peak'),
('2024-06-09',7,'Chủ Nhật',9,23,6,'Tháng 6',2,2024,'2024-06',1,0,NULL,'Hạ','Hè peak'),
('2024-06-10',1,'Thứ Hai',10,24,6,'Tháng 6',2,2024,'2024-06',0,0,NULL,'Hạ','Hè peak'),
('2024-06-11',2,'Thứ Ba',11,24,6,'Tháng 6',2,2024,'2024-06',0,0,NULL,'Hạ','Hè peak'),
('2024-06-12',3,'Thứ Tư',12,24,6,'Tháng 6',2,2024,'2024-06',0,0,NULL,'Hạ','Hè peak'),
('2024-06-13',4,'Thứ Năm',13,24,6,'Tháng 6',2,2024,'2024-06',0,0,NULL,'Hạ','Hè peak'),
('2024-06-14',5,'Thứ Sáu',14,24,6,'Tháng 6',2,2024,'2024-06',0,0,NULL,'Hạ','Hè peak'),
('2024-06-15',6,'Thứ Bảy',15,24,6,'Tháng 6',2,2024,'2024-06',1,0,NULL,'Hạ','Hè peak'),
('2024-06-16',7,'Chủ Nhật',16,24,6,'Tháng 6',2,2024,'2024-06',1,0,NULL,'Hạ','Hè peak'),
('2024-06-17',1,'Thứ Hai',17,25,6,'Tháng 6',2,2024,'2024-06',0,0,NULL,'Hạ','Hè peak'),
('2024-06-18',2,'Thứ Ba',18,25,6,'Tháng 6',2,2024,'2024-06',0,0,NULL,'Hạ','Hè peak'),
('2024-06-19',3,'Thứ Tư',19,25,6,'Tháng 6',2,2024,'2024-06',0,0,NULL,'Hạ','Hè peak'),
('2024-06-20',4,'Thứ Năm',20,25,6,'Tháng 6',2,2024,'2024-06',0,0,NULL,'Hạ','Hè peak'),
('2024-06-21',5,'Thứ Sáu',21,25,6,'Tháng 6',2,2024,'2024-06',0,0,NULL,'Hạ','Hè peak'),
('2024-06-22',6,'Thứ Bảy',22,25,6,'Tháng 6',2,2024,'2024-06',1,0,NULL,'Hạ','Hè peak'),
('2024-06-23',7,'Chủ Nhật',23,25,6,'Tháng 6',2,2024,'2024-06',1,0,NULL,'Hạ','Hè peak'),
('2024-06-24',1,'Thứ Hai',24,26,6,'Tháng 6',2,2024,'2024-06',0,0,NULL,'Hạ','Hè peak'),
('2024-06-25',2,'Thứ Ba',25,26,6,'Tháng 6',2,2024,'2024-06',0,0,NULL,'Hạ','Hè peak'),
('2024-06-26',3,'Thứ Tư',26,26,6,'Tháng 6',2,2024,'2024-06',0,0,NULL,'Hạ','Hè peak'),
('2024-06-27',4,'Thứ Năm',27,26,6,'Tháng 6',2,2024,'2024-06',0,0,NULL,'Hạ','Hè peak'),
('2024-06-28',5,'Thứ Sáu',28,26,6,'Tháng 6',2,2024,'2024-06',0,0,NULL,'Hạ','Hè peak'),
('2024-06-29',6,'Thứ Bảy',29,26,6,'Tháng 6',2,2024,'2024-06',1,0,NULL,'Hạ','Hè peak'),
('2024-06-30',7,'Chủ Nhật',30,26,6,'Tháng 6',2,2024,'2024-06',1,0,NULL,'Hạ','Hè peak'),
('2024-07-01',1,'Thứ Hai',1,27,7,'Tháng 7',3,2024,'2024-07',0,0,NULL,'Hạ','Hè peak'),
('2024-07-02',2,'Thứ Ba',2,27,7,'Tháng 7',3,2024,'2024-07',0,0,NULL,'Hạ','Hè peak'),
('2024-07-03',3,'Thứ Tư',3,27,7,'Tháng 7',3,2024,'2024-07',0,0,NULL,'Hạ','Hè peak'),
('2024-07-04',4,'Thứ Năm',4,27,7,'Tháng 7',3,2024,'2024-07',0,0,NULL,'Hạ','Hè peak'),
('2024-07-05',5,'Thứ Sáu',5,27,7,'Tháng 7',3,2024,'2024-07',0,0,NULL,'Hạ','Hè peak'),
('2024-07-06',6,'Thứ Bảy',6,27,7,'Tháng 7',3,2024,'2024-07',1,0,NULL,'Hạ','Hè peak'),
('2024-07-07',7,'Chủ Nhật',7,27,7,'Tháng 7',3,2024,'2024-07',1,0,NULL,'Hạ','Hè peak'),
('2024-07-08',1,'Thứ Hai',8,28,7,'Tháng 7',3,2024,'2024-07',0,0,NULL,'Hạ','Hè peak'),
('2024-07-09',2,'Thứ Ba',9,28,7,'Tháng 7',3,2024,'2024-07',0,0,NULL,'Hạ','Hè peak'),
('2024-07-10',3,'Thứ Tư',10,28,7,'Tháng 7',3,2024,'2024-07',0,0,NULL,'Hạ','Hè peak'),
('2024-07-11',4,'Thứ Năm',11,28,7,'Tháng 7',3,2024,'2024-07',0,0,NULL,'Hạ','Hè peak'),
('2024-07-12',5,'Thứ Sáu',12,28,7,'Tháng 7',3,2024,'2024-07',0,0,NULL,'Hạ','Hè peak'),
('2024-07-13',6,'Thứ Bảy',13,28,7,'Tháng 7',3,2024,'2024-07',1,0,NULL,'Hạ','Hè peak'),
('2024-07-14',7,'Chủ Nhật',14,28,7,'Tháng 7',3,2024,'2024-07',1,0,NULL,'Hạ','Hè peak'),
('2024-07-15',1,'Thứ Hai',15,29,7,'Tháng 7',3,2024,'2024-07',0,0,NULL,'Hạ','Hè peak'),
('2024-07-16',2,'Thứ Ba',16,29,7,'Tháng 7',3,2024,'2024-07',0,0,NULL,'Hạ','Hè peak'),
('2024-07-17',3,'Thứ Tư',17,29,7,'Tháng 7',3,2024,'2024-07',0,0,NULL,'Hạ','Hè peak'),
('2024-07-18',4,'Thứ Năm',18,29,7,'Tháng 7',3,2024,'2024-07',0,0,NULL,'Hạ','Hè peak'),
('2024-07-19',5,'Thứ Sáu',19,29,7,'Tháng 7',3,2024,'2024-07',0,0,NULL,'Hạ','Hè peak'),
('2024-07-20',6,'Thứ Bảy',20,29,7,'Tháng 7',3,2024,'2024-07',1,0,NULL,'Hạ','Hè peak'),
('2024-07-21',7,'Chủ Nhật',21,29,7,'Tháng 7',3,2024,'2024-07',1,0,NULL,'Hạ','Hè peak'),
('2024-07-22',1,'Thứ Hai',22,30,7,'Tháng 7',3,2024,'2024-07',0,0,NULL,'Hạ','Hè peak'),
('2024-07-23',2,'Thứ Ba',23,30,7,'Tháng 7',3,2024,'2024-07',0,0,NULL,'Hạ','Hè peak'),
('2024-07-24',3,'Thứ Tư',24,30,7,'Tháng 7',3,2024,'2024-07',0,0,NULL,'Hạ','Hè peak'),
('2024-07-25',4,'Thứ Năm',25,30,7,'Tháng 7',3,2024,'2024-07',0,0,NULL,'Hạ','Hè peak'),
('2024-07-26',5,'Thứ Sáu',26,30,7,'Tháng 7',3,2024,'2024-07',0,0,NULL,'Hạ','Hè peak'),
('2024-07-27',6,'Thứ Bảy',27,30,7,'Tháng 7',3,2024,'2024-07',1,0,NULL,'Hạ','Hè peak'),
('2024-07-28',7,'Chủ Nhật',28,30,7,'Tháng 7',3,2024,'2024-07',1,0,NULL,'Hạ','Hè peak'),
('2024-07-29',1,'Thứ Hai',29,31,7,'Tháng 7',3,2024,'2024-07',0,0,NULL,'Hạ','Hè peak'),
('2024-07-30',2,'Thứ Ba',30,31,7,'Tháng 7',3,2024,'2024-07',0,0,NULL,'Hạ','Hè peak'),
('2024-07-31',3,'Thứ Tư',31,31,7,'Tháng 7',3,2024,'2024-07',0,0,NULL,'Hạ','Hè peak'),
('2024-08-01',4,'Thứ Năm',1,31,8,'Tháng 8',3,2024,'2024-08',0,0,NULL,'Hạ','Hè peak'),
('2024-08-02',5,'Thứ Sáu',2,31,8,'Tháng 8',3,2024,'2024-08',0,0,NULL,'Hạ','Hè peak'),
('2024-08-03',6,'Thứ Bảy',3,31,8,'Tháng 8',3,2024,'2024-08',1,0,NULL,'Hạ','Hè peak'),
('2024-08-04',7,'Chủ Nhật',4,31,8,'Tháng 8',3,2024,'2024-08',1,0,NULL,'Hạ','Hè peak'),
('2024-08-05',1,'Thứ Hai',5,32,8,'Tháng 8',3,2024,'2024-08',0,0,NULL,'Hạ','Hè peak'),
('2024-08-06',2,'Thứ Ba',6,32,8,'Tháng 8',3,2024,'2024-08',0,0,NULL,'Hạ','Hè peak'),
('2024-08-07',3,'Thứ Tư',7,32,8,'Tháng 8',3,2024,'2024-08',0,0,NULL,'Hạ','Hè peak'),
('2024-08-08',4,'Thứ Năm',8,32,8,'Tháng 8',3,2024,'2024-08',0,0,NULL,'Hạ','Hè peak'),
('2024-08-09',5,'Thứ Sáu',9,32,8,'Tháng 8',3,2024,'2024-08',0,0,NULL,'Hạ','Hè peak'),
('2024-08-10',6,'Thứ Bảy',10,32,8,'Tháng 8',3,2024,'2024-08',1,0,NULL,'Hạ','Hè peak'),
('2024-08-11',7,'Chủ Nhật',11,32,8,'Tháng 8',3,2024,'2024-08',1,0,NULL,'Hạ','Hè peak'),
('2024-08-12',1,'Thứ Hai',12,33,8,'Tháng 8',3,2024,'2024-08',0,0,NULL,'Hạ','Hè peak'),
('2024-08-13',2,'Thứ Ba',13,33,8,'Tháng 8',3,2024,'2024-08',0,0,NULL,'Hạ','Hè peak'),
('2024-08-14',3,'Thứ Tư',14,33,8,'Tháng 8',3,2024,'2024-08',0,0,NULL,'Hạ','Hè peak'),
('2024-08-15',4,'Thứ Năm',15,33,8,'Tháng 8',3,2024,'2024-08',0,0,NULL,'Hạ','Hè peak'),
('2024-08-16',5,'Thứ Sáu',16,33,8,'Tháng 8',3,2024,'2024-08',0,0,NULL,'Hạ','Hè peak'),
('2024-08-17',6,'Thứ Bảy',17,33,8,'Tháng 8',3,2024,'2024-08',1,0,NULL,'Hạ','Hè peak'),
('2024-08-18',7,'Chủ Nhật',18,33,8,'Tháng 8',3,2024,'2024-08',1,0,NULL,'Hạ','Hè peak'),
('2024-08-19',1,'Thứ Hai',19,34,8,'Tháng 8',3,2024,'2024-08',0,0,NULL,'Hạ','Hè peak'),
('2024-08-20',2,'Thứ Ba',20,34,8,'Tháng 8',3,2024,'2024-08',0,0,NULL,'Hạ','Hè peak'),
('2024-08-21',3,'Thứ Tư',21,34,8,'Tháng 8',3,2024,'2024-08',0,0,NULL,'Hạ','Hè peak'),
('2024-08-22',4,'Thứ Năm',22,34,8,'Tháng 8',3,2024,'2024-08',0,0,NULL,'Hạ','Hè peak'),
('2024-08-23',5,'Thứ Sáu',23,34,8,'Tháng 8',3,2024,'2024-08',0,0,NULL,'Hạ','Hè peak'),
('2024-08-24',6,'Thứ Bảy',24,34,8,'Tháng 8',3,2024,'2024-08',1,0,NULL,'Hạ','Hè peak'),
('2024-08-25',7,'Chủ Nhật',25,34,8,'Tháng 8',3,2024,'2024-08',1,0,NULL,'Hạ','Hè peak'),
('2024-08-26',1,'Thứ Hai',26,35,8,'Tháng 8',3,2024,'2024-08',0,0,NULL,'Hạ','Hè peak'),
('2024-08-27',2,'Thứ Ba',27,35,8,'Tháng 8',3,2024,'2024-08',0,0,NULL,'Hạ','Hè peak'),
('2024-08-28',3,'Thứ Tư',28,35,8,'Tháng 8',3,2024,'2024-08',0,0,NULL,'Hạ','Hè peak'),
('2024-08-29',4,'Thứ Năm',29,35,8,'Tháng 8',3,2024,'2024-08',0,0,NULL,'Hạ','Hè peak'),
('2024-08-30',5,'Thứ Sáu',30,35,8,'Tháng 8',3,2024,'2024-08',0,0,NULL,'Hạ','Hè peak'),
('2024-08-31',6,'Thứ Bảy',31,35,8,'Tháng 8',3,2024,'2024-08',1,0,NULL,'Hạ','Hè peak'),
('2024-09-01',7,'Chủ Nhật',1,35,9,'Tháng 9',3,2024,'2024-09',1,0,NULL,'Thu','Off-peak'),
('2024-09-02',1,'Thứ Hai',2,36,9,'Tháng 9',3,2024,'2024-09',0,1,'Quốc Khánh','Thu','Lễ 2/9'),
('2024-09-03',2,'Thứ Ba',3,36,9,'Tháng 9',3,2024,'2024-09',0,1,'Quốc Khánh (bù)','Thu','Lễ 2/9'),
('2024-09-04',3,'Thứ Tư',4,36,9,'Tháng 9',3,2024,'2024-09',0,0,NULL,'Thu','Off-peak'),
('2024-09-05',4,'Thứ Năm',5,36,9,'Tháng 9',3,2024,'2024-09',0,0,NULL,'Thu','Off-peak'),
('2024-09-06',5,'Thứ Sáu',6,36,9,'Tháng 9',3,2024,'2024-09',0,0,NULL,'Thu','Off-peak'),
('2024-09-07',6,'Thứ Bảy',7,36,9,'Tháng 9',3,2024,'2024-09',1,0,NULL,'Thu','Off-peak'),
('2024-09-08',7,'Chủ Nhật',8,36,9,'Tháng 9',3,2024,'2024-09',1,0,NULL,'Thu','Off-peak'),
('2024-09-09',1,'Thứ Hai',9,37,9,'Tháng 9',3,2024,'2024-09',0,0,NULL,'Thu','Off-peak'),
('2024-09-10',2,'Thứ Ba',10,37,9,'Tháng 9',3,2024,'2024-09',0,0,NULL,'Thu','Off-peak'),
('2024-09-11',3,'Thứ Tư',11,37,9,'Tháng 9',3,2024,'2024-09',0,0,NULL,'Thu','Off-peak'),
('2024-09-12',4,'Thứ Năm',12,37,9,'Tháng 9',3,2024,'2024-09',0,0,NULL,'Thu','Off-peak'),
('2024-09-13',5,'Thứ Sáu',13,37,9,'Tháng 9',3,2024,'2024-09',0,0,NULL,'Thu','Off-peak'),
('2024-09-14',6,'Thứ Bảy',14,37,9,'Tháng 9',3,2024,'2024-09',1,0,NULL,'Thu','Off-peak'),
('2024-09-15',7,'Chủ Nhật',15,37,9,'Tháng 9',3,2024,'2024-09',1,0,NULL,'Thu','Off-peak'),
('2024-09-16',1,'Thứ Hai',16,38,9,'Tháng 9',3,2024,'2024-09',0,0,NULL,'Thu','Off-peak'),
('2024-09-17',2,'Thứ Ba',17,38,9,'Tháng 9',3,2024,'2024-09',0,0,NULL,'Thu','Off-peak'),
('2024-09-18',3,'Thứ Tư',18,38,9,'Tháng 9',3,2024,'2024-09',0,0,NULL,'Thu','Off-peak'),
('2024-09-19',4,'Thứ Năm',19,38,9,'Tháng 9',3,2024,'2024-09',0,0,NULL,'Thu','Off-peak'),
('2024-09-20',5,'Thứ Sáu',20,38,9,'Tháng 9',3,2024,'2024-09',0,0,NULL,'Thu','Off-peak'),
('2024-09-21',6,'Thứ Bảy',21,38,9,'Tháng 9',3,2024,'2024-09',1,0,NULL,'Thu','Off-peak'),
('2024-09-22',7,'Chủ Nhật',22,38,9,'Tháng 9',3,2024,'2024-09',1,0,NULL,'Thu','Off-peak'),
('2024-09-23',1,'Thứ Hai',23,39,9,'Tháng 9',3,2024,'2024-09',0,0,NULL,'Thu','Off-peak'),
('2024-09-24',2,'Thứ Ba',24,39,9,'Tháng 9',3,2024,'2024-09',0,0,NULL,'Thu','Off-peak'),
('2024-09-25',3,'Thứ Tư',25,39,9,'Tháng 9',3,2024,'2024-09',0,0,NULL,'Thu','Off-peak'),
('2024-09-26',4,'Thứ Năm',26,39,9,'Tháng 9',3,2024,'2024-09',0,0,NULL,'Thu','Off-peak'),
('2024-09-27',5,'Thứ Sáu',27,39,9,'Tháng 9',3,2024,'2024-09',0,0,NULL,'Thu','Off-peak'),
('2024-09-28',6,'Thứ Bảy',28,39,9,'Tháng 9',3,2024,'2024-09',1,0,NULL,'Thu','Off-peak'),
('2024-09-29',7,'Chủ Nhật',29,39,9,'Tháng 9',3,2024,'2024-09',1,0,NULL,'Thu','Off-peak'),
('2024-09-30',1,'Thứ Hai',30,40,9,'Tháng 9',3,2024,'2024-09',0,0,NULL,'Thu','Off-peak'),
('2024-10-01',2,'Thứ Ba',1,40,10,'Tháng 10',4,2024,'2024-10',0,0,NULL,'Thu','Mùa quốc tế'),
('2024-10-02',3,'Thứ Tư',2,40,10,'Tháng 10',4,2024,'2024-10',0,0,NULL,'Thu','Mùa quốc tế'),
('2024-10-03',4,'Thứ Năm',3,40,10,'Tháng 10',4,2024,'2024-10',0,0,NULL,'Thu','Mùa quốc tế'),
('2024-10-04',5,'Thứ Sáu',4,40,10,'Tháng 10',4,2024,'2024-10',0,0,NULL,'Thu','Mùa quốc tế'),
('2024-10-05',6,'Thứ Bảy',5,40,10,'Tháng 10',4,2024,'2024-10',1,0,NULL,'Thu','Mùa quốc tế'),
('2024-10-06',7,'Chủ Nhật',6,40,10,'Tháng 10',4,2024,'2024-10',1,0,NULL,'Thu','Mùa quốc tế'),
('2024-10-07',1,'Thứ Hai',7,41,10,'Tháng 10',4,2024,'2024-10',0,0,NULL,'Thu','Mùa quốc tế'),
('2024-10-08',2,'Thứ Ba',8,41,10,'Tháng 10',4,2024,'2024-10',0,0,NULL,'Thu','Mùa quốc tế'),
('2024-10-09',3,'Thứ Tư',9,41,10,'Tháng 10',4,2024,'2024-10',0,0,NULL,'Thu','Mùa quốc tế'),
('2024-10-10',4,'Thứ Năm',10,41,10,'Tháng 10',4,2024,'2024-10',0,0,NULL,'Thu','Mùa quốc tế'),
('2024-10-11',5,'Thứ Sáu',11,41,10,'Tháng 10',4,2024,'2024-10',0,0,NULL,'Thu','Mùa quốc tế'),
('2024-10-12',6,'Thứ Bảy',12,41,10,'Tháng 10',4,2024,'2024-10',1,0,NULL,'Thu','Mùa quốc tế'),
('2024-10-13',7,'Chủ Nhật',13,41,10,'Tháng 10',4,2024,'2024-10',1,0,NULL,'Thu','Mùa quốc tế'),
('2024-10-14',1,'Thứ Hai',14,42,10,'Tháng 10',4,2024,'2024-10',0,0,NULL,'Thu','Mùa quốc tế'),
('2024-10-15',2,'Thứ Ba',15,42,10,'Tháng 10',4,2024,'2024-10',0,0,NULL,'Thu','Mùa quốc tế'),
('2024-10-16',3,'Thứ Tư',16,42,10,'Tháng 10',4,2024,'2024-10',0,0,NULL,'Thu','Mùa quốc tế'),
('2024-10-17',4,'Thứ Năm',17,42,10,'Tháng 10',4,2024,'2024-10',0,0,NULL,'Thu','Mùa quốc tế'),
('2024-10-18',5,'Thứ Sáu',18,42,10,'Tháng 10',4,2024,'2024-10',0,0,NULL,'Thu','Mùa quốc tế'),
('2024-10-19',6,'Thứ Bảy',19,42,10,'Tháng 10',4,2024,'2024-10',1,0,NULL,'Thu','Mùa quốc tế'),
('2024-10-20',7,'Chủ Nhật',20,42,10,'Tháng 10',4,2024,'2024-10',1,0,NULL,'Thu','Mùa quốc tế'),
('2024-10-21',1,'Thứ Hai',21,43,10,'Tháng 10',4,2024,'2024-10',0,0,NULL,'Thu','Mùa quốc tế'),
('2024-10-22',2,'Thứ Ba',22,43,10,'Tháng 10',4,2024,'2024-10',0,0,NULL,'Thu','Mùa quốc tế'),
('2024-10-23',3,'Thứ Tư',23,43,10,'Tháng 10',4,2024,'2024-10',0,0,NULL,'Thu','Mùa quốc tế'),
('2024-10-24',4,'Thứ Năm',24,43,10,'Tháng 10',4,2024,'2024-10',0,0,NULL,'Thu','Mùa quốc tế'),
('2024-10-25',5,'Thứ Sáu',25,43,10,'Tháng 10',4,2024,'2024-10',0,0,NULL,'Thu','Mùa quốc tế'),
('2024-10-26',6,'Thứ Bảy',26,43,10,'Tháng 10',4,2024,'2024-10',1,0,NULL,'Thu','Mùa quốc tế'),
('2024-10-27',7,'Chủ Nhật',27,43,10,'Tháng 10',4,2024,'2024-10',1,0,NULL,'Thu','Mùa quốc tế'),
('2024-10-28',1,'Thứ Hai',28,44,10,'Tháng 10',4,2024,'2024-10',0,0,NULL,'Thu','Mùa quốc tế'),
('2024-10-29',2,'Thứ Ba',29,44,10,'Tháng 10',4,2024,'2024-10',0,0,NULL,'Thu','Mùa quốc tế'),
('2024-10-30',3,'Thứ Tư',30,44,10,'Tháng 10',4,2024,'2024-10',0,0,NULL,'Thu','Mùa quốc tế'),
('2024-10-31',4,'Thứ Năm',31,44,10,'Tháng 10',4,2024,'2024-10',0,0,NULL,'Thu','Mùa quốc tế'),
('2024-11-01',5,'Thứ Sáu',1,44,11,'Tháng 11',4,2024,'2024-11',0,0,NULL,'Thu','Mùa quốc tế'),
('2024-11-02',6,'Thứ Bảy',2,44,11,'Tháng 11',4,2024,'2024-11',1,0,NULL,'Thu','Mùa quốc tế'),
('2024-11-03',7,'Chủ Nhật',3,44,11,'Tháng 11',4,2024,'2024-11',1,0,NULL,'Thu','Mùa quốc tế'),
('2024-11-04',1,'Thứ Hai',4,45,11,'Tháng 11',4,2024,'2024-11',0,0,NULL,'Thu','Mùa quốc tế'),
('2024-11-05',2,'Thứ Ba',5,45,11,'Tháng 11',4,2024,'2024-11',0,0,NULL,'Thu','Mùa quốc tế'),
('2024-11-06',3,'Thứ Tư',6,45,11,'Tháng 11',4,2024,'2024-11',0,0,NULL,'Thu','Mùa quốc tế'),
('2024-11-07',4,'Thứ Năm',7,45,11,'Tháng 11',4,2024,'2024-11',0,0,NULL,'Thu','Mùa quốc tế'),
('2024-11-08',5,'Thứ Sáu',8,45,11,'Tháng 11',4,2024,'2024-11',0,0,NULL,'Thu','Mùa quốc tế'),
('2024-11-09',6,'Thứ Bảy',9,45,11,'Tháng 11',4,2024,'2024-11',1,0,NULL,'Thu','Mùa quốc tế'),
('2024-11-10',7,'Chủ Nhật',10,45,11,'Tháng 11',4,2024,'2024-11',1,0,NULL,'Thu','Mùa quốc tế'),
('2024-11-11',1,'Thứ Hai',11,46,11,'Tháng 11',4,2024,'2024-11',0,0,NULL,'Thu','Mùa quốc tế'),
('2024-11-12',2,'Thứ Ba',12,46,11,'Tháng 11',4,2024,'2024-11',0,0,NULL,'Thu','Mùa quốc tế'),
('2024-11-13',3,'Thứ Tư',13,46,11,'Tháng 11',4,2024,'2024-11',0,0,NULL,'Thu','Mùa quốc tế'),
('2024-11-14',4,'Thứ Năm',14,46,11,'Tháng 11',4,2024,'2024-11',0,0,NULL,'Thu','Mùa quốc tế'),
('2024-11-15',5,'Thứ Sáu',15,46,11,'Tháng 11',4,2024,'2024-11',0,0,NULL,'Thu','Mùa quốc tế'),
('2024-11-16',6,'Thứ Bảy',16,46,11,'Tháng 11',4,2024,'2024-11',1,0,NULL,'Thu','Mùa quốc tế'),
('2024-11-17',7,'Chủ Nhật',17,46,11,'Tháng 11',4,2024,'2024-11',1,0,NULL,'Thu','Mùa quốc tế'),
('2024-11-18',1,'Thứ Hai',18,47,11,'Tháng 11',4,2024,'2024-11',0,0,NULL,'Thu','Mùa quốc tế'),
('2024-11-19',2,'Thứ Ba',19,47,11,'Tháng 11',4,2024,'2024-11',0,0,NULL,'Thu','Mùa quốc tế'),
('2024-11-20',3,'Thứ Tư',20,47,11,'Tháng 11',4,2024,'2024-11',0,0,NULL,'Thu','Mùa quốc tế'),
('2024-11-21',4,'Thứ Năm',21,47,11,'Tháng 11',4,2024,'2024-11',0,0,NULL,'Thu','Mùa quốc tế'),
('2024-11-22',5,'Thứ Sáu',22,47,11,'Tháng 11',4,2024,'2024-11',0,0,NULL,'Thu','Mùa quốc tế'),
('2024-11-23',6,'Thứ Bảy',23,47,11,'Tháng 11',4,2024,'2024-11',1,0,NULL,'Thu','Mùa quốc tế'),
('2024-11-24',7,'Chủ Nhật',24,47,11,'Tháng 11',4,2024,'2024-11',1,0,NULL,'Thu','Mùa quốc tế'),
('2024-11-25',1,'Thứ Hai',25,48,11,'Tháng 11',4,2024,'2024-11',0,0,NULL,'Thu','Mùa quốc tế'),
('2024-11-26',2,'Thứ Ba',26,48,11,'Tháng 11',4,2024,'2024-11',0,0,NULL,'Thu','Mùa quốc tế'),
('2024-11-27',3,'Thứ Tư',27,48,11,'Tháng 11',4,2024,'2024-11',0,0,NULL,'Thu','Mùa quốc tế'),
('2024-11-28',4,'Thứ Năm',28,48,11,'Tháng 11',4,2024,'2024-11',0,0,NULL,'Thu','Mùa quốc tế'),
('2024-11-29',5,'Thứ Sáu',29,48,11,'Tháng 11',4,2024,'2024-11',0,0,NULL,'Thu','Mùa quốc tế'),
('2024-11-30',6,'Thứ Bảy',30,48,11,'Tháng 11',4,2024,'2024-11',1,0,NULL,'Thu','Mùa quốc tế'),
('2024-12-01',7,'Chủ Nhật',1,48,12,'Tháng 12',4,2024,'2024-12',1,0,NULL,'Đông','Mùa quốc tế'),
('2024-12-02',1,'Thứ Hai',2,49,12,'Tháng 12',4,2024,'2024-12',0,0,NULL,'Đông','Mùa quốc tế'),
('2024-12-03',2,'Thứ Ba',3,49,12,'Tháng 12',4,2024,'2024-12',0,0,NULL,'Đông','Mùa quốc tế'),
('2024-12-04',3,'Thứ Tư',4,49,12,'Tháng 12',4,2024,'2024-12',0,0,NULL,'Đông','Mùa quốc tế'),
('2024-12-05',4,'Thứ Năm',5,49,12,'Tháng 12',4,2024,'2024-12',0,0,NULL,'Đông','Mùa quốc tế'),
('2024-12-06',5,'Thứ Sáu',6,49,12,'Tháng 12',4,2024,'2024-12',0,0,NULL,'Đông','Mùa quốc tế'),
('2024-12-07',6,'Thứ Bảy',7,49,12,'Tháng 12',4,2024,'2024-12',1,0,NULL,'Đông','Mùa quốc tế'),
('2024-12-08',7,'Chủ Nhật',8,49,12,'Tháng 12',4,2024,'2024-12',1,0,NULL,'Đông','Mùa quốc tế'),
('2024-12-09',1,'Thứ Hai',9,50,12,'Tháng 12',4,2024,'2024-12',0,0,NULL,'Đông','Mùa quốc tế'),
('2024-12-10',2,'Thứ Ba',10,50,12,'Tháng 12',4,2024,'2024-12',0,0,NULL,'Đông','Mùa quốc tế'),
('2024-12-11',3,'Thứ Tư',11,50,12,'Tháng 12',4,2024,'2024-12',0,0,NULL,'Đông','Mùa quốc tế'),
('2024-12-12',4,'Thứ Năm',12,50,12,'Tháng 12',4,2024,'2024-12',0,0,NULL,'Đông','Mùa quốc tế'),
('2024-12-13',5,'Thứ Sáu',13,50,12,'Tháng 12',4,2024,'2024-12',0,0,NULL,'Đông','Mùa quốc tế'),
('2024-12-14',6,'Thứ Bảy',14,50,12,'Tháng 12',4,2024,'2024-12',1,0,NULL,'Đông','Mùa quốc tế'),
('2024-12-15',7,'Chủ Nhật',15,50,12,'Tháng 12',4,2024,'2024-12',1,0,NULL,'Đông','Mùa quốc tế'),
('2024-12-16',1,'Thứ Hai',16,51,12,'Tháng 12',4,2024,'2024-12',0,0,NULL,'Đông','Mùa quốc tế'),
('2024-12-17',2,'Thứ Ba',17,51,12,'Tháng 12',4,2024,'2024-12',0,0,NULL,'Đông','Mùa quốc tế'),
('2024-12-18',3,'Thứ Tư',18,51,12,'Tháng 12',4,2024,'2024-12',0,0,NULL,'Đông','Mùa quốc tế'),
('2024-12-19',4,'Thứ Năm',19,51,12,'Tháng 12',4,2024,'2024-12',0,0,NULL,'Đông','Mùa quốc tế'),
('2024-12-20',5,'Thứ Sáu',20,51,12,'Tháng 12',4,2024,'2024-12',0,0,NULL,'Đông','Mùa quốc tế'),
('2024-12-21',6,'Thứ Bảy',21,51,12,'Tháng 12',4,2024,'2024-12',1,0,NULL,'Đông','Mùa quốc tế'),
('2024-12-22',7,'Chủ Nhật',22,51,12,'Tháng 12',4,2024,'2024-12',1,0,NULL,'Đông','Mùa quốc tế'),
('2024-12-23',1,'Thứ Hai',23,52,12,'Tháng 12',4,2024,'2024-12',0,0,NULL,'Đông','Mùa quốc tế'),
('2024-12-24',2,'Thứ Ba',24,52,12,'Tháng 12',4,2024,'2024-12',0,0,NULL,'Đông','Mùa quốc tế'),
('2024-12-25',3,'Thứ Tư',25,52,12,'Tháng 12',4,2024,'2024-12',0,1,'Noel','Đông','Cuối năm'),
('2024-12-26',4,'Thứ Năm',26,52,12,'Tháng 12',4,2024,'2024-12',0,0,NULL,'Đông','Mùa quốc tế'),
('2024-12-27',5,'Thứ Sáu',27,52,12,'Tháng 12',4,2024,'2024-12',0,0,NULL,'Đông','Mùa quốc tế'),
('2024-12-28',6,'Thứ Bảy',28,52,12,'Tháng 12',4,2024,'2024-12',1,0,NULL,'Đông','Mùa quốc tế'),
('2024-12-29',7,'Chủ Nhật',29,52,12,'Tháng 12',4,2024,'2024-12',1,0,NULL,'Đông','Mùa quốc tế'),
('2024-12-30',1,'Thứ Hai',30,1,12,'Tháng 12',4,2024,'2024-12',0,0,NULL,'Đông','Mùa quốc tế'),
('2024-12-31',2,'Thứ Ba',31,1,12,'Tháng 12',4,2024,'2024-12',0,0,NULL,'Đông','Mùa quốc tế'),
('2025-01-01',3,'Thứ Tư',1,1,1,'Tháng 1',1,2025,'2025-01',0,1,'Tết Dương lịch','Đông','Lễ khác'),
('2025-01-02',4,'Thứ Năm',2,1,1,'Tháng 1',1,2025,'2025-01',0,0,NULL,'Đông','Tết / Đầu năm'),
('2025-01-03',5,'Thứ Sáu',3,1,1,'Tháng 1',1,2025,'2025-01',0,0,NULL,'Đông','Tết / Đầu năm'),
('2025-01-04',6,'Thứ Bảy',4,1,1,'Tháng 1',1,2025,'2025-01',1,0,NULL,'Đông','Tết / Đầu năm'),
('2025-01-05',7,'Chủ Nhật',5,1,1,'Tháng 1',1,2025,'2025-01',1,0,NULL,'Đông','Tết / Đầu năm'),
('2025-01-06',1,'Thứ Hai',6,2,1,'Tháng 1',1,2025,'2025-01',0,0,NULL,'Đông','Tết / Đầu năm'),
('2025-01-07',2,'Thứ Ba',7,2,1,'Tháng 1',1,2025,'2025-01',0,0,NULL,'Đông','Tết / Đầu năm'),
('2025-01-08',3,'Thứ Tư',8,2,1,'Tháng 1',1,2025,'2025-01',0,0,NULL,'Đông','Tết / Đầu năm'),
('2025-01-09',4,'Thứ Năm',9,2,1,'Tháng 1',1,2025,'2025-01',0,0,NULL,'Đông','Tết / Đầu năm'),
('2025-01-10',5,'Thứ Sáu',10,2,1,'Tháng 1',1,2025,'2025-01',0,0,NULL,'Đông','Tết / Đầu năm'),
('2025-01-11',6,'Thứ Bảy',11,2,1,'Tháng 1',1,2025,'2025-01',1,0,NULL,'Đông','Tết / Đầu năm'),
('2025-01-12',7,'Chủ Nhật',12,2,1,'Tháng 1',1,2025,'2025-01',1,0,NULL,'Đông','Tết / Đầu năm'),
('2025-01-13',1,'Thứ Hai',13,3,1,'Tháng 1',1,2025,'2025-01',0,0,NULL,'Đông','Tết / Đầu năm'),
('2025-01-14',2,'Thứ Ba',14,3,1,'Tháng 1',1,2025,'2025-01',0,0,NULL,'Đông','Tết / Đầu năm'),
('2025-01-15',3,'Thứ Tư',15,3,1,'Tháng 1',1,2025,'2025-01',0,0,NULL,'Đông','Tết / Đầu năm'),
('2025-01-16',4,'Thứ Năm',16,3,1,'Tháng 1',1,2025,'2025-01',0,0,NULL,'Đông','Tết / Đầu năm'),
('2025-01-17',5,'Thứ Sáu',17,3,1,'Tháng 1',1,2025,'2025-01',0,0,NULL,'Đông','Tết / Đầu năm'),
('2025-01-18',6,'Thứ Bảy',18,3,1,'Tháng 1',1,2025,'2025-01',1,0,NULL,'Đông','Tết / Đầu năm'),
('2025-01-19',7,'Chủ Nhật',19,3,1,'Tháng 1',1,2025,'2025-01',1,0,NULL,'Đông','Tết / Đầu năm'),
('2025-01-20',1,'Thứ Hai',20,4,1,'Tháng 1',1,2025,'2025-01',0,0,NULL,'Đông','Tết / Đầu năm'),
('2025-01-21',2,'Thứ Ba',21,4,1,'Tháng 1',1,2025,'2025-01',0,0,NULL,'Đông','Tết / Đầu năm'),
('2025-01-22',3,'Thứ Tư',22,4,1,'Tháng 1',1,2025,'2025-01',0,0,NULL,'Đông','Tết / Đầu năm'),
('2025-01-23',4,'Thứ Năm',23,4,1,'Tháng 1',1,2025,'2025-01',0,0,NULL,'Đông','Tết / Đầu năm'),
('2025-01-24',5,'Thứ Sáu',24,4,1,'Tháng 1',1,2025,'2025-01',0,0,NULL,'Đông','Tết / Đầu năm'),
('2025-01-25',6,'Thứ Bảy',25,4,1,'Tháng 1',1,2025,'2025-01',1,0,NULL,'Đông','Tết / Đầu năm'),
('2025-01-26',7,'Chủ Nhật',26,4,1,'Tháng 1',1,2025,'2025-01',1,0,NULL,'Đông','Tết / Đầu năm'),
('2025-01-27',1,'Thứ Hai',27,5,1,'Tháng 1',1,2025,'2025-01',0,0,NULL,'Đông','Tết / Đầu năm'),
('2025-01-28',2,'Thứ Ba',28,5,1,'Tháng 1',1,2025,'2025-01',0,1,'Tết Nguyên Đán (29 tháng Chạp)','Đông','Tết Nguyên Đán'),
('2025-01-29',3,'Thứ Tư',29,5,1,'Tháng 1',1,2025,'2025-01',0,1,'Tết Nguyên Đán (Mùng 1)','Đông','Tết Nguyên Đán'),
('2025-01-30',4,'Thứ Năm',30,5,1,'Tháng 1',1,2025,'2025-01',0,1,'Tết Nguyên Đán (Mùng 2)','Đông','Tết Nguyên Đán'),
('2025-01-31',5,'Thứ Sáu',31,5,1,'Tháng 1',1,2025,'2025-01',0,1,'Tết Nguyên Đán (Mùng 3)','Đông','Tết Nguyên Đán'),
('2025-02-01',6,'Thứ Bảy',1,5,2,'Tháng 2',1,2025,'2025-02',1,1,'Tết Nguyên Đán (Mùng 4)','Đông','Tết Nguyên Đán'),
('2025-02-02',7,'Chủ Nhật',2,5,2,'Tháng 2',1,2025,'2025-02',1,1,'Tết Nguyên Đán (Mùng 5)','Đông','Tết Nguyên Đán'),
('2025-02-03',1,'Thứ Hai',3,6,2,'Tháng 2',1,2025,'2025-02',0,1,'Tết Nguyên Đán (Mùng 6)','Đông','Tết Nguyên Đán'),
('2025-02-04',2,'Thứ Ba',4,6,2,'Tháng 2',1,2025,'2025-02',0,0,NULL,'Đông','Tết / Đầu năm'),
('2025-02-05',3,'Thứ Tư',5,6,2,'Tháng 2',1,2025,'2025-02',0,0,NULL,'Đông','Tết / Đầu năm'),
('2025-02-06',4,'Thứ Năm',6,6,2,'Tháng 2',1,2025,'2025-02',0,0,NULL,'Đông','Tết / Đầu năm'),
('2025-02-07',5,'Thứ Sáu',7,6,2,'Tháng 2',1,2025,'2025-02',0,0,NULL,'Đông','Tết / Đầu năm'),
('2025-02-08',6,'Thứ Bảy',8,6,2,'Tháng 2',1,2025,'2025-02',1,0,NULL,'Đông','Tết / Đầu năm'),
('2025-02-09',7,'Chủ Nhật',9,6,2,'Tháng 2',1,2025,'2025-02',1,0,NULL,'Đông','Tết / Đầu năm'),
('2025-02-10',1,'Thứ Hai',10,7,2,'Tháng 2',1,2025,'2025-02',0,0,NULL,'Đông','Tết / Đầu năm'),
('2025-02-11',2,'Thứ Ba',11,7,2,'Tháng 2',1,2025,'2025-02',0,0,NULL,'Đông','Tết / Đầu năm'),
('2025-02-12',3,'Thứ Tư',12,7,2,'Tháng 2',1,2025,'2025-02',0,0,NULL,'Đông','Tết / Đầu năm'),
('2025-02-13',4,'Thứ Năm',13,7,2,'Tháng 2',1,2025,'2025-02',0,0,NULL,'Đông','Tết / Đầu năm'),
('2025-02-14',5,'Thứ Sáu',14,7,2,'Tháng 2',1,2025,'2025-02',0,0,NULL,'Đông','Tết / Đầu năm'),
('2025-02-15',6,'Thứ Bảy',15,7,2,'Tháng 2',1,2025,'2025-02',1,0,NULL,'Đông','Tết / Đầu năm'),
('2025-02-16',7,'Chủ Nhật',16,7,2,'Tháng 2',1,2025,'2025-02',1,0,NULL,'Đông','Tết / Đầu năm'),
('2025-02-17',1,'Thứ Hai',17,8,2,'Tháng 2',1,2025,'2025-02',0,0,NULL,'Đông','Tết / Đầu năm'),
('2025-02-18',2,'Thứ Ba',18,8,2,'Tháng 2',1,2025,'2025-02',0,0,NULL,'Đông','Tết / Đầu năm'),
('2025-02-19',3,'Thứ Tư',19,8,2,'Tháng 2',1,2025,'2025-02',0,0,NULL,'Đông','Tết / Đầu năm'),
('2025-02-20',4,'Thứ Năm',20,8,2,'Tháng 2',1,2025,'2025-02',0,0,NULL,'Đông','Tết / Đầu năm'),
('2025-02-21',5,'Thứ Sáu',21,8,2,'Tháng 2',1,2025,'2025-02',0,0,NULL,'Đông','Tết / Đầu năm'),
('2025-02-22',6,'Thứ Bảy',22,8,2,'Tháng 2',1,2025,'2025-02',1,0,NULL,'Đông','Tết / Đầu năm'),
('2025-02-23',7,'Chủ Nhật',23,8,2,'Tháng 2',1,2025,'2025-02',1,0,NULL,'Đông','Tết / Đầu năm'),
('2025-02-24',1,'Thứ Hai',24,9,2,'Tháng 2',1,2025,'2025-02',0,0,NULL,'Đông','Tết / Đầu năm'),
('2025-02-25',2,'Thứ Ba',25,9,2,'Tháng 2',1,2025,'2025-02',0,0,NULL,'Đông','Tết / Đầu năm'),
('2025-02-26',3,'Thứ Tư',26,9,2,'Tháng 2',1,2025,'2025-02',0,0,NULL,'Đông','Tết / Đầu năm'),
('2025-02-27',4,'Thứ Năm',27,9,2,'Tháng 2',1,2025,'2025-02',0,0,NULL,'Đông','Tết / Đầu năm'),
('2025-02-28',5,'Thứ Sáu',28,9,2,'Tháng 2',1,2025,'2025-02',0,0,NULL,'Đông','Tết / Đầu năm'),
('2025-03-01',6,'Thứ Bảy',1,9,3,'Tháng 3',1,2025,'2025-03',1,0,NULL,'Xuân','Bình thường'),
('2025-03-02',7,'Chủ Nhật',2,9,3,'Tháng 3',1,2025,'2025-03',1,0,NULL,'Xuân','Bình thường'),
('2025-03-03',1,'Thứ Hai',3,10,3,'Tháng 3',1,2025,'2025-03',0,0,NULL,'Xuân','Bình thường'),
('2025-03-04',2,'Thứ Ba',4,10,3,'Tháng 3',1,2025,'2025-03',0,0,NULL,'Xuân','Bình thường'),
('2025-03-05',3,'Thứ Tư',5,10,3,'Tháng 3',1,2025,'2025-03',0,0,NULL,'Xuân','Bình thường'),
('2025-03-06',4,'Thứ Năm',6,10,3,'Tháng 3',1,2025,'2025-03',0,0,NULL,'Xuân','Bình thường'),
('2025-03-07',5,'Thứ Sáu',7,10,3,'Tháng 3',1,2025,'2025-03',0,0,NULL,'Xuân','Bình thường'),
('2025-03-08',6,'Thứ Bảy',8,10,3,'Tháng 3',1,2025,'2025-03',1,0,NULL,'Xuân','Bình thường'),
('2025-03-09',7,'Chủ Nhật',9,10,3,'Tháng 3',1,2025,'2025-03',1,0,NULL,'Xuân','Bình thường'),
('2025-03-10',1,'Thứ Hai',10,11,3,'Tháng 3',1,2025,'2025-03',0,0,NULL,'Xuân','Bình thường'),
('2025-03-11',2,'Thứ Ba',11,11,3,'Tháng 3',1,2025,'2025-03',0,0,NULL,'Xuân','Bình thường'),
('2025-03-12',3,'Thứ Tư',12,11,3,'Tháng 3',1,2025,'2025-03',0,0,NULL,'Xuân','Bình thường'),
('2025-03-13',4,'Thứ Năm',13,11,3,'Tháng 3',1,2025,'2025-03',0,0,NULL,'Xuân','Bình thường'),
('2025-03-14',5,'Thứ Sáu',14,11,3,'Tháng 3',1,2025,'2025-03',0,0,NULL,'Xuân','Bình thường'),
('2025-03-15',6,'Thứ Bảy',15,11,3,'Tháng 3',1,2025,'2025-03',1,0,NULL,'Xuân','Bình thường'),
('2025-03-16',7,'Chủ Nhật',16,11,3,'Tháng 3',1,2025,'2025-03',1,0,NULL,'Xuân','Bình thường'),
('2025-03-17',1,'Thứ Hai',17,12,3,'Tháng 3',1,2025,'2025-03',0,0,NULL,'Xuân','Bình thường'),
('2025-03-18',2,'Thứ Ba',18,12,3,'Tháng 3',1,2025,'2025-03',0,0,NULL,'Xuân','Bình thường'),
('2025-03-19',3,'Thứ Tư',19,12,3,'Tháng 3',1,2025,'2025-03',0,0,NULL,'Xuân','Bình thường'),
('2025-03-20',4,'Thứ Năm',20,12,3,'Tháng 3',1,2025,'2025-03',0,0,NULL,'Xuân','Bình thường'),
('2025-03-21',5,'Thứ Sáu',21,12,3,'Tháng 3',1,2025,'2025-03',0,0,NULL,'Xuân','Bình thường'),
('2025-03-22',6,'Thứ Bảy',22,12,3,'Tháng 3',1,2025,'2025-03',1,0,NULL,'Xuân','Bình thường'),
('2025-03-23',7,'Chủ Nhật',23,12,3,'Tháng 3',1,2025,'2025-03',1,0,NULL,'Xuân','Bình thường'),
('2025-03-24',1,'Thứ Hai',24,13,3,'Tháng 3',1,2025,'2025-03',0,0,NULL,'Xuân','Bình thường'),
('2025-03-25',2,'Thứ Ba',25,13,3,'Tháng 3',1,2025,'2025-03',0,0,NULL,'Xuân','Bình thường'),
('2025-03-26',3,'Thứ Tư',26,13,3,'Tháng 3',1,2025,'2025-03',0,0,NULL,'Xuân','Bình thường'),
('2025-03-27',4,'Thứ Năm',27,13,3,'Tháng 3',1,2025,'2025-03',0,0,NULL,'Xuân','Bình thường'),
('2025-03-28',5,'Thứ Sáu',28,13,3,'Tháng 3',1,2025,'2025-03',0,0,NULL,'Xuân','Bình thường'),
('2025-03-29',6,'Thứ Bảy',29,13,3,'Tháng 3',1,2025,'2025-03',1,0,NULL,'Xuân','Bình thường'),
('2025-03-30',7,'Chủ Nhật',30,13,3,'Tháng 3',1,2025,'2025-03',1,0,NULL,'Xuân','Bình thường'),
('2025-03-31',1,'Thứ Hai',31,14,3,'Tháng 3',1,2025,'2025-03',0,0,NULL,'Xuân','Bình thường'),
('2025-04-01',2,'Thứ Ba',1,14,4,'Tháng 4',2,2025,'2025-04',0,0,NULL,'Xuân','Hè đầu mùa'),
('2025-04-02',3,'Thứ Tư',2,14,4,'Tháng 4',2,2025,'2025-04',0,0,NULL,'Xuân','Hè đầu mùa'),
('2025-04-03',4,'Thứ Năm',3,14,4,'Tháng 4',2,2025,'2025-04',0,0,NULL,'Xuân','Hè đầu mùa'),
('2025-04-04',5,'Thứ Sáu',4,14,4,'Tháng 4',2,2025,'2025-04',0,0,NULL,'Xuân','Hè đầu mùa'),
('2025-04-05',6,'Thứ Bảy',5,14,4,'Tháng 4',2,2025,'2025-04',1,0,NULL,'Xuân','Hè đầu mùa'),
('2025-04-06',7,'Chủ Nhật',6,14,4,'Tháng 4',2,2025,'2025-04',1,0,NULL,'Xuân','Hè đầu mùa'),
('2025-04-07',1,'Thứ Hai',7,15,4,'Tháng 4',2,2025,'2025-04',0,1,'Giỗ Tổ Hùng Vương','Xuân','Lễ khác'),
('2025-04-08',2,'Thứ Ba',8,15,4,'Tháng 4',2,2025,'2025-04',0,0,NULL,'Xuân','Hè đầu mùa'),
('2025-04-09',3,'Thứ Tư',9,15,4,'Tháng 4',2,2025,'2025-04',0,0,NULL,'Xuân','Hè đầu mùa'),
('2025-04-10',4,'Thứ Năm',10,15,4,'Tháng 4',2,2025,'2025-04',0,0,NULL,'Xuân','Hè đầu mùa'),
('2025-04-11',5,'Thứ Sáu',11,15,4,'Tháng 4',2,2025,'2025-04',0,0,NULL,'Xuân','Hè đầu mùa'),
('2025-04-12',6,'Thứ Bảy',12,15,4,'Tháng 4',2,2025,'2025-04',1,0,NULL,'Xuân','Hè đầu mùa'),
('2025-04-13',7,'Chủ Nhật',13,15,4,'Tháng 4',2,2025,'2025-04',1,0,NULL,'Xuân','Hè đầu mùa'),
('2025-04-14',1,'Thứ Hai',14,16,4,'Tháng 4',2,2025,'2025-04',0,0,NULL,'Xuân','Hè đầu mùa'),
('2025-04-15',2,'Thứ Ba',15,16,4,'Tháng 4',2,2025,'2025-04',0,0,NULL,'Xuân','Hè đầu mùa'),
('2025-04-16',3,'Thứ Tư',16,16,4,'Tháng 4',2,2025,'2025-04',0,0,NULL,'Xuân','Hè đầu mùa'),
('2025-04-17',4,'Thứ Năm',17,16,4,'Tháng 4',2,2025,'2025-04',0,0,NULL,'Xuân','Hè đầu mùa'),
('2025-04-18',5,'Thứ Sáu',18,16,4,'Tháng 4',2,2025,'2025-04',0,0,NULL,'Xuân','Hè đầu mùa'),
('2025-04-19',6,'Thứ Bảy',19,16,4,'Tháng 4',2,2025,'2025-04',1,0,NULL,'Xuân','Hè đầu mùa'),
('2025-04-20',7,'Chủ Nhật',20,16,4,'Tháng 4',2,2025,'2025-04',1,0,NULL,'Xuân','Hè đầu mùa'),
('2025-04-21',1,'Thứ Hai',21,17,4,'Tháng 4',2,2025,'2025-04',0,0,NULL,'Xuân','Hè đầu mùa'),
('2025-04-22',2,'Thứ Ba',22,17,4,'Tháng 4',2,2025,'2025-04',0,0,NULL,'Xuân','Hè đầu mùa'),
('2025-04-23',3,'Thứ Tư',23,17,4,'Tháng 4',2,2025,'2025-04',0,0,NULL,'Xuân','Hè đầu mùa'),
('2025-04-24',4,'Thứ Năm',24,17,4,'Tháng 4',2,2025,'2025-04',0,0,NULL,'Xuân','Hè đầu mùa'),
('2025-04-25',5,'Thứ Sáu',25,17,4,'Tháng 4',2,2025,'2025-04',0,0,NULL,'Xuân','Hè đầu mùa'),
('2025-04-26',6,'Thứ Bảy',26,17,4,'Tháng 4',2,2025,'2025-04',1,0,NULL,'Xuân','Hè đầu mùa'),
('2025-04-27',7,'Chủ Nhật',27,17,4,'Tháng 4',2,2025,'2025-04',1,0,NULL,'Xuân','Hè đầu mùa'),
('2025-04-28',1,'Thứ Hai',28,18,4,'Tháng 4',2,2025,'2025-04',0,0,NULL,'Xuân','Hè đầu mùa'),
('2025-04-29',2,'Thứ Ba',29,18,4,'Tháng 4',2,2025,'2025-04',0,0,NULL,'Xuân','Hè đầu mùa'),
('2025-04-30',3,'Thứ Tư',30,18,4,'Tháng 4',2,2025,'2025-04',0,1,'Ngày Giải phóng miền Nam','Xuân','Lễ 30/4 - 1/5'),
('2025-05-01',4,'Thứ Năm',1,18,5,'Tháng 5',2,2025,'2025-05',0,1,'Quốc tế Lao động','Xuân','Lễ 30/4 - 1/5'),
('2025-05-02',5,'Thứ Sáu',2,18,5,'Tháng 5',2,2025,'2025-05',0,0,NULL,'Xuân','Hè đầu mùa'),
('2025-05-03',6,'Thứ Bảy',3,18,5,'Tháng 5',2,2025,'2025-05',1,0,NULL,'Xuân','Hè đầu mùa'),
('2025-05-04',7,'Chủ Nhật',4,18,5,'Tháng 5',2,2025,'2025-05',1,0,NULL,'Xuân','Hè đầu mùa'),
('2025-05-05',1,'Thứ Hai',5,19,5,'Tháng 5',2,2025,'2025-05',0,0,NULL,'Xuân','Hè đầu mùa'),
('2025-05-06',2,'Thứ Ba',6,19,5,'Tháng 5',2,2025,'2025-05',0,0,NULL,'Xuân','Hè đầu mùa'),
('2025-05-07',3,'Thứ Tư',7,19,5,'Tháng 5',2,2025,'2025-05',0,0,NULL,'Xuân','Hè đầu mùa'),
('2025-05-08',4,'Thứ Năm',8,19,5,'Tháng 5',2,2025,'2025-05',0,0,NULL,'Xuân','Hè đầu mùa'),
('2025-05-09',5,'Thứ Sáu',9,19,5,'Tháng 5',2,2025,'2025-05',0,0,NULL,'Xuân','Hè đầu mùa'),
('2025-05-10',6,'Thứ Bảy',10,19,5,'Tháng 5',2,2025,'2025-05',1,0,NULL,'Xuân','Hè đầu mùa'),
('2025-05-11',7,'Chủ Nhật',11,19,5,'Tháng 5',2,2025,'2025-05',1,0,NULL,'Xuân','Hè đầu mùa'),
('2025-05-12',1,'Thứ Hai',12,20,5,'Tháng 5',2,2025,'2025-05',0,0,NULL,'Xuân','Hè đầu mùa'),
('2025-05-13',2,'Thứ Ba',13,20,5,'Tháng 5',2,2025,'2025-05',0,0,NULL,'Xuân','Hè đầu mùa'),
('2025-05-14',3,'Thứ Tư',14,20,5,'Tháng 5',2,2025,'2025-05',0,0,NULL,'Xuân','Hè đầu mùa'),
('2025-05-15',4,'Thứ Năm',15,20,5,'Tháng 5',2,2025,'2025-05',0,0,NULL,'Xuân','Hè đầu mùa'),
('2025-05-16',5,'Thứ Sáu',16,20,5,'Tháng 5',2,2025,'2025-05',0,0,NULL,'Xuân','Hè đầu mùa'),
('2025-05-17',6,'Thứ Bảy',17,20,5,'Tháng 5',2,2025,'2025-05',1,0,NULL,'Xuân','Hè đầu mùa'),
('2025-05-18',7,'Chủ Nhật',18,20,5,'Tháng 5',2,2025,'2025-05',1,0,NULL,'Xuân','Hè đầu mùa'),
('2025-05-19',1,'Thứ Hai',19,21,5,'Tháng 5',2,2025,'2025-05',0,0,NULL,'Xuân','Hè đầu mùa'),
('2025-05-20',2,'Thứ Ba',20,21,5,'Tháng 5',2,2025,'2025-05',0,0,NULL,'Xuân','Hè đầu mùa'),
('2025-05-21',3,'Thứ Tư',21,21,5,'Tháng 5',2,2025,'2025-05',0,0,NULL,'Xuân','Hè đầu mùa'),
('2025-05-22',4,'Thứ Năm',22,21,5,'Tháng 5',2,2025,'2025-05',0,0,NULL,'Xuân','Hè đầu mùa'),
('2025-05-23',5,'Thứ Sáu',23,21,5,'Tháng 5',2,2025,'2025-05',0,0,NULL,'Xuân','Hè đầu mùa'),
('2025-05-24',6,'Thứ Bảy',24,21,5,'Tháng 5',2,2025,'2025-05',1,0,NULL,'Xuân','Hè đầu mùa'),
('2025-05-25',7,'Chủ Nhật',25,21,5,'Tháng 5',2,2025,'2025-05',1,0,NULL,'Xuân','Hè đầu mùa'),
('2025-05-26',1,'Thứ Hai',26,22,5,'Tháng 5',2,2025,'2025-05',0,0,NULL,'Xuân','Hè đầu mùa'),
('2025-05-27',2,'Thứ Ba',27,22,5,'Tháng 5',2,2025,'2025-05',0,0,NULL,'Xuân','Hè đầu mùa'),
('2025-05-28',3,'Thứ Tư',28,22,5,'Tháng 5',2,2025,'2025-05',0,0,NULL,'Xuân','Hè đầu mùa'),
('2025-05-29',4,'Thứ Năm',29,22,5,'Tháng 5',2,2025,'2025-05',0,0,NULL,'Xuân','Hè đầu mùa'),
('2025-05-30',5,'Thứ Sáu',30,22,5,'Tháng 5',2,2025,'2025-05',0,0,NULL,'Xuân','Hè đầu mùa'),
('2025-05-31',6,'Thứ Bảy',31,22,5,'Tháng 5',2,2025,'2025-05',1,0,NULL,'Xuân','Hè đầu mùa'),
('2025-06-01',7,'Chủ Nhật',1,22,6,'Tháng 6',2,2025,'2025-06',1,0,NULL,'Hạ','Hè peak'),
('2025-06-02',1,'Thứ Hai',2,23,6,'Tháng 6',2,2025,'2025-06',0,0,NULL,'Hạ','Hè peak'),
('2025-06-03',2,'Thứ Ba',3,23,6,'Tháng 6',2,2025,'2025-06',0,0,NULL,'Hạ','Hè peak'),
('2025-06-04',3,'Thứ Tư',4,23,6,'Tháng 6',2,2025,'2025-06',0,0,NULL,'Hạ','Hè peak'),
('2025-06-05',4,'Thứ Năm',5,23,6,'Tháng 6',2,2025,'2025-06',0,0,NULL,'Hạ','Hè peak'),
('2025-06-06',5,'Thứ Sáu',6,23,6,'Tháng 6',2,2025,'2025-06',0,0,NULL,'Hạ','Hè peak'),
('2025-06-07',6,'Thứ Bảy',7,23,6,'Tháng 6',2,2025,'2025-06',1,0,NULL,'Hạ','Hè peak'),
('2025-06-08',7,'Chủ Nhật',8,23,6,'Tháng 6',2,2025,'2025-06',1,0,NULL,'Hạ','Hè peak'),
('2025-06-09',1,'Thứ Hai',9,24,6,'Tháng 6',2,2025,'2025-06',0,0,NULL,'Hạ','Hè peak'),
('2025-06-10',2,'Thứ Ba',10,24,6,'Tháng 6',2,2025,'2025-06',0,0,NULL,'Hạ','Hè peak'),
('2025-06-11',3,'Thứ Tư',11,24,6,'Tháng 6',2,2025,'2025-06',0,0,NULL,'Hạ','Hè peak'),
('2025-06-12',4,'Thứ Năm',12,24,6,'Tháng 6',2,2025,'2025-06',0,0,NULL,'Hạ','Hè peak'),
('2025-06-13',5,'Thứ Sáu',13,24,6,'Tháng 6',2,2025,'2025-06',0,0,NULL,'Hạ','Hè peak'),
('2025-06-14',6,'Thứ Bảy',14,24,6,'Tháng 6',2,2025,'2025-06',1,0,NULL,'Hạ','Hè peak'),
('2025-06-15',7,'Chủ Nhật',15,24,6,'Tháng 6',2,2025,'2025-06',1,0,NULL,'Hạ','Hè peak'),
('2025-06-16',1,'Thứ Hai',16,25,6,'Tháng 6',2,2025,'2025-06',0,0,NULL,'Hạ','Hè peak'),
('2025-06-17',2,'Thứ Ba',17,25,6,'Tháng 6',2,2025,'2025-06',0,0,NULL,'Hạ','Hè peak'),
('2025-06-18',3,'Thứ Tư',18,25,6,'Tháng 6',2,2025,'2025-06',0,0,NULL,'Hạ','Hè peak'),
('2025-06-19',4,'Thứ Năm',19,25,6,'Tháng 6',2,2025,'2025-06',0,0,NULL,'Hạ','Hè peak'),
('2025-06-20',5,'Thứ Sáu',20,25,6,'Tháng 6',2,2025,'2025-06',0,0,NULL,'Hạ','Hè peak'),
('2025-06-21',6,'Thứ Bảy',21,25,6,'Tháng 6',2,2025,'2025-06',1,0,NULL,'Hạ','Hè peak'),
('2025-06-22',7,'Chủ Nhật',22,25,6,'Tháng 6',2,2025,'2025-06',1,0,NULL,'Hạ','Hè peak'),
('2025-06-23',1,'Thứ Hai',23,26,6,'Tháng 6',2,2025,'2025-06',0,0,NULL,'Hạ','Hè peak'),
('2025-06-24',2,'Thứ Ba',24,26,6,'Tháng 6',2,2025,'2025-06',0,0,NULL,'Hạ','Hè peak'),
('2025-06-25',3,'Thứ Tư',25,26,6,'Tháng 6',2,2025,'2025-06',0,0,NULL,'Hạ','Hè peak'),
('2025-06-26',4,'Thứ Năm',26,26,6,'Tháng 6',2,2025,'2025-06',0,0,NULL,'Hạ','Hè peak'),
('2025-06-27',5,'Thứ Sáu',27,26,6,'Tháng 6',2,2025,'2025-06',0,0,NULL,'Hạ','Hè peak'),
('2025-06-28',6,'Thứ Bảy',28,26,6,'Tháng 6',2,2025,'2025-06',1,0,NULL,'Hạ','Hè peak'),
('2025-06-29',7,'Chủ Nhật',29,26,6,'Tháng 6',2,2025,'2025-06',1,0,NULL,'Hạ','Hè peak'),
('2025-06-30',1,'Thứ Hai',30,27,6,'Tháng 6',2,2025,'2025-06',0,0,NULL,'Hạ','Hè peak'),
('2025-07-01',2,'Thứ Ba',1,27,7,'Tháng 7',3,2025,'2025-07',0,0,NULL,'Hạ','Hè peak'),
('2025-07-02',3,'Thứ Tư',2,27,7,'Tháng 7',3,2025,'2025-07',0,0,NULL,'Hạ','Hè peak'),
('2025-07-03',4,'Thứ Năm',3,27,7,'Tháng 7',3,2025,'2025-07',0,0,NULL,'Hạ','Hè peak'),
('2025-07-04',5,'Thứ Sáu',4,27,7,'Tháng 7',3,2025,'2025-07',0,0,NULL,'Hạ','Hè peak'),
('2025-07-05',6,'Thứ Bảy',5,27,7,'Tháng 7',3,2025,'2025-07',1,0,NULL,'Hạ','Hè peak'),
('2025-07-06',7,'Chủ Nhật',6,27,7,'Tháng 7',3,2025,'2025-07',1,0,NULL,'Hạ','Hè peak'),
('2025-07-07',1,'Thứ Hai',7,28,7,'Tháng 7',3,2025,'2025-07',0,0,NULL,'Hạ','Hè peak'),
('2025-07-08',2,'Thứ Ba',8,28,7,'Tháng 7',3,2025,'2025-07',0,0,NULL,'Hạ','Hè peak'),
('2025-07-09',3,'Thứ Tư',9,28,7,'Tháng 7',3,2025,'2025-07',0,0,NULL,'Hạ','Hè peak'),
('2025-07-10',4,'Thứ Năm',10,28,7,'Tháng 7',3,2025,'2025-07',0,0,NULL,'Hạ','Hè peak'),
('2025-07-11',5,'Thứ Sáu',11,28,7,'Tháng 7',3,2025,'2025-07',0,0,NULL,'Hạ','Hè peak'),
('2025-07-12',6,'Thứ Bảy',12,28,7,'Tháng 7',3,2025,'2025-07',1,0,NULL,'Hạ','Hè peak'),
('2025-07-13',7,'Chủ Nhật',13,28,7,'Tháng 7',3,2025,'2025-07',1,0,NULL,'Hạ','Hè peak'),
('2025-07-14',1,'Thứ Hai',14,29,7,'Tháng 7',3,2025,'2025-07',0,0,NULL,'Hạ','Hè peak'),
('2025-07-15',2,'Thứ Ba',15,29,7,'Tháng 7',3,2025,'2025-07',0,0,NULL,'Hạ','Hè peak'),
('2025-07-16',3,'Thứ Tư',16,29,7,'Tháng 7',3,2025,'2025-07',0,0,NULL,'Hạ','Hè peak'),
('2025-07-17',4,'Thứ Năm',17,29,7,'Tháng 7',3,2025,'2025-07',0,0,NULL,'Hạ','Hè peak'),
('2025-07-18',5,'Thứ Sáu',18,29,7,'Tháng 7',3,2025,'2025-07',0,0,NULL,'Hạ','Hè peak'),
('2025-07-19',6,'Thứ Bảy',19,29,7,'Tháng 7',3,2025,'2025-07',1,0,NULL,'Hạ','Hè peak'),
('2025-07-20',7,'Chủ Nhật',20,29,7,'Tháng 7',3,2025,'2025-07',1,0,NULL,'Hạ','Hè peak'),
('2025-07-21',1,'Thứ Hai',21,30,7,'Tháng 7',3,2025,'2025-07',0,0,NULL,'Hạ','Hè peak'),
('2025-07-22',2,'Thứ Ba',22,30,7,'Tháng 7',3,2025,'2025-07',0,0,NULL,'Hạ','Hè peak'),
('2025-07-23',3,'Thứ Tư',23,30,7,'Tháng 7',3,2025,'2025-07',0,0,NULL,'Hạ','Hè peak'),
('2025-07-24',4,'Thứ Năm',24,30,7,'Tháng 7',3,2025,'2025-07',0,0,NULL,'Hạ','Hè peak'),
('2025-07-25',5,'Thứ Sáu',25,30,7,'Tháng 7',3,2025,'2025-07',0,0,NULL,'Hạ','Hè peak'),
('2025-07-26',6,'Thứ Bảy',26,30,7,'Tháng 7',3,2025,'2025-07',1,0,NULL,'Hạ','Hè peak'),
('2025-07-27',7,'Chủ Nhật',27,30,7,'Tháng 7',3,2025,'2025-07',1,0,NULL,'Hạ','Hè peak'),
('2025-07-28',1,'Thứ Hai',28,31,7,'Tháng 7',3,2025,'2025-07',0,0,NULL,'Hạ','Hè peak'),
('2025-07-29',2,'Thứ Ba',29,31,7,'Tháng 7',3,2025,'2025-07',0,0,NULL,'Hạ','Hè peak'),
('2025-07-30',3,'Thứ Tư',30,31,7,'Tháng 7',3,2025,'2025-07',0,0,NULL,'Hạ','Hè peak'),
('2025-07-31',4,'Thứ Năm',31,31,7,'Tháng 7',3,2025,'2025-07',0,0,NULL,'Hạ','Hè peak'),
('2025-08-01',5,'Thứ Sáu',1,31,8,'Tháng 8',3,2025,'2025-08',0,0,NULL,'Hạ','Hè peak'),
('2025-08-02',6,'Thứ Bảy',2,31,8,'Tháng 8',3,2025,'2025-08',1,0,NULL,'Hạ','Hè peak'),
('2025-08-03',7,'Chủ Nhật',3,31,8,'Tháng 8',3,2025,'2025-08',1,0,NULL,'Hạ','Hè peak'),
('2025-08-04',1,'Thứ Hai',4,32,8,'Tháng 8',3,2025,'2025-08',0,0,NULL,'Hạ','Hè peak'),
('2025-08-05',2,'Thứ Ba',5,32,8,'Tháng 8',3,2025,'2025-08',0,0,NULL,'Hạ','Hè peak'),
('2025-08-06',3,'Thứ Tư',6,32,8,'Tháng 8',3,2025,'2025-08',0,0,NULL,'Hạ','Hè peak'),
('2025-08-07',4,'Thứ Năm',7,32,8,'Tháng 8',3,2025,'2025-08',0,0,NULL,'Hạ','Hè peak'),
('2025-08-08',5,'Thứ Sáu',8,32,8,'Tháng 8',3,2025,'2025-08',0,0,NULL,'Hạ','Hè peak'),
('2025-08-09',6,'Thứ Bảy',9,32,8,'Tháng 8',3,2025,'2025-08',1,0,NULL,'Hạ','Hè peak'),
('2025-08-10',7,'Chủ Nhật',10,32,8,'Tháng 8',3,2025,'2025-08',1,0,NULL,'Hạ','Hè peak'),
('2025-08-11',1,'Thứ Hai',11,33,8,'Tháng 8',3,2025,'2025-08',0,0,NULL,'Hạ','Hè peak'),
('2025-08-12',2,'Thứ Ba',12,33,8,'Tháng 8',3,2025,'2025-08',0,0,NULL,'Hạ','Hè peak'),
('2025-08-13',3,'Thứ Tư',13,33,8,'Tháng 8',3,2025,'2025-08',0,0,NULL,'Hạ','Hè peak'),
('2025-08-14',4,'Thứ Năm',14,33,8,'Tháng 8',3,2025,'2025-08',0,0,NULL,'Hạ','Hè peak'),
('2025-08-15',5,'Thứ Sáu',15,33,8,'Tháng 8',3,2025,'2025-08',0,0,NULL,'Hạ','Hè peak'),
('2025-08-16',6,'Thứ Bảy',16,33,8,'Tháng 8',3,2025,'2025-08',1,0,NULL,'Hạ','Hè peak'),
('2025-08-17',7,'Chủ Nhật',17,33,8,'Tháng 8',3,2025,'2025-08',1,0,NULL,'Hạ','Hè peak'),
('2025-08-18',1,'Thứ Hai',18,34,8,'Tháng 8',3,2025,'2025-08',0,0,NULL,'Hạ','Hè peak'),
('2025-08-19',2,'Thứ Ba',19,34,8,'Tháng 8',3,2025,'2025-08',0,0,NULL,'Hạ','Hè peak'),
('2025-08-20',3,'Thứ Tư',20,34,8,'Tháng 8',3,2025,'2025-08',0,0,NULL,'Hạ','Hè peak'),
('2025-08-21',4,'Thứ Năm',21,34,8,'Tháng 8',3,2025,'2025-08',0,0,NULL,'Hạ','Hè peak'),
('2025-08-22',5,'Thứ Sáu',22,34,8,'Tháng 8',3,2025,'2025-08',0,0,NULL,'Hạ','Hè peak'),
('2025-08-23',6,'Thứ Bảy',23,34,8,'Tháng 8',3,2025,'2025-08',1,0,NULL,'Hạ','Hè peak'),
('2025-08-24',7,'Chủ Nhật',24,34,8,'Tháng 8',3,2025,'2025-08',1,0,NULL,'Hạ','Hè peak'),
('2025-08-25',1,'Thứ Hai',25,35,8,'Tháng 8',3,2025,'2025-08',0,0,NULL,'Hạ','Hè peak'),
('2025-08-26',2,'Thứ Ba',26,35,8,'Tháng 8',3,2025,'2025-08',0,0,NULL,'Hạ','Hè peak'),
('2025-08-27',3,'Thứ Tư',27,35,8,'Tháng 8',3,2025,'2025-08',0,0,NULL,'Hạ','Hè peak'),
('2025-08-28',4,'Thứ Năm',28,35,8,'Tháng 8',3,2025,'2025-08',0,0,NULL,'Hạ','Hè peak'),
('2025-08-29',5,'Thứ Sáu',29,35,8,'Tháng 8',3,2025,'2025-08',0,0,NULL,'Hạ','Hè peak'),
('2025-08-30',6,'Thứ Bảy',30,35,8,'Tháng 8',3,2025,'2025-08',1,0,NULL,'Hạ','Hè peak'),
('2025-08-31',7,'Chủ Nhật',31,35,8,'Tháng 8',3,2025,'2025-08',1,0,NULL,'Hạ','Hè peak'),
('2025-09-01',1,'Thứ Hai',1,36,9,'Tháng 9',3,2025,'2025-09',0,0,NULL,'Thu','Off-peak'),
('2025-09-02',2,'Thứ Ba',2,36,9,'Tháng 9',3,2025,'2025-09',0,1,'Quốc Khánh','Thu','Lễ 2/9'),
('2025-09-03',3,'Thứ Tư',3,36,9,'Tháng 9',3,2025,'2025-09',0,1,'Quốc Khánh (bù)','Thu','Lễ 2/9'),
('2025-09-04',4,'Thứ Năm',4,36,9,'Tháng 9',3,2025,'2025-09',0,0,NULL,'Thu','Off-peak'),
('2025-09-05',5,'Thứ Sáu',5,36,9,'Tháng 9',3,2025,'2025-09',0,0,NULL,'Thu','Off-peak'),
('2025-09-06',6,'Thứ Bảy',6,36,9,'Tháng 9',3,2025,'2025-09',1,0,NULL,'Thu','Off-peak'),
('2025-09-07',7,'Chủ Nhật',7,36,9,'Tháng 9',3,2025,'2025-09',1,0,NULL,'Thu','Off-peak'),
('2025-09-08',1,'Thứ Hai',8,37,9,'Tháng 9',3,2025,'2025-09',0,0,NULL,'Thu','Off-peak'),
('2025-09-09',2,'Thứ Ba',9,37,9,'Tháng 9',3,2025,'2025-09',0,0,NULL,'Thu','Off-peak'),
('2025-09-10',3,'Thứ Tư',10,37,9,'Tháng 9',3,2025,'2025-09',0,0,NULL,'Thu','Off-peak'),
('2025-09-11',4,'Thứ Năm',11,37,9,'Tháng 9',3,2025,'2025-09',0,0,NULL,'Thu','Off-peak'),
('2025-09-12',5,'Thứ Sáu',12,37,9,'Tháng 9',3,2025,'2025-09',0,0,NULL,'Thu','Off-peak'),
('2025-09-13',6,'Thứ Bảy',13,37,9,'Tháng 9',3,2025,'2025-09',1,0,NULL,'Thu','Off-peak'),
('2025-09-14',7,'Chủ Nhật',14,37,9,'Tháng 9',3,2025,'2025-09',1,0,NULL,'Thu','Off-peak'),
('2025-09-15',1,'Thứ Hai',15,38,9,'Tháng 9',3,2025,'2025-09',0,0,NULL,'Thu','Off-peak'),
('2025-09-16',2,'Thứ Ba',16,38,9,'Tháng 9',3,2025,'2025-09',0,0,NULL,'Thu','Off-peak'),
('2025-09-17',3,'Thứ Tư',17,38,9,'Tháng 9',3,2025,'2025-09',0,0,NULL,'Thu','Off-peak'),
('2025-09-18',4,'Thứ Năm',18,38,9,'Tháng 9',3,2025,'2025-09',0,0,NULL,'Thu','Off-peak'),
('2025-09-19',5,'Thứ Sáu',19,38,9,'Tháng 9',3,2025,'2025-09',0,0,NULL,'Thu','Off-peak'),
('2025-09-20',6,'Thứ Bảy',20,38,9,'Tháng 9',3,2025,'2025-09',1,0,NULL,'Thu','Off-peak'),
('2025-09-21',7,'Chủ Nhật',21,38,9,'Tháng 9',3,2025,'2025-09',1,0,NULL,'Thu','Off-peak'),
('2025-09-22',1,'Thứ Hai',22,39,9,'Tháng 9',3,2025,'2025-09',0,0,NULL,'Thu','Off-peak'),
('2025-09-23',2,'Thứ Ba',23,39,9,'Tháng 9',3,2025,'2025-09',0,0,NULL,'Thu','Off-peak'),
('2025-09-24',3,'Thứ Tư',24,39,9,'Tháng 9',3,2025,'2025-09',0,0,NULL,'Thu','Off-peak'),
('2025-09-25',4,'Thứ Năm',25,39,9,'Tháng 9',3,2025,'2025-09',0,0,NULL,'Thu','Off-peak'),
('2025-09-26',5,'Thứ Sáu',26,39,9,'Tháng 9',3,2025,'2025-09',0,0,NULL,'Thu','Off-peak'),
('2025-09-27',6,'Thứ Bảy',27,39,9,'Tháng 9',3,2025,'2025-09',1,0,NULL,'Thu','Off-peak'),
('2025-09-28',7,'Chủ Nhật',28,39,9,'Tháng 9',3,2025,'2025-09',1,0,NULL,'Thu','Off-peak'),
('2025-09-29',1,'Thứ Hai',29,40,9,'Tháng 9',3,2025,'2025-09',0,0,NULL,'Thu','Off-peak'),
('2025-09-30',2,'Thứ Ba',30,40,9,'Tháng 9',3,2025,'2025-09',0,0,NULL,'Thu','Off-peak'),
('2025-10-01',3,'Thứ Tư',1,40,10,'Tháng 10',4,2025,'2025-10',0,0,NULL,'Thu','Mùa quốc tế'),
('2025-10-02',4,'Thứ Năm',2,40,10,'Tháng 10',4,2025,'2025-10',0,0,NULL,'Thu','Mùa quốc tế'),
('2025-10-03',5,'Thứ Sáu',3,40,10,'Tháng 10',4,2025,'2025-10',0,0,NULL,'Thu','Mùa quốc tế'),
('2025-10-04',6,'Thứ Bảy',4,40,10,'Tháng 10',4,2025,'2025-10',1,0,NULL,'Thu','Mùa quốc tế'),
('2025-10-05',7,'Chủ Nhật',5,40,10,'Tháng 10',4,2025,'2025-10',1,0,NULL,'Thu','Mùa quốc tế'),
('2025-10-06',1,'Thứ Hai',6,41,10,'Tháng 10',4,2025,'2025-10',0,0,NULL,'Thu','Mùa quốc tế'),
('2025-10-07',2,'Thứ Ba',7,41,10,'Tháng 10',4,2025,'2025-10',0,0,NULL,'Thu','Mùa quốc tế'),
('2025-10-08',3,'Thứ Tư',8,41,10,'Tháng 10',4,2025,'2025-10',0,0,NULL,'Thu','Mùa quốc tế'),
('2025-10-09',4,'Thứ Năm',9,41,10,'Tháng 10',4,2025,'2025-10',0,0,NULL,'Thu','Mùa quốc tế'),
('2025-10-10',5,'Thứ Sáu',10,41,10,'Tháng 10',4,2025,'2025-10',0,0,NULL,'Thu','Mùa quốc tế'),
('2025-10-11',6,'Thứ Bảy',11,41,10,'Tháng 10',4,2025,'2025-10',1,0,NULL,'Thu','Mùa quốc tế'),
('2025-10-12',7,'Chủ Nhật',12,41,10,'Tháng 10',4,2025,'2025-10',1,0,NULL,'Thu','Mùa quốc tế'),
('2025-10-13',1,'Thứ Hai',13,42,10,'Tháng 10',4,2025,'2025-10',0,0,NULL,'Thu','Mùa quốc tế');
INSERT INTO dim_calendar (date, day_of_week, day_name_vi, day_of_month, week_of_year, `month`, month_name_vi, quarter, `year`, ym, is_weekend, is_holiday, holiday_name_vi, season_vi, hospitality_period) VALUES
('2025-10-14',2,'Thứ Ba',14,42,10,'Tháng 10',4,2025,'2025-10',0,0,NULL,'Thu','Mùa quốc tế'),
('2025-10-15',3,'Thứ Tư',15,42,10,'Tháng 10',4,2025,'2025-10',0,0,NULL,'Thu','Mùa quốc tế'),
('2025-10-16',4,'Thứ Năm',16,42,10,'Tháng 10',4,2025,'2025-10',0,0,NULL,'Thu','Mùa quốc tế'),
('2025-10-17',5,'Thứ Sáu',17,42,10,'Tháng 10',4,2025,'2025-10',0,0,NULL,'Thu','Mùa quốc tế'),
('2025-10-18',6,'Thứ Bảy',18,42,10,'Tháng 10',4,2025,'2025-10',1,0,NULL,'Thu','Mùa quốc tế'),
('2025-10-19',7,'Chủ Nhật',19,42,10,'Tháng 10',4,2025,'2025-10',1,0,NULL,'Thu','Mùa quốc tế'),
('2025-10-20',1,'Thứ Hai',20,43,10,'Tháng 10',4,2025,'2025-10',0,0,NULL,'Thu','Mùa quốc tế'),
('2025-10-21',2,'Thứ Ba',21,43,10,'Tháng 10',4,2025,'2025-10',0,0,NULL,'Thu','Mùa quốc tế'),
('2025-10-22',3,'Thứ Tư',22,43,10,'Tháng 10',4,2025,'2025-10',0,0,NULL,'Thu','Mùa quốc tế'),
('2025-10-23',4,'Thứ Năm',23,43,10,'Tháng 10',4,2025,'2025-10',0,0,NULL,'Thu','Mùa quốc tế'),
('2025-10-24',5,'Thứ Sáu',24,43,10,'Tháng 10',4,2025,'2025-10',0,0,NULL,'Thu','Mùa quốc tế'),
('2025-10-25',6,'Thứ Bảy',25,43,10,'Tháng 10',4,2025,'2025-10',1,0,NULL,'Thu','Mùa quốc tế'),
('2025-10-26',7,'Chủ Nhật',26,43,10,'Tháng 10',4,2025,'2025-10',1,0,NULL,'Thu','Mùa quốc tế'),
('2025-10-27',1,'Thứ Hai',27,44,10,'Tháng 10',4,2025,'2025-10',0,0,NULL,'Thu','Mùa quốc tế'),
('2025-10-28',2,'Thứ Ba',28,44,10,'Tháng 10',4,2025,'2025-10',0,0,NULL,'Thu','Mùa quốc tế'),
('2025-10-29',3,'Thứ Tư',29,44,10,'Tháng 10',4,2025,'2025-10',0,0,NULL,'Thu','Mùa quốc tế'),
('2025-10-30',4,'Thứ Năm',30,44,10,'Tháng 10',4,2025,'2025-10',0,0,NULL,'Thu','Mùa quốc tế'),
('2025-10-31',5,'Thứ Sáu',31,44,10,'Tháng 10',4,2025,'2025-10',0,0,NULL,'Thu','Mùa quốc tế'),
('2025-11-01',6,'Thứ Bảy',1,44,11,'Tháng 11',4,2025,'2025-11',1,0,NULL,'Thu','Mùa quốc tế'),
('2025-11-02',7,'Chủ Nhật',2,44,11,'Tháng 11',4,2025,'2025-11',1,0,NULL,'Thu','Mùa quốc tế'),
('2025-11-03',1,'Thứ Hai',3,45,11,'Tháng 11',4,2025,'2025-11',0,0,NULL,'Thu','Mùa quốc tế'),
('2025-11-04',2,'Thứ Ba',4,45,11,'Tháng 11',4,2025,'2025-11',0,0,NULL,'Thu','Mùa quốc tế'),
('2025-11-05',3,'Thứ Tư',5,45,11,'Tháng 11',4,2025,'2025-11',0,0,NULL,'Thu','Mùa quốc tế'),
('2025-11-06',4,'Thứ Năm',6,45,11,'Tháng 11',4,2025,'2025-11',0,0,NULL,'Thu','Mùa quốc tế'),
('2025-11-07',5,'Thứ Sáu',7,45,11,'Tháng 11',4,2025,'2025-11',0,0,NULL,'Thu','Mùa quốc tế'),
('2025-11-08',6,'Thứ Bảy',8,45,11,'Tháng 11',4,2025,'2025-11',1,0,NULL,'Thu','Mùa quốc tế'),
('2025-11-09',7,'Chủ Nhật',9,45,11,'Tháng 11',4,2025,'2025-11',1,0,NULL,'Thu','Mùa quốc tế'),
('2025-11-10',1,'Thứ Hai',10,46,11,'Tháng 11',4,2025,'2025-11',0,0,NULL,'Thu','Mùa quốc tế'),
('2025-11-11',2,'Thứ Ba',11,46,11,'Tháng 11',4,2025,'2025-11',0,0,NULL,'Thu','Mùa quốc tế'),
('2025-11-12',3,'Thứ Tư',12,46,11,'Tháng 11',4,2025,'2025-11',0,0,NULL,'Thu','Mùa quốc tế'),
('2025-11-13',4,'Thứ Năm',13,46,11,'Tháng 11',4,2025,'2025-11',0,0,NULL,'Thu','Mùa quốc tế'),
('2025-11-14',5,'Thứ Sáu',14,46,11,'Tháng 11',4,2025,'2025-11',0,0,NULL,'Thu','Mùa quốc tế'),
('2025-11-15',6,'Thứ Bảy',15,46,11,'Tháng 11',4,2025,'2025-11',1,0,NULL,'Thu','Mùa quốc tế'),
('2025-11-16',7,'Chủ Nhật',16,46,11,'Tháng 11',4,2025,'2025-11',1,0,NULL,'Thu','Mùa quốc tế'),
('2025-11-17',1,'Thứ Hai',17,47,11,'Tháng 11',4,2025,'2025-11',0,0,NULL,'Thu','Mùa quốc tế'),
('2025-11-18',2,'Thứ Ba',18,47,11,'Tháng 11',4,2025,'2025-11',0,0,NULL,'Thu','Mùa quốc tế'),
('2025-11-19',3,'Thứ Tư',19,47,11,'Tháng 11',4,2025,'2025-11',0,0,NULL,'Thu','Mùa quốc tế'),
('2025-11-20',4,'Thứ Năm',20,47,11,'Tháng 11',4,2025,'2025-11',0,0,NULL,'Thu','Mùa quốc tế'),
('2025-11-21',5,'Thứ Sáu',21,47,11,'Tháng 11',4,2025,'2025-11',0,0,NULL,'Thu','Mùa quốc tế'),
('2025-11-22',6,'Thứ Bảy',22,47,11,'Tháng 11',4,2025,'2025-11',1,0,NULL,'Thu','Mùa quốc tế'),
('2025-11-23',7,'Chủ Nhật',23,47,11,'Tháng 11',4,2025,'2025-11',1,0,NULL,'Thu','Mùa quốc tế'),
('2025-11-24',1,'Thứ Hai',24,48,11,'Tháng 11',4,2025,'2025-11',0,0,NULL,'Thu','Mùa quốc tế'),
('2025-11-25',2,'Thứ Ba',25,48,11,'Tháng 11',4,2025,'2025-11',0,0,NULL,'Thu','Mùa quốc tế'),
('2025-11-26',3,'Thứ Tư',26,48,11,'Tháng 11',4,2025,'2025-11',0,0,NULL,'Thu','Mùa quốc tế'),
('2025-11-27',4,'Thứ Năm',27,48,11,'Tháng 11',4,2025,'2025-11',0,0,NULL,'Thu','Mùa quốc tế'),
('2025-11-28',5,'Thứ Sáu',28,48,11,'Tháng 11',4,2025,'2025-11',0,0,NULL,'Thu','Mùa quốc tế'),
('2025-11-29',6,'Thứ Bảy',29,48,11,'Tháng 11',4,2025,'2025-11',1,0,NULL,'Thu','Mùa quốc tế'),
('2025-11-30',7,'Chủ Nhật',30,48,11,'Tháng 11',4,2025,'2025-11',1,0,NULL,'Thu','Mùa quốc tế');
